study,participant_id,arm,condition_id,item,value,E_sub,E_info,E_func,E_selfID,E_transition,condition_role,position,attention_pass
catman_pilot_v1,P072,judgment,C06,j_identity,6,human,retain,retain,affirm,discontinuous,standard,1,1
catman_pilot_v1,P072,judgment,C06,j_likeness,7,human,retain,retain,affirm,discontinuous,standard,1,1
catman_pilot_v1,P072,judgment,C06,j_relationship,6,human,retain,retain,affirm,discontinuous,standard,1,1
catman_pilot_v1,P072,judgment,C06,j_obligation,7,human,retain,retain,affirm,discontinuous,standard,1,1
catman_pilot_v1,P072,judgment,C06,j_treatment,6,human,retain,retain,affirm,discontinuous,standard,1,1
catman_pilot_v1,P072,judgment,C01,j_identity,7,human,retain,retain,affirm,continuous,standard,2,1
catman_pilot_v1,P072,judgment,C01,j_likeness,7,human,retain,retain,affirm,continuous,standard,2,1
catman_pilot_v1,P072,judgment,C01,j_relationship,7,human,retain,retain,affirm,continuous,standard,2,1
catman_pilot_v1,P072,judgment,C01,j_obligation,7,human,retain,retain,affirm,continuous,standard,2,1
catman_pilot_v1,P072,judgment,C01,j_treatment,7,human,retain,retain,affirm,continuous,standard,2,1
catman_pilot_v1,P072,judgment,C07,j_identity,5,cat,retain,retain,affirm,discontinuous,standard,3,1
catman_pilot_v1,P072,judgment,C07,j_likeness,6,cat,retain,retain,affirm,discontinuous,standard,3,1
catman_pilot_v1,P072,judgment,C07,j_relationship,6,cat,retain,retain,affirm,discontinuous,standard,3,1
catman_pilot_v1,P072,judgment,C07,j_obligation,7,cat,retain,retain,affirm,discontinuous,standard,3,1
catman_pilot_v1,P072,judgment,C07,j_treatment,5,cat,retain,retain,affirm,discontinuous,standard,3,1
catman_pilot_v1,P072,judgment,C05,j_identity,7,human,retain,retain,uncertain,continuous,standard,4,1
catman_pilot_v1,P072,judgment,C05,j_likeness,7,human,retain,retain,uncertain,continuous,standard,4,1
catman_pilot_v1,P072,judgment,C05,j_relationship,7,human,retain,retain,uncertain,continuous,standard,4,1
catman_pilot_v1,P072,judgment,C05,j_obligation,7,human,retain,retain,uncertain,continuous,standard,4,1
catman_pilot_v1,P072,judgment,C05,j_treatment,7,human,retain,retain,uncertain,continuous,standard,4,1
catman_pilot_v1,P072,judgment,C04,j_identity,7,human,retain,limited,affirm,continuous,standard,5,1
catman_pilot_v1,P072,judgment,C04,j_likeness,6,human,retain,limited,affirm,continuous,standard,5,1
catman_pilot_v1,P072,judgment,C04,j_relationship,7,human,retain,limited,affirm,continuous,standard,5,1
catman_pilot_v1,P072,judgment,C04,j_obligation,7,human,retain,limited,affirm,continuous,standard,5,1
catman_pilot_v1,P072,judgment,C04,j_treatment,6,human,retain,limited,affirm,continuous,standard,5,1
catman_pilot_v1,P072,judgment,C02,j_identity,6,cat,retain,retain,affirm,continuous,standard,6,1
catman_pilot_v1,P072,judgment,C02,j_likeness,6,cat,retain,retain,affirm,continuous,standard,6,1
catman_pilot_v1,P072,judgment,C02,j_relationship,7,cat,retain,retain,affirm,continuous,standard,6,1
catman_pilot_v1,P072,judgment,C02,j_obligation,7,cat,retain,retain,affirm,continuous,standard,6,1
catman_pilot_v1,P072,judgment,C02,j_treatment,6,cat,retain,retain,affirm,continuous,standard,6,1
catman_pilot_v1,P072,judgment,C03,j_identity,4,human,lost,retain,affirm,continuous,standard,7,1
catman_pilot_v1,P072,judgment,C03,j_likeness,5,human,lost,retain,affirm,continuous,standard,7,1
catman_pilot_v1,P072,judgment,C03,j_relationship,4,human,lost,retain,affirm,continuous,standard,7,1
catman_pilot_v1,P072,judgment,C03,j_obligation,4,human,lost,retain,affirm,continuous,standard,7,1
catman_pilot_v1,P072,judgment,C03,j_treatment,4,human,lost,retain,affirm,continuous,standard,7,1
catman_pilot_v1,P072,judgment,A10,j_ab,7,cat,retain,retain,affirm,parallel,anchor,8,1
catman_pilot_v1,P072,judgment,A10,j_ac,6,cat,retain,retain,affirm,parallel,anchor,8,1
catman_pilot_v1,P072,judgment,A10,j_bc,2,cat,retain,retain,affirm,parallel,anchor,8,1
catman_pilot_v1,P072,judgment,A10,j_excl,7,cat,retain,retain,affirm,parallel,anchor,8,1
catman_pilot_v1,P072,judgment,A10,j_relationship,6,cat,retain,retain,affirm,parallel,anchor,8,1
catman_pilot_v1,P072,judgment,A10,j_obligation,7,cat,retain,retain,affirm,parallel,anchor,8,1
catman_pilot_v1,P072,judgment,A10,j_treatment,6,cat,retain,retain,affirm,parallel,anchor,8,1
catman_pilot_v1,P072,judgment,C08,j_identity,4,human,lost,retain,affirm,discontinuous,standard,9,1
catman_pilot_v1,P072,judgment,C08,j_likeness,5,human,lost,retain,affirm,discontinuous,standard,9,1
catman_pilot_v1,P072,judgment,C08,j_relationship,4,human,lost,retain,affirm,discontinuous,standard,9,1
catman_pilot_v1,P072,judgment,C08,j_obligation,4,human,lost,retain,affirm,discontinuous,standard,9,1
catman_pilot_v1,P072,judgment,C08,j_treatment,4,human,lost,retain,affirm,discontinuous,standard,9,1
catman_pilot_v1,P072,judgment,A09,j_identity,7,human,retain,retain,deny,continuous,anchor,10,1
catman_pilot_v1,P072,judgment,A09,j_likeness,7,human,retain,retain,deny,continuous,anchor,10,1
catman_pilot_v1,P072,judgment,A09,j_relationship,7,human,retain,retain,deny,continuous,anchor,10,1
catman_pilot_v1,P072,judgment,A09,j_obligation,7,human,retain,retain,deny,continuous,anchor,10,1
catman_pilot_v1,P072,judgment,A09,j_treatment,6,human,retain,retain,deny,continuous,anchor,10,1
catman_pilot_v1,P072,judgment,A09,v_epistemic,2,human,retain,retain,deny,continuous,anchor,10,1
catman_pilot_v1,P072,judgment,A09,v_normative,6,human,retain,retain,deny,continuous,anchor,10,1
catman_pilot_v1,P080,judgment,C02,j_identity,6,cat,retain,retain,affirm,continuous,standard,1,0
catman_pilot_v1,P080,judgment,C02,j_likeness,5,cat,retain,retain,affirm,continuous,standard,1,0
catman_pilot_v1,P080,judgment,C02,j_relationship,5,cat,retain,retain,affirm,continuous,standard,1,0
catman_pilot_v1,P080,judgment,C02,j_obligation,4,cat,retain,retain,affirm,continuous,standard,1,0
catman_pilot_v1,P080,judgment,C02,j_treatment,6,cat,retain,retain,affirm,continuous,standard,1,0
catman_pilot_v1,P080,judgment,C05,j_identity,5,human,retain,retain,uncertain,continuous,standard,2,0
catman_pilot_v1,P080,judgment,C05,j_likeness,6,human,retain,retain,uncertain,continuous,standard,2,0
catman_pilot_v1,P080,judgment,C05,j_relationship,6,human,retain,retain,uncertain,continuous,standard,2,0
catman_pilot_v1,P080,judgment,C05,j_obligation,5,human,retain,retain,uncertain,continuous,standard,2,0
catman_pilot_v1,P080,judgment,C05,j_treatment,4,human,retain,retain,uncertain,continuous,standard,2,0
catman_pilot_v1,P080,judgment,C04,j_identity,5,human,retain,limited,affirm,continuous,standard,3,0
catman_pilot_v1,P080,judgment,C04,j_likeness,6,human,retain,limited,affirm,continuous,standard,3,0
catman_pilot_v1,P080,judgment,C04,j_relationship,5,human,retain,limited,affirm,continuous,standard,3,0
catman_pilot_v1,P080,judgment,C04,j_obligation,5,human,retain,limited,affirm,continuous,standard,3,0
catman_pilot_v1,P080,judgment,C04,j_treatment,6,human,retain,limited,affirm,continuous,standard,3,0
catman_pilot_v1,P080,judgment,C06,j_identity,5,human,retain,retain,affirm,discontinuous,standard,4,0
catman_pilot_v1,P080,judgment,C06,j_likeness,4,human,retain,retain,affirm,discontinuous,standard,4,0
catman_pilot_v1,P080,judgment,C06,j_relationship,4,human,retain,retain,affirm,discontinuous,standard,4,0
catman_pilot_v1,P080,judgment,C06,j_obligation,5,human,retain,retain,affirm,discontinuous,standard,4,0
catman_pilot_v1,P080,judgment,C06,j_treatment,4,human,retain,retain,affirm,discontinuous,standard,4,0
catman_pilot_v1,P080,judgment,C08,j_identity,6,human,lost,retain,affirm,discontinuous,standard,5,0
catman_pilot_v1,P080,judgment,C08,j_likeness,4,human,lost,retain,affirm,discontinuous,standard,5,0
catman_pilot_v1,P080,judgment,C08,j_relationship,6,human,lost,retain,affirm,discontinuous,standard,5,0
catman_pilot_v1,P080,judgment,C08,j_obligation,6,human,lost,retain,affirm,discontinuous,standard,5,0
catman_pilot_v1,P080,judgment,C08,j_treatment,5,human,lost,retain,affirm,discontinuous,standard,5,0
catman_pilot_v1,P080,judgment,C07,j_identity,6,cat,retain,retain,affirm,discontinuous,standard,6,0
catman_pilot_v1,P080,judgment,C07,j_likeness,5,cat,retain,retain,affirm,discontinuous,standard,6,0
catman_pilot_v1,P080,judgment,C07,j_relationship,6,cat,retain,retain,affirm,discontinuous,standard,6,0
catman_pilot_v1,P080,judgment,C07,j_obligation,6,cat,retain,retain,affirm,discontinuous,standard,6,0
catman_pilot_v1,P080,judgment,C07,j_treatment,5,cat,retain,retain,affirm,discontinuous,standard,6,0
catman_pilot_v1,P080,judgment,C03,j_identity,6,human,lost,retain,affirm,continuous,standard,7,0
catman_pilot_v1,P080,judgment,C03,j_likeness,6,human,lost,retain,affirm,continuous,standard,7,0
catman_pilot_v1,P080,judgment,C03,j_relationship,5,human,lost,retain,affirm,continuous,standard,7,0
catman_pilot_v1,P080,judgment,C03,j_obligation,5,human,lost,retain,affirm,continuous,standard,7,0
catman_pilot_v1,P080,judgment,C03,j_treatment,4,human,lost,retain,affirm,continuous,standard,7,0
catman_pilot_v1,P080,judgment,A09,j_identity,5,human,retain,retain,deny,continuous,anchor,8,0
catman_pilot_v1,P080,judgment,A09,j_likeness,5,human,retain,retain,deny,continuous,anchor,8,0
catman_pilot_v1,P080,judgment,A09,j_relationship,4,human,retain,retain,deny,continuous,anchor,8,0
catman_pilot_v1,P080,judgment,A09,j_obligation,3,human,retain,retain,deny,continuous,anchor,8,0
catman_pilot_v1,P080,judgment,A09,j_treatment,4,human,retain,retain,deny,continuous,anchor,8,0
catman_pilot_v1,P080,judgment,A09,v_epistemic,5,human,retain,retain,deny,continuous,anchor,8,0
catman_pilot_v1,P080,judgment,A09,v_normative,6,human,retain,retain,deny,continuous,anchor,8,0
catman_pilot_v1,P080,judgment,A10,j_ab,6,cat,retain,retain,affirm,parallel,anchor,9,0
catman_pilot_v1,P080,judgment,A10,j_ac,4,cat,retain,retain,affirm,parallel,anchor,9,0
catman_pilot_v1,P080,judgment,A10,j_bc,5,cat,retain,retain,affirm,parallel,anchor,9,0
catman_pilot_v1,P080,judgment,A10,j_excl,5,cat,retain,retain,affirm,parallel,anchor,9,0
catman_pilot_v1,P080,judgment,A10,j_relationship,6,cat,retain,retain,affirm,parallel,anchor,9,0
catman_pilot_v1,P080,judgment,A10,j_obligation,5,cat,retain,retain,affirm,parallel,anchor,9,0
catman_pilot_v1,P080,judgment,A10,j_treatment,4,cat,retain,retain,affirm,parallel,anchor,9,0
catman_pilot_v1,P080,judgment,C01,j_identity,6,human,retain,retain,affirm,continuous,standard,10,0
catman_pilot_v1,P080,judgment,C01,j_likeness,5,human,retain,retain,affirm,continuous,standard,10,0
catman_pilot_v1,P080,judgment,C01,j_relationship,5,human,retain,retain,affirm,continuous,standard,10,0
catman_pilot_v1,P080,judgment,C01,j_obligation,6,human,retain,retain,affirm,continuous,standard,10,0
catman_pilot_v1,P080,judgment,C01,j_treatment,7,human,retain,retain,affirm,continuous,standard,10,0
catman_pilot_v1,P084,judgment,C02,j_identity,7,cat,retain,retain,affirm,continuous,standard,1,1
catman_pilot_v1,P084,judgment,C02,j_likeness,7,cat,retain,retain,affirm,continuous,standard,1,1
catman_pilot_v1,P084,judgment,C02,j_relationship,7,cat,retain,retain,affirm,continuous,standard,1,1
catman_pilot_v1,P084,judgment,C02,j_obligation,7,cat,retain,retain,affirm,continuous,standard,1,1
catman_pilot_v1,P084,judgment,C02,j_treatment,7,cat,retain,retain,affirm,continuous,standard,1,1
catman_pilot_v1,P084,judgment,C07,j_identity,5,cat,retain,retain,affirm,discontinuous,standard,2,1
catman_pilot_v1,P084,judgment,C07,j_likeness,7,cat,retain,retain,affirm,discontinuous,standard,2,1
catman_pilot_v1,P084,judgment,C07,j_relationship,6,cat,retain,retain,affirm,discontinuous,standard,2,1
catman_pilot_v1,P084,judgment,C07,j_obligation,7,cat,retain,retain,affirm,discontinuous,standard,2,1
catman_pilot_v1,P084,judgment,C07,j_treatment,6,cat,retain,retain,affirm,discontinuous,standard,2,1
catman_pilot_v1,P084,judgment,C05,j_identity,7,human,retain,retain,uncertain,continuous,standard,3,1
catman_pilot_v1,P084,judgment,C05,j_likeness,7,human,retain,retain,uncertain,continuous,standard,3,1
catman_pilot_v1,P084,judgment,C05,j_relationship,7,human,retain,retain,uncertain,continuous,standard,3,1
catman_pilot_v1,P084,judgment,C05,j_obligation,7,human,retain,retain,uncertain,continuous,standard,3,1
catman_pilot_v1,P084,judgment,C05,j_treatment,7,human,retain,retain,uncertain,continuous,standard,3,1
catman_pilot_v1,P084,judgment,C06,j_identity,6,human,retain,retain,affirm,discontinuous,standard,4,1
catman_pilot_v1,P084,judgment,C06,j_likeness,7,human,retain,retain,affirm,discontinuous,standard,4,1
catman_pilot_v1,P084,judgment,C06,j_relationship,6,human,retain,retain,affirm,discontinuous,standard,4,1
catman_pilot_v1,P084,judgment,C06,j_obligation,7,human,retain,retain,affirm,discontinuous,standard,4,1
catman_pilot_v1,P084,judgment,C06,j_treatment,6,human,retain,retain,affirm,discontinuous,standard,4,1
catman_pilot_v1,P084,judgment,A10,j_ab,7,cat,retain,retain,affirm,parallel,anchor,5,1
catman_pilot_v1,P084,judgment,A10,j_ac,4,cat,retain,retain,affirm,parallel,anchor,5,1
catman_pilot_v1,P084,judgment,A10,j_bc,2,cat,retain,retain,affirm,parallel,anchor,5,1
catman_pilot_v1,P084,judgment,A10,j_excl,6,cat,retain,retain,affirm,parallel,anchor,5,1
catman_pilot_v1,P084,judgment,A10,j_relationship,4,cat,retain,retain,affirm,parallel,anchor,5,1
catman_pilot_v1,P084,judgment,A10,j_obligation,5,cat,retain,retain,affirm,parallel,anchor,5,1
catman_pilot_v1,P084,judgment,A10,j_treatment,4,cat,retain,retain,affirm,parallel,anchor,5,1
catman_pilot_v1,P084,judgment,C08,j_identity,3,human,lost,retain,affirm,discontinuous,standard,6,1
catman_pilot_v1,P084,judgment,C08,j_likeness,3,human,lost,retain,affirm,discontinuous,standard,6,1
catman_pilot_v1,P084,judgment,C08,j_relationship,3,human,lost,retain,affirm,discontinuous,standard,6,1
catman_pilot_v1,P084,judgment,C08,j_obligation,3,human,lost,retain,affirm,discontinuous,standard,6,1
catman_pilot_v1,P084,judgment,C08,j_treatment,3,human,lost,retain,affirm,discontinuous,standard,6,1
catman_pilot_v1,P084,judgment,C03,j_identity,4,human,lost,retain,affirm,continuous,standard,7,1
catman_pilot_v1,P084,judgment,C03,j_likeness,4,human,lost,retain,affirm,continuous,standard,7,1
catman_pilot_v1,P084,judgment,C03,j_relationship,4,human,lost,retain,affirm,continuous,standard,7,1
catman_pilot_v1,P084,judgment,C03,j_obligation,4,human,lost,retain,affirm,continuous,standard,7,1
catman_pilot_v1,P084,judgment,C03,j_treatment,4,human,lost,retain,affirm,continuous,standard,7,1
catman_pilot_v1,P084,judgment,C01,j_identity,7,human,retain,retain,affirm,continuous,standard,8,1
catman_pilot_v1,P084,judgment,C01,j_likeness,7,human,retain,retain,affirm,continuous,standard,8,1
catman_pilot_v1,P084,judgment,C01,j_relationship,7,human,retain,retain,affirm,continuous,standard,8,1
catman_pilot_v1,P084,judgment,C01,j_obligation,7,human,retain,retain,affirm,continuous,standard,8,1
catman_pilot_v1,P084,judgment,C01,j_treatment,7,human,retain,retain,affirm,continuous,standard,8,1
catman_pilot_v1,P084,judgment,A09,j_identity,7,human,retain,retain,deny,continuous,anchor,9,1
catman_pilot_v1,P084,judgment,A09,j_likeness,7,human,retain,retain,deny,continuous,anchor,9,1
catman_pilot_v1,P084,judgment,A09,j_relationship,7,human,retain,retain,deny,continuous,anchor,9,1
catman_pilot_v1,P084,judgment,A09,j_obligation,7,human,retain,retain,deny,continuous,anchor,9,1
catman_pilot_v1,P084,judgment,A09,j_treatment,6,human,retain,retain,deny,continuous,anchor,9,1
catman_pilot_v1,P084,judgment,A09,v_epistemic,2,human,retain,retain,deny,continuous,anchor,9,1
catman_pilot_v1,P084,judgment,A09,v_normative,5,human,retain,retain,deny,continuous,anchor,9,1
catman_pilot_v1,P084,judgment,C04,j_identity,7,human,retain,limited,affirm,continuous,standard,10,1
catman_pilot_v1,P084,judgment,C04,j_likeness,6,human,retain,limited,affirm,continuous,standard,10,1
catman_pilot_v1,P084,judgment,C04,j_relationship,7,human,retain,limited,affirm,continuous,standard,10,1
catman_pilot_v1,P084,judgment,C04,j_obligation,7,human,retain,limited,affirm,continuous,standard,10,1
catman_pilot_v1,P084,judgment,C04,j_treatment,7,human,retain,limited,affirm,continuous,standard,10,1
catman_pilot_v1,P065,judgment,C06,j_identity,6,human,retain,retain,affirm,discontinuous,standard,1,0
catman_pilot_v1,P065,judgment,C06,j_likeness,5,human,retain,retain,affirm,discontinuous,standard,1,0
catman_pilot_v1,P065,judgment,C06,j_relationship,7,human,retain,retain,affirm,discontinuous,standard,1,0
catman_pilot_v1,P065,judgment,C06,j_obligation,6,human,retain,retain,affirm,discontinuous,standard,1,0
catman_pilot_v1,P065,judgment,C06,j_treatment,7,human,retain,retain,affirm,discontinuous,standard,1,0
catman_pilot_v1,P065,judgment,C08,j_identity,5,human,lost,retain,affirm,discontinuous,standard,2,0
catman_pilot_v1,P065,judgment,C08,j_likeness,6,human,lost,retain,affirm,discontinuous,standard,2,0
catman_pilot_v1,P065,judgment,C08,j_relationship,5,human,lost,retain,affirm,discontinuous,standard,2,0
catman_pilot_v1,P065,judgment,C08,j_obligation,6,human,lost,retain,affirm,discontinuous,standard,2,0
catman_pilot_v1,P065,judgment,C08,j_treatment,5,human,lost,retain,affirm,discontinuous,standard,2,0
catman_pilot_v1,P065,judgment,C07,j_identity,4,cat,retain,retain,affirm,discontinuous,standard,3,0
catman_pilot_v1,P065,judgment,C07,j_likeness,5,cat,retain,retain,affirm,discontinuous,standard,3,0
catman_pilot_v1,P065,judgment,C07,j_relationship,7,cat,retain,retain,affirm,discontinuous,standard,3,0
catman_pilot_v1,P065,judgment,C07,j_obligation,6,cat,retain,retain,affirm,discontinuous,standard,3,0
catman_pilot_v1,P065,judgment,C07,j_treatment,5,cat,retain,retain,affirm,discontinuous,standard,3,0
catman_pilot_v1,P065,judgment,C03,j_identity,7,human,lost,retain,affirm,continuous,standard,4,0
catman_pilot_v1,P065,judgment,C03,j_likeness,6,human,lost,retain,affirm,continuous,standard,4,0
catman_pilot_v1,P065,judgment,C03,j_relationship,7,human,lost,retain,affirm,continuous,standard,4,0
catman_pilot_v1,P065,judgment,C03,j_obligation,6,human,lost,retain,affirm,continuous,standard,4,0
catman_pilot_v1,P065,judgment,C03,j_treatment,7,human,lost,retain,affirm,continuous,standard,4,0
catman_pilot_v1,P065,judgment,C05,j_identity,5,human,retain,retain,uncertain,continuous,standard,5,0
catman_pilot_v1,P065,judgment,C05,j_likeness,6,human,retain,retain,uncertain,continuous,standard,5,0
catman_pilot_v1,P065,judgment,C05,j_relationship,6,human,retain,retain,uncertain,continuous,standard,5,0
catman_pilot_v1,P065,judgment,C05,j_obligation,5,human,retain,retain,uncertain,continuous,standard,5,0
catman_pilot_v1,P065,judgment,C05,j_treatment,6,human,retain,retain,uncertain,continuous,standard,5,0
catman_pilot_v1,P065,judgment,A10,j_ab,6,cat,retain,retain,affirm,parallel,anchor,6,0
catman_pilot_v1,P065,judgment,A10,j_ac,5,cat,retain,retain,affirm,parallel,anchor,6,0
catman_pilot_v1,P065,judgment,A10,j_bc,6,cat,retain,retain,affirm,parallel,anchor,6,0
catman_pilot_v1,P065,judgment,A10,j_excl,5,cat,retain,retain,affirm,parallel,anchor,6,0
catman_pilot_v1,P065,judgment,A10,j_relationship,6,cat,retain,retain,affirm,parallel,anchor,6,0
catman_pilot_v1,P065,judgment,A10,j_obligation,5,cat,retain,retain,affirm,parallel,anchor,6,0
catman_pilot_v1,P065,judgment,A10,j_treatment,6,cat,retain,retain,affirm,parallel,anchor,6,0
catman_pilot_v1,P065,judgment,C01,j_identity,3,human,retain,retain,affirm,continuous,standard,7,0
catman_pilot_v1,P065,judgment,C01,j_likeness,4,human,retain,retain,affirm,continuous,standard,7,0
catman_pilot_v1,P065,judgment,C01,j_relationship,3,human,retain,retain,affirm,continuous,standard,7,0
catman_pilot_v1,P065,judgment,C01,j_obligation,2,human,retain,retain,affirm,continuous,standard,7,0
catman_pilot_v1,P065,judgment,C01,j_treatment,3,human,retain,retain,affirm,continuous,standard,7,0
catman_pilot_v1,P065,judgment,C04,j_identity,4,human,retain,limited,affirm,continuous,standard,8,0
catman_pilot_v1,P065,judgment,C04,j_likeness,3,human,retain,limited,affirm,continuous,standard,8,0
catman_pilot_v1,P065,judgment,C04,j_relationship,5,human,retain,limited,affirm,continuous,standard,8,0
catman_pilot_v1,P065,judgment,C04,j_obligation,4,human,retain,limited,affirm,continuous,standard,8,0
catman_pilot_v1,P065,judgment,C04,j_treatment,3,human,retain,limited,affirm,continuous,standard,8,0
catman_pilot_v1,P065,judgment,A09,j_identity,2,human,retain,retain,deny,continuous,anchor,9,0
catman_pilot_v1,P065,judgment,A09,j_likeness,3,human,retain,retain,deny,continuous,anchor,9,0
catman_pilot_v1,P065,judgment,A09,j_relationship,2,human,retain,retain,deny,continuous,anchor,9,0
catman_pilot_v1,P065,judgment,A09,j_obligation,1,human,retain,retain,deny,continuous,anchor,9,0
catman_pilot_v1,P065,judgment,A09,j_treatment,2,human,retain,retain,deny,continuous,anchor,9,0
catman_pilot_v1,P065,judgment,A09,v_epistemic,5,human,retain,retain,deny,continuous,anchor,9,0
catman_pilot_v1,P065,judgment,A09,v_normative,2,human,retain,retain,deny,continuous,anchor,9,0
catman_pilot_v1,P065,judgment,C02,j_identity,6,cat,retain,retain,affirm,continuous,standard,10,0
catman_pilot_v1,P065,judgment,C02,j_likeness,7,cat,retain,retain,affirm,continuous,standard,10,0
catman_pilot_v1,P065,judgment,C02,j_relationship,6,cat,retain,retain,affirm,continuous,standard,10,0
catman_pilot_v1,P065,judgment,C02,j_obligation,7,cat,retain,retain,affirm,continuous,standard,10,0
catman_pilot_v1,P065,judgment,C02,j_treatment,6,cat,retain,retain,affirm,continuous,standard,10,0
catman_pilot_v1,P008,judgment,C01,j_identity,6,human,retain,retain,affirm,continuous,standard,1,1
catman_pilot_v1,P008,judgment,C01,j_likeness,6,human,retain,retain,affirm,continuous,standard,1,1
catman_pilot_v1,P008,judgment,C01,j_relationship,7,human,retain,retain,affirm,continuous,standard,1,1
catman_pilot_v1,P008,judgment,C01,j_obligation,4,human,retain,retain,affirm,continuous,standard,1,1
catman_pilot_v1,P008,judgment,C01,j_treatment,5,human,retain,retain,affirm,continuous,standard,1,1
catman_pilot_v1,P008,judgment,C07,j_identity,4,cat,retain,retain,affirm,discontinuous,standard,2,1
catman_pilot_v1,P008,judgment,C07,j_likeness,5,cat,retain,retain,affirm,discontinuous,standard,2,1
catman_pilot_v1,P008,judgment,C07,j_relationship,6,cat,retain,retain,affirm,discontinuous,standard,2,1
catman_pilot_v1,P008,judgment,C07,j_obligation,4,cat,retain,retain,affirm,discontinuous,standard,2,1
catman_pilot_v1,P008,judgment,C07,j_treatment,4,cat,retain,retain,affirm,discontinuous,standard,2,1
catman_pilot_v1,P008,judgment,C08,j_identity,3,human,lost,retain,affirm,discontinuous,standard,3,1
catman_pilot_v1,P008,judgment,C08,j_likeness,3,human,lost,retain,affirm,discontinuous,standard,3,1
catman_pilot_v1,P008,judgment,C08,j_relationship,7,human,lost,retain,affirm,discontinuous,standard,3,1
catman_pilot_v1,P008,judgment,C08,j_obligation,4,human,lost,retain,affirm,discontinuous,standard,3,1
catman_pilot_v1,P008,judgment,C08,j_treatment,5,human,lost,retain,affirm,discontinuous,standard,3,1
catman_pilot_v1,P008,judgment,C03,j_identity,3,human,lost,retain,affirm,continuous,standard,4,1
catman_pilot_v1,P008,judgment,C03,j_likeness,2,human,lost,retain,affirm,continuous,standard,4,1
catman_pilot_v1,P008,judgment,C03,j_relationship,4,human,lost,retain,affirm,continuous,standard,4,1
catman_pilot_v1,P008,judgment,C03,j_obligation,4,human,lost,retain,affirm,continuous,standard,4,1
catman_pilot_v1,P008,judgment,C03,j_treatment,3,human,lost,retain,affirm,continuous,standard,4,1
catman_pilot_v1,P008,judgment,A09,j_identity,4,human,retain,retain,deny,continuous,anchor,5,1
catman_pilot_v1,P008,judgment,A09,j_likeness,4,human,retain,retain,deny,continuous,anchor,5,1
catman_pilot_v1,P008,judgment,A09,j_relationship,5,human,retain,retain,deny,continuous,anchor,5,1
catman_pilot_v1,P008,judgment,A09,j_obligation,3,human,retain,retain,deny,continuous,anchor,5,1
catman_pilot_v1,P008,judgment,A09,j_treatment,4,human,retain,retain,deny,continuous,anchor,5,1
catman_pilot_v1,P008,judgment,A09,v_epistemic,4,human,retain,retain,deny,continuous,anchor,5,1
catman_pilot_v1,P008,judgment,A09,v_normative,5,human,retain,retain,deny,continuous,anchor,5,1
catman_pilot_v1,P008,judgment,C06,j_identity,5,human,retain,retain,affirm,discontinuous,standard,6,1
catman_pilot_v1,P008,judgment,C06,j_likeness,5,human,retain,retain,affirm,discontinuous,standard,6,1
catman_pilot_v1,P008,judgment,C06,j_relationship,5,human,retain,retain,affirm,discontinuous,standard,6,1
catman_pilot_v1,P008,judgment,C06,j_obligation,5,human,retain,retain,affirm,discontinuous,standard,6,1
catman_pilot_v1,P008,judgment,C06,j_treatment,5,human,retain,retain,affirm,discontinuous,standard,6,1
catman_pilot_v1,P008,judgment,C04,j_identity,3,human,retain,limited,affirm,continuous,standard,7,1
catman_pilot_v1,P008,judgment,C04,j_likeness,3,human,retain,limited,affirm,continuous,standard,7,1
catman_pilot_v1,P008,judgment,C04,j_relationship,4,human,retain,limited,affirm,continuous,standard,7,1
catman_pilot_v1,P008,judgment,C04,j_obligation,4,human,retain,limited,affirm,continuous,standard,7,1
catman_pilot_v1,P008,judgment,C04,j_treatment,4,human,retain,limited,affirm,continuous,standard,7,1
catman_pilot_v1,P008,judgment,C02,j_identity,5,cat,retain,retain,affirm,continuous,standard,8,1
catman_pilot_v1,P008,judgment,C02,j_likeness,4,cat,retain,retain,affirm,continuous,standard,8,1
catman_pilot_v1,P008,judgment,C02,j_relationship,4,cat,retain,retain,affirm,continuous,standard,8,1
catman_pilot_v1,P008,judgment,C02,j_obligation,4,cat,retain,retain,affirm,continuous,standard,8,1
catman_pilot_v1,P008,judgment,C02,j_treatment,4,cat,retain,retain,affirm,continuous,standard,8,1
catman_pilot_v1,P008,judgment,C05,j_identity,3,human,retain,retain,uncertain,continuous,standard,9,1
catman_pilot_v1,P008,judgment,C05,j_likeness,5,human,retain,retain,uncertain,continuous,standard,9,1
catman_pilot_v1,P008,judgment,C05,j_relationship,4,human,retain,retain,uncertain,continuous,standard,9,1
catman_pilot_v1,P008,judgment,C05,j_obligation,4,human,retain,retain,uncertain,continuous,standard,9,1
catman_pilot_v1,P008,judgment,C05,j_treatment,4,human,retain,retain,uncertain,continuous,standard,9,1
catman_pilot_v1,P008,judgment,A10,j_ab,4,cat,retain,retain,affirm,parallel,anchor,10,1
catman_pilot_v1,P008,judgment,A10,j_ac,4,cat,retain,retain,affirm,parallel,anchor,10,1
catman_pilot_v1,P008,judgment,A10,j_bc,4,cat,retain,retain,affirm,parallel,anchor,10,1
catman_pilot_v1,P008,judgment,A10,j_excl,3,cat,retain,retain,affirm,parallel,anchor,10,1
catman_pilot_v1,P008,judgment,A10,j_relationship,4,cat,retain,retain,affirm,parallel,anchor,10,1
catman_pilot_v1,P008,judgment,A10,j_obligation,4,cat,retain,retain,affirm,parallel,anchor,10,1
catman_pilot_v1,P008,judgment,A10,j_treatment,4,cat,retain,retain,affirm,parallel,anchor,10,1
catman_pilot_v1,P095,judgment,C06,j_identity,2,human,retain,retain,affirm,discontinuous,standard,1,1
catman_pilot_v1,P095,judgment,C06,j_likeness,2,human,retain,retain,affirm,discontinuous,standard,1,1
catman_pilot_v1,P095,judgment,C06,j_relationship,4,human,retain,retain,affirm,discontinuous,standard,1,1
catman_pilot_v1,P095,judgment,C06,j_obligation,4,human,retain,retain,affirm,discontinuous,standard,1,1
catman_pilot_v1,P095,judgment,C06,j_treatment,1,human,retain,retain,affirm,discontinuous,standard,1,1
catman_pilot_v1,P095,judgment,C03,j_identity,1,human,lost,retain,affirm,continuous,standard,2,1
catman_pilot_v1,P095,judgment,C03,j_likeness,1,human,lost,retain,affirm,continuous,standard,2,1
catman_pilot_v1,P095,judgment,C03,j_relationship,4,human,lost,retain,affirm,continuous,standard,2,1
catman_pilot_v1,P095,judgment,C03,j_obligation,1,human,lost,retain,affirm,continuous,standard,2,1
catman_pilot_v1,P095,judgment,C03,j_treatment,1,human,lost,retain,affirm,continuous,standard,2,1
catman_pilot_v1,P095,judgment,C01,j_identity,1,human,retain,retain,affirm,continuous,standard,3,1
catman_pilot_v1,P095,judgment,C01,j_likeness,3,human,retain,retain,affirm,continuous,standard,3,1
catman_pilot_v1,P095,judgment,C01,j_relationship,4,human,retain,retain,affirm,continuous,standard,3,1
catman_pilot_v1,P095,judgment,C01,j_obligation,4,human,retain,retain,affirm,continuous,standard,3,1
catman_pilot_v1,P095,judgment,C01,j_treatment,1,human,retain,retain,affirm,continuous,standard,3,1
catman_pilot_v1,P095,judgment,C07,j_identity,1,cat,retain,retain,affirm,discontinuous,standard,4,1
catman_pilot_v1,P095,judgment,C07,j_likeness,1,cat,retain,retain,affirm,discontinuous,standard,4,1
catman_pilot_v1,P095,judgment,C07,j_relationship,1,cat,retain,retain,affirm,discontinuous,standard,4,1
catman_pilot_v1,P095,judgment,C07,j_obligation,1,cat,retain,retain,affirm,discontinuous,standard,4,1
catman_pilot_v1,P095,judgment,C07,j_treatment,1,cat,retain,retain,affirm,discontinuous,standard,4,1
catman_pilot_v1,P095,judgment,A10,j_ab,1,cat,retain,retain,affirm,parallel,anchor,5,1
catman_pilot_v1,P095,judgment,A10,j_ac,1,cat,retain,retain,affirm,parallel,anchor,5,1
catman_pilot_v1,P095,judgment,A10,j_bc,1,cat,retain,retain,affirm,parallel,anchor,5,1
catman_pilot_v1,P095,judgment,A10,j_excl,1,cat,retain,retain,affirm,parallel,anchor,5,1
catman_pilot_v1,P095,judgment,A10,j_relationship,4,cat,retain,retain,affirm,parallel,anchor,5,1
catman_pilot_v1,P095,judgment,A10,j_obligation,4,cat,retain,retain,affirm,parallel,anchor,5,1
catman_pilot_v1,P095,judgment,A10,j_treatment,4,cat,retain,retain,affirm,parallel,anchor,5,1
catman_pilot_v1,P095,judgment,A09,j_identity,1,human,retain,retain,deny,continuous,anchor,6,1
catman_pilot_v1,P095,judgment,A09,j_likeness,1,human,retain,retain,deny,continuous,anchor,6,1
catman_pilot_v1,P095,judgment,A09,j_relationship,4,human,retain,retain,deny,continuous,anchor,6,1
catman_pilot_v1,P095,judgment,A09,j_obligation,4,human,retain,retain,deny,continuous,anchor,6,1
catman_pilot_v1,P095,judgment,A09,j_treatment,4,human,retain,retain,deny,continuous,anchor,6,1
catman_pilot_v1,P095,judgment,A09,v_epistemic,7,human,retain,retain,deny,continuous,anchor,6,1
catman_pilot_v1,P095,judgment,A09,v_normative,7,human,retain,retain,deny,continuous,anchor,6,1
catman_pilot_v1,P095,judgment,C04,j_identity,1,human,retain,limited,affirm,continuous,standard,7,1
catman_pilot_v1,P095,judgment,C04,j_likeness,1,human,retain,limited,affirm,continuous,standard,7,1
catman_pilot_v1,P095,judgment,C04,j_relationship,4,human,retain,limited,affirm,continuous,standard,7,1
catman_pilot_v1,P095,judgment,C04,j_obligation,4,human,retain,limited,affirm,continuous,standard,7,1
catman_pilot_v1,P095,judgment,C04,j_treatment,1,human,retain,limited,affirm,continuous,standard,7,1
catman_pilot_v1,P095,judgment,C08,j_identity,1,human,lost,retain,affirm,discontinuous,standard,8,1
catman_pilot_v1,P095,judgment,C08,j_likeness,1,human,lost,retain,affirm,discontinuous,standard,8,1
catman_pilot_v1,P095,judgment,C08,j_relationship,4,human,lost,retain,affirm,discontinuous,standard,8,1
catman_pilot_v1,P095,judgment,C08,j_obligation,4,human,lost,retain,affirm,discontinuous,standard,8,1
catman_pilot_v1,P095,judgment,C08,j_treatment,1,human,lost,retain,affirm,discontinuous,standard,8,1
catman_pilot_v1,P095,judgment,C02,j_identity,1,cat,retain,retain,affirm,continuous,standard,9,1
catman_pilot_v1,P095,judgment,C02,j_likeness,1,cat,retain,retain,affirm,continuous,standard,9,1
catman_pilot_v1,P095,judgment,C02,j_relationship,4,cat,retain,retain,affirm,continuous,standard,9,1
catman_pilot_v1,P095,judgment,C02,j_obligation,4,cat,retain,retain,affirm,continuous,standard,9,1
catman_pilot_v1,P095,judgment,C02,j_treatment,1,cat,retain,retain,affirm,continuous,standard,9,1
catman_pilot_v1,P095,judgment,C05,j_identity,5,human,retain,retain,uncertain,continuous,standard,10,1
catman_pilot_v1,P095,judgment,C05,j_likeness,5,human,retain,retain,uncertain,continuous,standard,10,1
catman_pilot_v1,P095,judgment,C05,j_relationship,5,human,retain,retain,uncertain,continuous,standard,10,1
catman_pilot_v1,P095,judgment,C05,j_obligation,5,human,retain,retain,uncertain,continuous,standard,10,1
catman_pilot_v1,P095,judgment,C05,j_treatment,6,human,retain,retain,uncertain,continuous,standard,10,1
catman_pilot_v1,P002,judgment,C01,j_identity,3,human,retain,retain,affirm,continuous,standard,1,1
catman_pilot_v1,P002,judgment,C01,j_likeness,6,human,retain,retain,affirm,continuous,standard,1,1
catman_pilot_v1,P002,judgment,C01,j_relationship,5,human,retain,retain,affirm,continuous,standard,1,1
catman_pilot_v1,P002,judgment,C01,j_obligation,3,human,retain,retain,affirm,continuous,standard,1,1
catman_pilot_v1,P002,judgment,C01,j_treatment,4,human,retain,retain,affirm,continuous,standard,1,1
catman_pilot_v1,P002,judgment,C08,j_identity,2,human,lost,retain,affirm,discontinuous,standard,2,1
catman_pilot_v1,P002,judgment,C08,j_likeness,3,human,lost,retain,affirm,discontinuous,standard,2,1
catman_pilot_v1,P002,judgment,C08,j_relationship,3,human,lost,retain,affirm,discontinuous,standard,2,1
catman_pilot_v1,P002,judgment,C08,j_obligation,2,human,lost,retain,affirm,discontinuous,standard,2,1
catman_pilot_v1,P002,judgment,C08,j_treatment,2,human,lost,retain,affirm,discontinuous,standard,2,1
catman_pilot_v1,P002,judgment,C04,j_identity,4,human,retain,limited,affirm,continuous,standard,3,1
catman_pilot_v1,P002,judgment,C04,j_likeness,5,human,retain,limited,affirm,continuous,standard,3,1
catman_pilot_v1,P002,judgment,C04,j_relationship,5,human,retain,limited,affirm,continuous,standard,3,1
catman_pilot_v1,P002,judgment,C04,j_obligation,2,human,retain,limited,affirm,continuous,standard,3,1
catman_pilot_v1,P002,judgment,C04,j_treatment,3,human,retain,limited,affirm,continuous,standard,3,1
catman_pilot_v1,P002,judgment,C07,j_identity,2,cat,retain,retain,affirm,discontinuous,standard,4,1
catman_pilot_v1,P002,judgment,C07,j_likeness,2,cat,retain,retain,affirm,discontinuous,standard,4,1
catman_pilot_v1,P002,judgment,C07,j_relationship,2,cat,retain,retain,affirm,discontinuous,standard,4,1
catman_pilot_v1,P002,judgment,C07,j_obligation,2,cat,retain,retain,affirm,discontinuous,standard,4,1
catman_pilot_v1,P002,judgment,C07,j_treatment,2,cat,retain,retain,affirm,discontinuous,standard,4,1
catman_pilot_v1,P002,judgment,A09,j_identity,4,human,retain,retain,deny,continuous,anchor,5,1
catman_pilot_v1,P002,judgment,A09,j_likeness,5,human,retain,retain,deny,continuous,anchor,5,1
catman_pilot_v1,P002,judgment,A09,j_relationship,5,human,retain,retain,deny,continuous,anchor,5,1
catman_pilot_v1,P002,judgment,A09,j_obligation,2,human,retain,retain,deny,continuous,anchor,5,1
catman_pilot_v1,P002,judgment,A09,j_treatment,4,human,retain,retain,deny,continuous,anchor,5,1
catman_pilot_v1,P002,judgment,A09,v_epistemic,6,human,retain,retain,deny,continuous,anchor,5,1
catman_pilot_v1,P002,judgment,A09,v_normative,4,human,retain,retain,deny,continuous,anchor,5,1
catman_pilot_v1,P002,judgment,C03,j_identity,2,human,lost,retain,affirm,continuous,standard,6,1
catman_pilot_v1,P002,judgment,C03,j_likeness,4,human,lost,retain,affirm,continuous,standard,6,1
catman_pilot_v1,P002,judgment,C03,j_relationship,2,human,lost,retain,affirm,continuous,standard,6,1
catman_pilot_v1,P002,judgment,C03,j_obligation,2,human,lost,retain,affirm,continuous,standard,6,1
catman_pilot_v1,P002,judgment,C03,j_treatment,3,human,lost,retain,affirm,continuous,standard,6,1
catman_pilot_v1,P002,judgment,C06,j_identity,4,human,retain,retain,affirm,discontinuous,standard,7,1
catman_pilot_v1,P002,judgment,C06,j_likeness,5,human,retain,retain,affirm,discontinuous,standard,7,1
catman_pilot_v1,P002,judgment,C06,j_relationship,5,human,retain,retain,affirm,discontinuous,standard,7,1
catman_pilot_v1,P002,judgment,C06,j_obligation,3,human,retain,retain,affirm,discontinuous,standard,7,1
catman_pilot_v1,P002,judgment,C06,j_treatment,4,human,retain,retain,affirm,discontinuous,standard,7,1
catman_pilot_v1,P002,judgment,A10,j_ab,3,cat,retain,retain,affirm,parallel,anchor,8,1
catman_pilot_v1,P002,judgment,A10,j_ac,2,cat,retain,retain,affirm,parallel,anchor,8,1
catman_pilot_v1,P002,judgment,A10,j_bc,1,cat,retain,retain,affirm,parallel,anchor,8,1
catman_pilot_v1,P002,judgment,A10,j_excl,2,cat,retain,retain,affirm,parallel,anchor,8,1
catman_pilot_v1,P002,judgment,A10,j_relationship,2,cat,retain,retain,affirm,parallel,anchor,8,1
catman_pilot_v1,P002,judgment,A10,j_obligation,2,cat,retain,retain,affirm,parallel,anchor,8,1
catman_pilot_v1,P002,judgment,A10,j_treatment,3,cat,retain,retain,affirm,parallel,anchor,8,1
catman_pilot_v1,P002,judgment,C02,j_identity,2,cat,retain,retain,affirm,continuous,standard,9,1
catman_pilot_v1,P002,judgment,C02,j_likeness,3,cat,retain,retain,affirm,continuous,standard,9,1
catman_pilot_v1,P002,judgment,C02,j_relationship,2,cat,retain,retain,affirm,continuous,standard,9,1
catman_pilot_v1,P002,judgment,C02,j_obligation,2,cat,retain,retain,affirm,continuous,standard,9,1
catman_pilot_v1,P002,judgment,C02,j_treatment,3,cat,retain,retain,affirm,continuous,standard,9,1
catman_pilot_v1,P002,judgment,C05,j_identity,4,human,retain,retain,uncertain,continuous,standard,10,1
catman_pilot_v1,P002,judgment,C05,j_likeness,5,human,retain,retain,uncertain,continuous,standard,10,1
catman_pilot_v1,P002,judgment,C05,j_relationship,5,human,retain,retain,uncertain,continuous,standard,10,1
catman_pilot_v1,P002,judgment,C05,j_obligation,2,human,retain,retain,uncertain,continuous,standard,10,1
catman_pilot_v1,P002,judgment,C05,j_treatment,4,human,retain,retain,uncertain,continuous,standard,10,1
catman_pilot_v1,P048,judgment,C04,j_identity,7,human,retain,limited,affirm,continuous,standard,1,1
catman_pilot_v1,P048,judgment,C04,j_likeness,3,human,retain,limited,affirm,continuous,standard,1,1
catman_pilot_v1,P048,judgment,C04,j_relationship,6,human,retain,limited,affirm,continuous,standard,1,1
catman_pilot_v1,P048,judgment,C04,j_obligation,4,human,retain,limited,affirm,continuous,standard,1,1
catman_pilot_v1,P048,judgment,C04,j_treatment,6,human,retain,limited,affirm,continuous,standard,1,1
catman_pilot_v1,P048,judgment,C08,j_identity,4,human,lost,retain,affirm,discontinuous,standard,2,1
catman_pilot_v1,P048,judgment,C08,j_likeness,6,human,lost,retain,affirm,discontinuous,standard,2,1
catman_pilot_v1,P048,judgment,C08,j_relationship,2,human,lost,retain,affirm,discontinuous,standard,2,1
catman_pilot_v1,P048,judgment,C08,j_obligation,3,human,lost,retain,affirm,discontinuous,standard,2,1
catman_pilot_v1,P048,judgment,C08,j_treatment,3,human,lost,retain,affirm,discontinuous,standard,2,1
catman_pilot_v1,P048,judgment,C06,j_identity,4,human,retain,retain,affirm,discontinuous,standard,3,1
catman_pilot_v1,P048,judgment,C06,j_likeness,5,human,retain,retain,affirm,discontinuous,standard,3,1
catman_pilot_v1,P048,judgment,C06,j_relationship,4,human,retain,retain,affirm,discontinuous,standard,3,1
catman_pilot_v1,P048,judgment,C06,j_obligation,4,human,retain,retain,affirm,discontinuous,standard,3,1
catman_pilot_v1,P048,judgment,C06,j_treatment,5,human,retain,retain,affirm,discontinuous,standard,3,1
catman_pilot_v1,P048,judgment,C07,j_identity,2,cat,retain,retain,affirm,discontinuous,standard,4,1
catman_pilot_v1,P048,judgment,C07,j_likeness,1,cat,retain,retain,affirm,discontinuous,standard,4,1
catman_pilot_v1,P048,judgment,C07,j_relationship,2,cat,retain,retain,affirm,discontinuous,standard,4,1
catman_pilot_v1,P048,judgment,C07,j_obligation,3,cat,retain,retain,affirm,discontinuous,standard,4,1
catman_pilot_v1,P048,judgment,C07,j_treatment,2,cat,retain,retain,affirm,discontinuous,standard,4,1
catman_pilot_v1,P048,judgment,C01,j_identity,5,human,retain,retain,affirm,continuous,standard,5,1
catman_pilot_v1,P048,judgment,C01,j_likeness,6,human,retain,retain,affirm,continuous,standard,5,1
catman_pilot_v1,P048,judgment,C01,j_relationship,3,human,retain,retain,affirm,continuous,standard,5,1
catman_pilot_v1,P048,judgment,C01,j_obligation,3,human,retain,retain,affirm,continuous,standard,5,1
catman_pilot_v1,P048,judgment,C01,j_treatment,5,human,retain,retain,affirm,continuous,standard,5,1
catman_pilot_v1,P048,judgment,A10,j_ab,6,cat,retain,retain,affirm,parallel,anchor,6,1
catman_pilot_v1,P048,judgment,A10,j_ac,4,cat,retain,retain,affirm,parallel,anchor,6,1
catman_pilot_v1,P048,judgment,A10,j_bc,4,cat,retain,retain,affirm,parallel,anchor,6,1
catman_pilot_v1,P048,judgment,A10,j_excl,3,cat,retain,retain,affirm,parallel,anchor,6,1
catman_pilot_v1,P048,judgment,A10,j_relationship,5,cat,retain,retain,affirm,parallel,anchor,6,1
catman_pilot_v1,P048,judgment,A10,j_obligation,5,cat,retain,retain,affirm,parallel,anchor,6,1
catman_pilot_v1,P048,judgment,A10,j_treatment,4,cat,retain,retain,affirm,parallel,anchor,6,1
catman_pilot_v1,P048,judgment,A09,j_identity,4,human,retain,retain,deny,continuous,anchor,7,1
catman_pilot_v1,P048,judgment,A09,j_likeness,5,human,retain,retain,deny,continuous,anchor,7,1
catman_pilot_v1,P048,judgment,A09,j_relationship,5,human,retain,retain,deny,continuous,anchor,7,1
catman_pilot_v1,P048,judgment,A09,j_obligation,5,human,retain,retain,deny,continuous,anchor,7,1
catman_pilot_v1,P048,judgment,A09,j_treatment,4,human,retain,retain,deny,continuous,anchor,7,1
catman_pilot_v1,P048,judgment,A09,v_epistemic,5,human,retain,retain,deny,continuous,anchor,7,1
catman_pilot_v1,P048,judgment,A09,v_normative,4,human,retain,retain,deny,continuous,anchor,7,1
catman_pilot_v1,P048,judgment,C05,j_identity,3,human,retain,retain,uncertain,continuous,standard,8,1
catman_pilot_v1,P048,judgment,C05,j_likeness,4,human,retain,retain,uncertain,continuous,standard,8,1
catman_pilot_v1,P048,judgment,C05,j_relationship,3,human,retain,retain,uncertain,continuous,standard,8,1
catman_pilot_v1,P048,judgment,C05,j_obligation,5,human,retain,retain,uncertain,continuous,standard,8,1
catman_pilot_v1,P048,judgment,C05,j_treatment,4,human,retain,retain,uncertain,continuous,standard,8,1
catman_pilot_v1,P048,judgment,C02,j_identity,3,cat,retain,retain,affirm,continuous,standard,9,1
catman_pilot_v1,P048,judgment,C02,j_likeness,3,cat,retain,retain,affirm,continuous,standard,9,1
catman_pilot_v1,P048,judgment,C02,j_relationship,2,cat,retain,retain,affirm,continuous,standard,9,1
catman_pilot_v1,P048,judgment,C02,j_obligation,2,cat,retain,retain,affirm,continuous,standard,9,1
catman_pilot_v1,P048,judgment,C02,j_treatment,3,cat,retain,retain,affirm,continuous,standard,9,1
catman_pilot_v1,P048,judgment,C03,j_identity,3,human,lost,retain,affirm,continuous,standard,10,1
catman_pilot_v1,P048,judgment,C03,j_likeness,3,human,lost,retain,affirm,continuous,standard,10,1
catman_pilot_v1,P048,judgment,C03,j_relationship,2,human,lost,retain,affirm,continuous,standard,10,1
catman_pilot_v1,P048,judgment,C03,j_obligation,3,human,lost,retain,affirm,continuous,standard,10,1
catman_pilot_v1,P048,judgment,C03,j_treatment,4,human,lost,retain,affirm,continuous,standard,10,1
catman_pilot_v1,P079,judgment,C01,j_identity,6,human,retain,retain,affirm,continuous,standard,1,1
catman_pilot_v1,P079,judgment,C01,j_likeness,7,human,retain,retain,affirm,continuous,standard,1,1
catman_pilot_v1,P079,judgment,C01,j_relationship,6,human,retain,retain,affirm,continuous,standard,1,1
catman_pilot_v1,P079,judgment,C01,j_obligation,7,human,retain,retain,affirm,continuous,standard,1,1
catman_pilot_v1,P079,judgment,C01,j_treatment,7,human,retain,retain,affirm,continuous,standard,1,1
catman_pilot_v1,P079,judgment,C02,j_identity,3,cat,retain,retain,affirm,continuous,standard,2,1
catman_pilot_v1,P079,judgment,C02,j_likeness,2,cat,retain,retain,affirm,continuous,standard,2,1
catman_pilot_v1,P079,judgment,C02,j_relationship,5,cat,retain,retain,affirm,continuous,standard,2,1
catman_pilot_v1,P079,judgment,C02,j_obligation,4,cat,retain,retain,affirm,continuous,standard,2,1
catman_pilot_v1,P079,judgment,C02,j_treatment,5,cat,retain,retain,affirm,continuous,standard,2,1
catman_pilot_v1,P079,judgment,C08,j_identity,3,human,lost,retain,affirm,discontinuous,standard,3,1
catman_pilot_v1,P079,judgment,C08,j_likeness,1,human,lost,retain,affirm,discontinuous,standard,3,1
catman_pilot_v1,P079,judgment,C08,j_relationship,1,human,lost,retain,affirm,discontinuous,standard,3,1
catman_pilot_v1,P079,judgment,C08,j_obligation,1,human,lost,retain,affirm,discontinuous,standard,3,1
catman_pilot_v1,P079,judgment,C08,j_treatment,1,human,lost,retain,affirm,discontinuous,standard,3,1
catman_pilot_v1,P079,judgment,C06,j_identity,3,human,retain,retain,affirm,discontinuous,standard,4,1
catman_pilot_v1,P079,judgment,C06,j_likeness,7,human,retain,retain,affirm,discontinuous,standard,4,1
catman_pilot_v1,P079,judgment,C06,j_relationship,5,human,retain,retain,affirm,discontinuous,standard,4,1
catman_pilot_v1,P079,judgment,C06,j_obligation,5,human,retain,retain,affirm,discontinuous,standard,4,1
catman_pilot_v1,P079,judgment,C06,j_treatment,5,human,retain,retain,affirm,discontinuous,standard,4,1
catman_pilot_v1,P079,judgment,C05,j_identity,5,human,retain,retain,uncertain,continuous,standard,5,1
catman_pilot_v1,P079,judgment,C05,j_likeness,3,human,retain,retain,uncertain,continuous,standard,5,1
catman_pilot_v1,P079,judgment,C05,j_relationship,4,human,retain,retain,uncertain,continuous,standard,5,1
catman_pilot_v1,P079,judgment,C05,j_obligation,3,human,retain,retain,uncertain,continuous,standard,5,1
catman_pilot_v1,P079,judgment,C05,j_treatment,3,human,retain,retain,uncertain,continuous,standard,5,1
catman_pilot_v1,P079,judgment,C04,j_identity,7,human,retain,limited,affirm,continuous,standard,6,1
catman_pilot_v1,P079,judgment,C04,j_likeness,2,human,retain,limited,affirm,continuous,standard,6,1
catman_pilot_v1,P079,judgment,C04,j_relationship,5,human,retain,limited,affirm,continuous,standard,6,1
catman_pilot_v1,P079,judgment,C04,j_obligation,5,human,retain,limited,affirm,continuous,standard,6,1
catman_pilot_v1,P079,judgment,C04,j_treatment,5,human,retain,limited,affirm,continuous,standard,6,1
catman_pilot_v1,P079,judgment,C03,j_identity,5,human,lost,retain,affirm,continuous,standard,7,1
catman_pilot_v1,P079,judgment,C03,j_likeness,1,human,lost,retain,affirm,continuous,standard,7,1
catman_pilot_v1,P079,judgment,C03,j_relationship,2,human,lost,retain,affirm,continuous,standard,7,1
catman_pilot_v1,P079,judgment,C03,j_obligation,2,human,lost,retain,affirm,continuous,standard,7,1
catman_pilot_v1,P079,judgment,C03,j_treatment,2,human,lost,retain,affirm,continuous,standard,7,1
catman_pilot_v1,P079,judgment,C07,j_identity,1,cat,retain,retain,affirm,discontinuous,standard,8,1
catman_pilot_v1,P079,judgment,C07,j_likeness,1,cat,retain,retain,affirm,discontinuous,standard,8,1
catman_pilot_v1,P079,judgment,C07,j_relationship,1,cat,retain,retain,affirm,discontinuous,standard,8,1
catman_pilot_v1,P079,judgment,C07,j_obligation,2,cat,retain,retain,affirm,discontinuous,standard,8,1
catman_pilot_v1,P079,judgment,C07,j_treatment,1,cat,retain,retain,affirm,discontinuous,standard,8,1
catman_pilot_v1,P079,judgment,A10,j_ab,1,cat,retain,retain,affirm,parallel,anchor,9,1
catman_pilot_v1,P079,judgment,A10,j_ac,3,cat,retain,retain,affirm,parallel,anchor,9,1
catman_pilot_v1,P079,judgment,A10,j_bc,3,cat,retain,retain,affirm,parallel,anchor,9,1
catman_pilot_v1,P079,judgment,A10,j_excl,5,cat,retain,retain,affirm,parallel,anchor,9,1
catman_pilot_v1,P079,judgment,A10,j_relationship,2,cat,retain,retain,affirm,parallel,anchor,9,1
catman_pilot_v1,P079,judgment,A10,j_obligation,2,cat,retain,retain,affirm,parallel,anchor,9,1
catman_pilot_v1,P079,judgment,A10,j_treatment,1,cat,retain,retain,affirm,parallel,anchor,9,1
catman_pilot_v1,P079,judgment,A09,j_identity,5,human,retain,retain,deny,continuous,anchor,10,1
catman_pilot_v1,P079,judgment,A09,j_likeness,3,human,retain,retain,deny,continuous,anchor,10,1
catman_pilot_v1,P079,judgment,A09,j_relationship,4,human,retain,retain,deny,continuous,anchor,10,1
catman_pilot_v1,P079,judgment,A09,j_obligation,1,human,retain,retain,deny,continuous,anchor,10,1
catman_pilot_v1,P079,judgment,A09,j_treatment,2,human,retain,retain,deny,continuous,anchor,10,1
catman_pilot_v1,P079,judgment,A09,v_epistemic,5,human,retain,retain,deny,continuous,anchor,10,1
catman_pilot_v1,P079,judgment,A09,v_normative,6,human,retain,retain,deny,continuous,anchor,10,1
catman_pilot_v1,P033,judgment,C03,j_identity,4,human,lost,retain,affirm,continuous,standard,1,1
catman_pilot_v1,P033,judgment,C03,j_likeness,5,human,lost,retain,affirm,continuous,standard,1,1
catman_pilot_v1,P033,judgment,C03,j_relationship,4,human,lost,retain,affirm,continuous,standard,1,1
catman_pilot_v1,P033,judgment,C03,j_obligation,4,human,lost,retain,affirm,continuous,standard,1,1
catman_pilot_v1,P033,judgment,C03,j_treatment,4,human,lost,retain,affirm,continuous,standard,1,1
catman_pilot_v1,P033,judgment,C05,j_identity,4,human,retain,retain,uncertain,continuous,standard,2,1
catman_pilot_v1,P033,judgment,C05,j_likeness,5,human,retain,retain,uncertain,continuous,standard,2,1
catman_pilot_v1,P033,judgment,C05,j_relationship,4,human,retain,retain,uncertain,continuous,standard,2,1
catman_pilot_v1,P033,judgment,C05,j_obligation,4,human,retain,retain,uncertain,continuous,standard,2,1
catman_pilot_v1,P033,judgment,C05,j_treatment,4,human,retain,retain,uncertain,continuous,standard,2,1
catman_pilot_v1,P033,judgment,C07,j_identity,3,cat,retain,retain,affirm,discontinuous,standard,3,1
catman_pilot_v1,P033,judgment,C07,j_likeness,6,cat,retain,retain,affirm,discontinuous,standard,3,1
catman_pilot_v1,P033,judgment,C07,j_relationship,4,cat,retain,retain,affirm,discontinuous,standard,3,1
catman_pilot_v1,P033,judgment,C07,j_obligation,4,cat,retain,retain,affirm,discontinuous,standard,3,1
catman_pilot_v1,P033,judgment,C07,j_treatment,5,cat,retain,retain,affirm,discontinuous,standard,3,1
catman_pilot_v1,P033,judgment,C01,j_identity,7,human,retain,retain,affirm,continuous,standard,4,1
catman_pilot_v1,P033,judgment,C01,j_likeness,7,human,retain,retain,affirm,continuous,standard,4,1
catman_pilot_v1,P033,judgment,C01,j_relationship,7,human,retain,retain,affirm,continuous,standard,4,1
catman_pilot_v1,P033,judgment,C01,j_obligation,7,human,retain,retain,affirm,continuous,standard,4,1
catman_pilot_v1,P033,judgment,C01,j_treatment,7,human,retain,retain,affirm,continuous,standard,4,1
catman_pilot_v1,P033,judgment,A09,j_identity,7,human,retain,retain,deny,continuous,anchor,5,1
catman_pilot_v1,P033,judgment,A09,j_likeness,7,human,retain,retain,deny,continuous,anchor,5,1
catman_pilot_v1,P033,judgment,A09,j_relationship,7,human,retain,retain,deny,continuous,anchor,5,1
catman_pilot_v1,P033,judgment,A09,j_obligation,7,human,retain,retain,deny,continuous,anchor,5,1
catman_pilot_v1,P033,judgment,A09,j_treatment,7,human,retain,retain,deny,continuous,anchor,5,1
catman_pilot_v1,P033,judgment,A09,v_epistemic,1,human,retain,retain,deny,continuous,anchor,5,1
catman_pilot_v1,P033,judgment,A09,v_normative,1,human,retain,retain,deny,continuous,anchor,5,1
catman_pilot_v1,P033,judgment,C04,j_identity,6,human,retain,limited,affirm,continuous,standard,6,1
catman_pilot_v1,P033,judgment,C04,j_likeness,6,human,retain,limited,affirm,continuous,standard,6,1
catman_pilot_v1,P033,judgment,C04,j_relationship,6,human,retain,limited,affirm,continuous,standard,6,1
catman_pilot_v1,P033,judgment,C04,j_obligation,6,human,retain,limited,affirm,continuous,standard,6,1
catman_pilot_v1,P033,judgment,C04,j_treatment,6,human,retain,limited,affirm,continuous,standard,6,1
catman_pilot_v1,P033,judgment,C02,j_identity,7,cat,retain,retain,affirm,continuous,standard,7,1
catman_pilot_v1,P033,judgment,C02,j_likeness,7,cat,retain,retain,affirm,continuous,standard,7,1
catman_pilot_v1,P033,judgment,C02,j_relationship,7,cat,retain,retain,affirm,continuous,standard,7,1
catman_pilot_v1,P033,judgment,C02,j_obligation,7,cat,retain,retain,affirm,continuous,standard,7,1
catman_pilot_v1,P033,judgment,C02,j_treatment,7,cat,retain,retain,affirm,continuous,standard,7,1
catman_pilot_v1,P033,judgment,C08,j_identity,7,human,lost,retain,affirm,discontinuous,standard,8,1
catman_pilot_v1,P033,judgment,C08,j_likeness,7,human,lost,retain,affirm,discontinuous,standard,8,1
catman_pilot_v1,P033,judgment,C08,j_relationship,6,human,lost,retain,affirm,discontinuous,standard,8,1
catman_pilot_v1,P033,judgment,C08,j_obligation,5,human,lost,retain,affirm,discontinuous,standard,8,1
catman_pilot_v1,P033,judgment,C08,j_treatment,7,human,lost,retain,affirm,discontinuous,standard,8,1
catman_pilot_v1,P033,judgment,A10,j_ab,7,cat,retain,retain,affirm,parallel,anchor,9,1
catman_pilot_v1,P033,judgment,A10,j_ac,1,cat,retain,retain,affirm,parallel,anchor,9,1
catman_pilot_v1,P033,judgment,A10,j_bc,4,cat,retain,retain,affirm,parallel,anchor,9,1
catman_pilot_v1,P033,judgment,A10,j_excl,7,cat,retain,retain,affirm,parallel,anchor,9,1
catman_pilot_v1,P033,judgment,A10,j_relationship,1,cat,retain,retain,affirm,parallel,anchor,9,1
catman_pilot_v1,P033,judgment,A10,j_obligation,4,cat,retain,retain,affirm,parallel,anchor,9,1
catman_pilot_v1,P033,judgment,A10,j_treatment,4,cat,retain,retain,affirm,parallel,anchor,9,1
catman_pilot_v1,P033,judgment,C06,j_identity,4,human,retain,retain,affirm,discontinuous,standard,10,1
catman_pilot_v1,P033,judgment,C06,j_likeness,4,human,retain,retain,affirm,discontinuous,standard,10,1
catman_pilot_v1,P033,judgment,C06,j_relationship,4,human,retain,retain,affirm,discontinuous,standard,10,1
catman_pilot_v1,P033,judgment,C06,j_obligation,4,human,retain,retain,affirm,discontinuous,standard,10,1
catman_pilot_v1,P033,judgment,C06,j_treatment,4,human,retain,retain,affirm,discontinuous,standard,10,1
catman_pilot_v1,P067,judgment,C01,j_identity,6,human,retain,retain,affirm,continuous,standard,1,1
catman_pilot_v1,P067,judgment,C01,j_likeness,7,human,retain,retain,affirm,continuous,standard,1,1
catman_pilot_v1,P067,judgment,C01,j_relationship,5,human,retain,retain,affirm,continuous,standard,1,1
catman_pilot_v1,P067,judgment,C01,j_obligation,5,human,retain,retain,affirm,continuous,standard,1,1
catman_pilot_v1,P067,judgment,C01,j_treatment,6,human,retain,retain,affirm,continuous,standard,1,1
catman_pilot_v1,P067,judgment,C02,j_identity,5,cat,retain,retain,affirm,continuous,standard,2,1
catman_pilot_v1,P067,judgment,C02,j_likeness,2,cat,retain,retain,affirm,continuous,standard,2,1
catman_pilot_v1,P067,judgment,C02,j_relationship,5,cat,retain,retain,affirm,continuous,standard,2,1
catman_pilot_v1,P067,judgment,C02,j_obligation,5,cat,retain,retain,affirm,continuous,standard,2,1
catman_pilot_v1,P067,judgment,C02,j_treatment,4,cat,retain,retain,affirm,continuous,standard,2,1
catman_pilot_v1,P067,judgment,C08,j_identity,2,human,lost,retain,affirm,discontinuous,standard,3,1
catman_pilot_v1,P067,judgment,C08,j_likeness,6,human,lost,retain,affirm,discontinuous,standard,3,1
catman_pilot_v1,P067,judgment,C08,j_relationship,3,human,lost,retain,affirm,discontinuous,standard,3,1
catman_pilot_v1,P067,judgment,C08,j_obligation,3,human,lost,retain,affirm,discontinuous,standard,3,1
catman_pilot_v1,P067,judgment,C08,j_treatment,2,human,lost,retain,affirm,discontinuous,standard,3,1
catman_pilot_v1,P067,judgment,C07,j_identity,3,cat,retain,retain,affirm,discontinuous,standard,4,1
catman_pilot_v1,P067,judgment,C07,j_likeness,2,cat,retain,retain,affirm,discontinuous,standard,4,1
catman_pilot_v1,P067,judgment,C07,j_relationship,4,cat,retain,retain,affirm,discontinuous,standard,4,1
catman_pilot_v1,P067,judgment,C07,j_obligation,4,cat,retain,retain,affirm,discontinuous,standard,4,1
catman_pilot_v1,P067,judgment,C07,j_treatment,4,cat,retain,retain,affirm,discontinuous,standard,4,1
catman_pilot_v1,P067,judgment,C06,j_identity,4,human,retain,retain,affirm,discontinuous,standard,5,1
catman_pilot_v1,P067,judgment,C06,j_likeness,6,human,retain,retain,affirm,discontinuous,standard,5,1
catman_pilot_v1,P067,judgment,C06,j_relationship,5,human,retain,retain,affirm,discontinuous,standard,5,1
catman_pilot_v1,P067,judgment,C06,j_obligation,5,human,retain,retain,affirm,discontinuous,standard,5,1
catman_pilot_v1,P067,judgment,C06,j_treatment,5,human,retain,retain,affirm,discontinuous,standard,5,1
catman_pilot_v1,P067,judgment,C03,j_identity,4,human,lost,retain,affirm,continuous,standard,6,1
catman_pilot_v1,P067,judgment,C03,j_likeness,6,human,lost,retain,affirm,continuous,standard,6,1
catman_pilot_v1,P067,judgment,C03,j_relationship,3,human,lost,retain,affirm,continuous,standard,6,1
catman_pilot_v1,P067,judgment,C03,j_obligation,3,human,lost,retain,affirm,continuous,standard,6,1
catman_pilot_v1,P067,judgment,C03,j_treatment,4,human,lost,retain,affirm,continuous,standard,6,1
catman_pilot_v1,P067,judgment,C04,j_identity,6,human,retain,limited,affirm,continuous,standard,7,1
catman_pilot_v1,P067,judgment,C04,j_likeness,6,human,retain,limited,affirm,continuous,standard,7,1
catman_pilot_v1,P067,judgment,C04,j_relationship,6,human,retain,limited,affirm,continuous,standard,7,1
catman_pilot_v1,P067,judgment,C04,j_obligation,6,human,retain,limited,affirm,continuous,standard,7,1
catman_pilot_v1,P067,judgment,C04,j_treatment,6,human,retain,limited,affirm,continuous,standard,7,1
catman_pilot_v1,P067,judgment,C05,j_identity,4,human,retain,retain,uncertain,continuous,standard,8,1
catman_pilot_v1,P067,judgment,C05,j_likeness,6,human,retain,retain,uncertain,continuous,standard,8,1
catman_pilot_v1,P067,judgment,C05,j_relationship,4,human,retain,retain,uncertain,continuous,standard,8,1
catman_pilot_v1,P067,judgment,C05,j_obligation,4,human,retain,retain,uncertain,continuous,standard,8,1
catman_pilot_v1,P067,judgment,C05,j_treatment,4,human,retain,retain,uncertain,continuous,standard,8,1
catman_pilot_v1,P067,judgment,A09,j_identity,2,human,retain,retain,deny,continuous,anchor,9,1
catman_pilot_v1,P067,judgment,A09,j_likeness,6,human,retain,retain,deny,continuous,anchor,9,1
catman_pilot_v1,P067,judgment,A09,j_relationship,4,human,retain,retain,deny,continuous,anchor,9,1
catman_pilot_v1,P067,judgment,A09,j_obligation,4,human,retain,retain,deny,continuous,anchor,9,1
catman_pilot_v1,P067,judgment,A09,j_treatment,3,human,retain,retain,deny,continuous,anchor,9,1
catman_pilot_v1,P067,judgment,A09,v_epistemic,5,human,retain,retain,deny,continuous,anchor,9,1
catman_pilot_v1,P067,judgment,A09,v_normative,4,human,retain,retain,deny,continuous,anchor,9,1
catman_pilot_v1,P067,judgment,A10,j_ab,2,cat,retain,retain,affirm,parallel,anchor,10,1
catman_pilot_v1,P067,judgment,A10,j_ac,4,cat,retain,retain,affirm,parallel,anchor,10,1
catman_pilot_v1,P067,judgment,A10,j_bc,4,cat,retain,retain,affirm,parallel,anchor,10,1
catman_pilot_v1,P067,judgment,A10,j_excl,6,cat,retain,retain,affirm,parallel,anchor,10,1
catman_pilot_v1,P067,judgment,A10,j_relationship,7,cat,retain,retain,affirm,parallel,anchor,10,1
catman_pilot_v1,P067,judgment,A10,j_obligation,7,cat,retain,retain,affirm,parallel,anchor,10,1
catman_pilot_v1,P067,judgment,A10,j_treatment,7,cat,retain,retain,affirm,parallel,anchor,10,1
catman_pilot_v1,P060,judgment,C06,j_identity,7,human,retain,retain,affirm,discontinuous,standard,1,1
catman_pilot_v1,P060,judgment,C06,j_likeness,7,human,retain,retain,affirm,discontinuous,standard,1,1
catman_pilot_v1,P060,judgment,C06,j_relationship,4,human,retain,retain,affirm,discontinuous,standard,1,1
catman_pilot_v1,P060,judgment,C06,j_obligation,7,human,retain,retain,affirm,discontinuous,standard,1,1
catman_pilot_v1,P060,judgment,C06,j_treatment,7,human,retain,retain,affirm,discontinuous,standard,1,1
catman_pilot_v1,P060,judgment,C07,j_identity,1,cat,retain,retain,affirm,discontinuous,standard,2,1
catman_pilot_v1,P060,judgment,C07,j_likeness,6,cat,retain,retain,affirm,discontinuous,standard,2,1
catman_pilot_v1,P060,judgment,C07,j_relationship,4,cat,retain,retain,affirm,discontinuous,standard,2,1
catman_pilot_v1,P060,judgment,C07,j_obligation,4,cat,retain,retain,affirm,discontinuous,standard,2,1
catman_pilot_v1,P060,judgment,C07,j_treatment,1,cat,retain,retain,affirm,discontinuous,standard,2,1
catman_pilot_v1,P060,judgment,C05,j_identity,7,human,retain,retain,uncertain,continuous,standard,3,1
catman_pilot_v1,P060,judgment,C05,j_likeness,7,human,retain,retain,uncertain,continuous,standard,3,1
catman_pilot_v1,P060,judgment,C05,j_relationship,4,human,retain,retain,uncertain,continuous,standard,3,1
catman_pilot_v1,P060,judgment,C05,j_obligation,7,human,retain,retain,uncertain,continuous,standard,3,1
catman_pilot_v1,P060,judgment,C05,j_treatment,1,human,retain,retain,uncertain,continuous,standard,3,1
catman_pilot_v1,P060,judgment,C03,j_identity,1,human,lost,retain,affirm,continuous,standard,4,1
catman_pilot_v1,P060,judgment,C03,j_likeness,7,human,lost,retain,affirm,continuous,standard,4,1
catman_pilot_v1,P060,judgment,C03,j_relationship,5,human,lost,retain,affirm,continuous,standard,4,1
catman_pilot_v1,P060,judgment,C03,j_obligation,7,human,lost,retain,affirm,continuous,standard,4,1
catman_pilot_v1,P060,judgment,C03,j_treatment,1,human,lost,retain,affirm,continuous,standard,4,1
catman_pilot_v1,P060,judgment,C04,j_identity,3,human,retain,limited,affirm,continuous,standard,5,1
catman_pilot_v1,P060,judgment,C04,j_likeness,7,human,retain,limited,affirm,continuous,standard,5,1
catman_pilot_v1,P060,judgment,C04,j_relationship,7,human,retain,limited,affirm,continuous,standard,5,1
catman_pilot_v1,P060,judgment,C04,j_obligation,7,human,retain,limited,affirm,continuous,standard,5,1
catman_pilot_v1,P060,judgment,C04,j_treatment,7,human,retain,limited,affirm,continuous,standard,5,1
catman_pilot_v1,P060,judgment,C02,j_identity,4,cat,retain,retain,affirm,continuous,standard,6,1
catman_pilot_v1,P060,judgment,C02,j_likeness,3,cat,retain,retain,affirm,continuous,standard,6,1
catman_pilot_v1,P060,judgment,C02,j_relationship,5,cat,retain,retain,affirm,continuous,standard,6,1
catman_pilot_v1,P060,judgment,C02,j_obligation,6,cat,retain,retain,affirm,continuous,standard,6,1
catman_pilot_v1,P060,judgment,C02,j_treatment,2,cat,retain,retain,affirm,continuous,standard,6,1
catman_pilot_v1,P060,judgment,C08,j_identity,1,human,lost,retain,affirm,discontinuous,standard,7,1
catman_pilot_v1,P060,judgment,C08,j_likeness,7,human,lost,retain,affirm,discontinuous,standard,7,1
catman_pilot_v1,P060,judgment,C08,j_relationship,5,human,lost,retain,affirm,discontinuous,standard,7,1
catman_pilot_v1,P060,judgment,C08,j_obligation,7,human,lost,retain,affirm,discontinuous,standard,7,1
catman_pilot_v1,P060,judgment,C08,j_treatment,1,human,lost,retain,affirm,discontinuous,standard,7,1
catman_pilot_v1,P060,judgment,A09,j_identity,3,human,retain,retain,deny,continuous,anchor,8,1
catman_pilot_v1,P060,judgment,A09,j_likeness,7,human,retain,retain,deny,continuous,anchor,8,1
catman_pilot_v1,P060,judgment,A09,j_relationship,4,human,retain,retain,deny,continuous,anchor,8,1
catman_pilot_v1,P060,judgment,A09,j_obligation,3,human,retain,retain,deny,continuous,anchor,8,1
catman_pilot_v1,P060,judgment,A09,j_treatment,4,human,retain,retain,deny,continuous,anchor,8,1
catman_pilot_v1,P060,judgment,A09,v_epistemic,5,human,retain,retain,deny,continuous,anchor,8,1
catman_pilot_v1,P060,judgment,A09,v_normative,4,human,retain,retain,deny,continuous,anchor,8,1
catman_pilot_v1,P060,judgment,A10,j_ab,7,cat,retain,retain,affirm,parallel,anchor,9,1
catman_pilot_v1,P060,judgment,A10,j_ac,5,cat,retain,retain,affirm,parallel,anchor,9,1
catman_pilot_v1,P060,judgment,A10,j_bc,4,cat,retain,retain,affirm,parallel,anchor,9,1
catman_pilot_v1,P060,judgment,A10,j_excl,2,cat,retain,retain,affirm,parallel,anchor,9,1
catman_pilot_v1,P060,judgment,A10,j_relationship,4,cat,retain,retain,affirm,parallel,anchor,9,1
catman_pilot_v1,P060,judgment,A10,j_obligation,6,cat,retain,retain,affirm,parallel,anchor,9,1
catman_pilot_v1,P060,judgment,A10,j_treatment,3,cat,retain,retain,affirm,parallel,anchor,9,1
catman_pilot_v1,P060,judgment,C01,j_identity,7,human,retain,retain,affirm,continuous,standard,10,1
catman_pilot_v1,P060,judgment,C01,j_likeness,7,human,retain,retain,affirm,continuous,standard,10,1
catman_pilot_v1,P060,judgment,C01,j_relationship,7,human,retain,retain,affirm,continuous,standard,10,1
catman_pilot_v1,P060,judgment,C01,j_obligation,7,human,retain,retain,affirm,continuous,standard,10,1
catman_pilot_v1,P060,judgment,C01,j_treatment,7,human,retain,retain,affirm,continuous,standard,10,1
catman_pilot_v1,P010,judgment,C02,j_identity,2,cat,retain,retain,affirm,continuous,standard,1,1
catman_pilot_v1,P010,judgment,C02,j_likeness,1,cat,retain,retain,affirm,continuous,standard,1,1
catman_pilot_v1,P010,judgment,C02,j_relationship,1,cat,retain,retain,affirm,continuous,standard,1,1
catman_pilot_v1,P010,judgment,C02,j_obligation,1,cat,retain,retain,affirm,continuous,standard,1,1
catman_pilot_v1,P010,judgment,C02,j_treatment,1,cat,retain,retain,affirm,continuous,standard,1,1
catman_pilot_v1,P010,judgment,C04,j_identity,5,human,retain,limited,affirm,continuous,standard,2,1
catman_pilot_v1,P010,judgment,C04,j_likeness,6,human,retain,limited,affirm,continuous,standard,2,1
catman_pilot_v1,P010,judgment,C04,j_relationship,6,human,retain,limited,affirm,continuous,standard,2,1
catman_pilot_v1,P010,judgment,C04,j_obligation,6,human,retain,limited,affirm,continuous,standard,2,1
catman_pilot_v1,P010,judgment,C04,j_treatment,6,human,retain,limited,affirm,continuous,standard,2,1
catman_pilot_v1,P010,judgment,C08,j_identity,1,human,lost,retain,affirm,discontinuous,standard,3,1
catman_pilot_v1,P010,judgment,C08,j_likeness,5,human,lost,retain,affirm,discontinuous,standard,3,1
catman_pilot_v1,P010,judgment,C08,j_relationship,1,human,lost,retain,affirm,discontinuous,standard,3,1
catman_pilot_v1,P010,judgment,C08,j_obligation,1,human,lost,retain,affirm,discontinuous,standard,3,1
catman_pilot_v1,P010,judgment,C08,j_treatment,3,human,lost,retain,affirm,discontinuous,standard,3,1
catman_pilot_v1,P010,judgment,C03,j_identity,3,human,lost,retain,affirm,continuous,standard,4,1
catman_pilot_v1,P010,judgment,C03,j_likeness,4,human,lost,retain,affirm,continuous,standard,4,1
catman_pilot_v1,P010,judgment,C03,j_relationship,3,human,lost,retain,affirm,continuous,standard,4,1
catman_pilot_v1,P010,judgment,C03,j_obligation,1,human,lost,retain,affirm,continuous,standard,4,1
catman_pilot_v1,P010,judgment,C03,j_treatment,3,human,lost,retain,affirm,continuous,standard,4,1
catman_pilot_v1,P010,judgment,C06,j_identity,7,human,retain,retain,affirm,discontinuous,standard,5,1
catman_pilot_v1,P010,judgment,C06,j_likeness,7,human,retain,retain,affirm,discontinuous,standard,5,1
catman_pilot_v1,P010,judgment,C06,j_relationship,7,human,retain,retain,affirm,discontinuous,standard,5,1
catman_pilot_v1,P010,judgment,C06,j_obligation,7,human,retain,retain,affirm,discontinuous,standard,5,1
catman_pilot_v1,P010,judgment,C06,j_treatment,7,human,retain,retain,affirm,discontinuous,standard,5,1
catman_pilot_v1,P010,judgment,C07,j_identity,1,cat,retain,retain,affirm,discontinuous,standard,6,1
catman_pilot_v1,P010,judgment,C07,j_likeness,1,cat,retain,retain,affirm,discontinuous,standard,6,1
catman_pilot_v1,P010,judgment,C07,j_relationship,1,cat,retain,retain,affirm,discontinuous,standard,6,1
catman_pilot_v1,P010,judgment,C07,j_obligation,1,cat,retain,retain,affirm,discontinuous,standard,6,1
catman_pilot_v1,P010,judgment,C07,j_treatment,1,cat,retain,retain,affirm,discontinuous,standard,6,1
catman_pilot_v1,P010,judgment,C01,j_identity,7,human,retain,retain,affirm,continuous,standard,7,1
catman_pilot_v1,P010,judgment,C01,j_likeness,7,human,retain,retain,affirm,continuous,standard,7,1
catman_pilot_v1,P010,judgment,C01,j_relationship,7,human,retain,retain,affirm,continuous,standard,7,1
catman_pilot_v1,P010,judgment,C01,j_obligation,7,human,retain,retain,affirm,continuous,standard,7,1
catman_pilot_v1,P010,judgment,C01,j_treatment,7,human,retain,retain,affirm,continuous,standard,7,1
catman_pilot_v1,P010,judgment,A09,j_identity,4,human,retain,retain,deny,continuous,anchor,8,1
catman_pilot_v1,P010,judgment,A09,j_likeness,6,human,retain,retain,deny,continuous,anchor,8,1
catman_pilot_v1,P010,judgment,A09,j_relationship,5,human,retain,retain,deny,continuous,anchor,8,1
catman_pilot_v1,P010,judgment,A09,j_obligation,5,human,retain,retain,deny,continuous,anchor,8,1
catman_pilot_v1,P010,judgment,A09,j_treatment,5,human,retain,retain,deny,continuous,anchor,8,1
catman_pilot_v1,P010,judgment,A09,v_epistemic,3,human,retain,retain,deny,continuous,anchor,8,1
catman_pilot_v1,P010,judgment,A09,v_normative,4,human,retain,retain,deny,continuous,anchor,8,1
catman_pilot_v1,P010,judgment,C05,j_identity,5,human,retain,retain,uncertain,continuous,standard,9,1
catman_pilot_v1,P010,judgment,C05,j_likeness,6,human,retain,retain,uncertain,continuous,standard,9,1
catman_pilot_v1,P010,judgment,C05,j_relationship,5,human,retain,retain,uncertain,continuous,standard,9,1
catman_pilot_v1,P010,judgment,C05,j_obligation,5,human,retain,retain,uncertain,continuous,standard,9,1
catman_pilot_v1,P010,judgment,C05,j_treatment,5,human,retain,retain,uncertain,continuous,standard,9,1
catman_pilot_v1,P010,judgment,A10,j_ab,7,cat,retain,retain,affirm,parallel,anchor,10,1
catman_pilot_v1,P010,judgment,A10,j_ac,1,cat,retain,retain,affirm,parallel,anchor,10,1
catman_pilot_v1,P010,judgment,A10,j_bc,1,cat,retain,retain,affirm,parallel,anchor,10,1
catman_pilot_v1,P010,judgment,A10,j_excl,7,cat,retain,retain,affirm,parallel,anchor,10,1
catman_pilot_v1,P010,judgment,A10,j_relationship,5,cat,retain,retain,affirm,parallel,anchor,10,1
catman_pilot_v1,P010,judgment,A10,j_obligation,5,cat,retain,retain,affirm,parallel,anchor,10,1
catman_pilot_v1,P010,judgment,A10,j_treatment,5,cat,retain,retain,affirm,parallel,anchor,10,1
catman_pilot_v1,P005,judgment,C03,j_identity,2,human,lost,retain,affirm,continuous,standard,1,1
catman_pilot_v1,P005,judgment,C03,j_likeness,2,human,lost,retain,affirm,continuous,standard,1,1
catman_pilot_v1,P005,judgment,C03,j_relationship,4,human,lost,retain,affirm,continuous,standard,1,1
catman_pilot_v1,P005,judgment,C03,j_obligation,6,human,lost,retain,affirm,continuous,standard,1,1
catman_pilot_v1,P005,judgment,C03,j_treatment,3,human,lost,retain,affirm,continuous,standard,1,1
catman_pilot_v1,P005,judgment,C04,j_identity,5,human,retain,limited,affirm,continuous,standard,2,1
catman_pilot_v1,P005,judgment,C04,j_likeness,5,human,retain,limited,affirm,continuous,standard,2,1
catman_pilot_v1,P005,judgment,C04,j_relationship,6,human,retain,limited,affirm,continuous,standard,2,1
catman_pilot_v1,P005,judgment,C04,j_obligation,7,human,retain,limited,affirm,continuous,standard,2,1
catman_pilot_v1,P005,judgment,C04,j_treatment,5,human,retain,limited,affirm,continuous,standard,2,1
catman_pilot_v1,P005,judgment,C07,j_identity,2,cat,retain,retain,affirm,discontinuous,standard,3,1
catman_pilot_v1,P005,judgment,C07,j_likeness,2,cat,retain,retain,affirm,discontinuous,standard,3,1
catman_pilot_v1,P005,judgment,C07,j_relationship,2,cat,retain,retain,affirm,discontinuous,standard,3,1
catman_pilot_v1,P005,judgment,C07,j_obligation,2,cat,retain,retain,affirm,discontinuous,standard,3,1
catman_pilot_v1,P005,judgment,C07,j_treatment,2,cat,retain,retain,affirm,discontinuous,standard,3,1
catman_pilot_v1,P005,judgment,C02,j_identity,2,cat,retain,retain,affirm,continuous,standard,4,1
catman_pilot_v1,P005,judgment,C02,j_likeness,2,cat,retain,retain,affirm,continuous,standard,4,1
catman_pilot_v1,P005,judgment,C02,j_relationship,5,cat,retain,retain,affirm,continuous,standard,4,1
catman_pilot_v1,P005,judgment,C02,j_obligation,4,cat,retain,retain,affirm,continuous,standard,4,1
catman_pilot_v1,P005,judgment,C02,j_treatment,5,cat,retain,retain,affirm,continuous,standard,4,1
catman_pilot_v1,P005,judgment,C08,j_identity,3,human,lost,retain,affirm,discontinuous,standard,5,1
catman_pilot_v1,P005,judgment,C08,j_likeness,3,human,lost,retain,affirm,discontinuous,standard,5,1
catman_pilot_v1,P005,judgment,C08,j_relationship,4,human,lost,retain,affirm,discontinuous,standard,5,1
catman_pilot_v1,P005,judgment,C08,j_obligation,3,human,lost,retain,affirm,discontinuous,standard,5,1
catman_pilot_v1,P005,judgment,C08,j_treatment,3,human,lost,retain,affirm,discontinuous,standard,5,1
catman_pilot_v1,P005,judgment,C01,j_identity,5,human,retain,retain,affirm,continuous,standard,6,1
catman_pilot_v1,P005,judgment,C01,j_likeness,6,human,retain,retain,affirm,continuous,standard,6,1
catman_pilot_v1,P005,judgment,C01,j_relationship,6,human,retain,retain,affirm,continuous,standard,6,1
catman_pilot_v1,P005,judgment,C01,j_obligation,6,human,retain,retain,affirm,continuous,standard,6,1
catman_pilot_v1,P005,judgment,C01,j_treatment,5,human,retain,retain,affirm,continuous,standard,6,1
catman_pilot_v1,P005,judgment,C06,j_identity,5,human,retain,retain,affirm,discontinuous,standard,7,1
catman_pilot_v1,P005,judgment,C06,j_likeness,5,human,retain,retain,affirm,discontinuous,standard,7,1
catman_pilot_v1,P005,judgment,C06,j_relationship,6,human,retain,retain,affirm,discontinuous,standard,7,1
catman_pilot_v1,P005,judgment,C06,j_obligation,6,human,retain,retain,affirm,discontinuous,standard,7,1
catman_pilot_v1,P005,judgment,C06,j_treatment,5,human,retain,retain,affirm,discontinuous,standard,7,1
catman_pilot_v1,P005,judgment,A09,j_identity,5,human,retain,retain,deny,continuous,anchor,8,1
catman_pilot_v1,P005,judgment,A09,j_likeness,6,human,retain,retain,deny,continuous,anchor,8,1
catman_pilot_v1,P005,judgment,A09,j_relationship,6,human,retain,retain,deny,continuous,anchor,8,1
catman_pilot_v1,P005,judgment,A09,j_obligation,6,human,retain,retain,deny,continuous,anchor,8,1
catman_pilot_v1,P005,judgment,A09,j_treatment,5,human,retain,retain,deny,continuous,anchor,8,1
catman_pilot_v1,P005,judgment,A09,v_epistemic,4,human,retain,retain,deny,continuous,anchor,8,1
catman_pilot_v1,P005,judgment,A09,v_normative,4,human,retain,retain,deny,continuous,anchor,8,1
catman_pilot_v1,P005,judgment,A10,j_ab,7,cat,retain,retain,affirm,parallel,anchor,9,1
catman_pilot_v1,P005,judgment,A10,j_ac,1,cat,retain,retain,affirm,parallel,anchor,9,1
catman_pilot_v1,P005,judgment,A10,j_bc,1,cat,retain,retain,affirm,parallel,anchor,9,1
catman_pilot_v1,P005,judgment,A10,j_excl,7,cat,retain,retain,affirm,parallel,anchor,9,1
catman_pilot_v1,P005,judgment,A10,j_relationship,7,cat,retain,retain,affirm,parallel,anchor,9,1
catman_pilot_v1,P005,judgment,A10,j_obligation,7,cat,retain,retain,affirm,parallel,anchor,9,1
catman_pilot_v1,P005,judgment,A10,j_treatment,7,cat,retain,retain,affirm,parallel,anchor,9,1
catman_pilot_v1,P005,judgment,C05,j_identity,5,human,retain,retain,uncertain,continuous,standard,10,1
catman_pilot_v1,P005,judgment,C05,j_likeness,6,human,retain,retain,uncertain,continuous,standard,10,1
catman_pilot_v1,P005,judgment,C05,j_relationship,6,human,retain,retain,uncertain,continuous,standard,10,1
catman_pilot_v1,P005,judgment,C05,j_obligation,6,human,retain,retain,uncertain,continuous,standard,10,1
catman_pilot_v1,P005,judgment,C05,j_treatment,6,human,retain,retain,uncertain,continuous,standard,10,1
catman_pilot_v1,P012,judgment,C08,j_identity,6,human,lost,retain,affirm,discontinuous,standard,1,1
catman_pilot_v1,P012,judgment,C08,j_likeness,5,human,lost,retain,affirm,discontinuous,standard,1,1
catman_pilot_v1,P012,judgment,C08,j_relationship,2,human,lost,retain,affirm,discontinuous,standard,1,1
catman_pilot_v1,P012,judgment,C08,j_obligation,2,human,lost,retain,affirm,discontinuous,standard,1,1
catman_pilot_v1,P012,judgment,C08,j_treatment,5,human,lost,retain,affirm,discontinuous,standard,1,1
catman_pilot_v1,P012,judgment,C06,j_identity,7,human,retain,retain,affirm,discontinuous,standard,2,1
catman_pilot_v1,P012,judgment,C06,j_likeness,6,human,retain,retain,affirm,discontinuous,standard,2,1
catman_pilot_v1,P012,judgment,C06,j_relationship,7,human,retain,retain,affirm,discontinuous,standard,2,1
catman_pilot_v1,P012,judgment,C06,j_obligation,6,human,retain,retain,affirm,discontinuous,standard,2,1
catman_pilot_v1,P012,judgment,C06,j_treatment,6,human,retain,retain,affirm,discontinuous,standard,2,1
catman_pilot_v1,P012,judgment,C07,j_identity,5,cat,retain,retain,affirm,discontinuous,standard,3,1
catman_pilot_v1,P012,judgment,C07,j_likeness,4,cat,retain,retain,affirm,discontinuous,standard,3,1
catman_pilot_v1,P012,judgment,C07,j_relationship,2,cat,retain,retain,affirm,discontinuous,standard,3,1
catman_pilot_v1,P012,judgment,C07,j_obligation,2,cat,retain,retain,affirm,discontinuous,standard,3,1
catman_pilot_v1,P012,judgment,C07,j_treatment,2,cat,retain,retain,affirm,discontinuous,standard,3,1
catman_pilot_v1,P012,judgment,C04,j_identity,6,human,retain,limited,affirm,continuous,standard,4,1
catman_pilot_v1,P012,judgment,C04,j_likeness,7,human,retain,limited,affirm,continuous,standard,4,1
catman_pilot_v1,P012,judgment,C04,j_relationship,5,human,retain,limited,affirm,continuous,standard,4,1
catman_pilot_v1,P012,judgment,C04,j_obligation,5,human,retain,limited,affirm,continuous,standard,4,1
catman_pilot_v1,P012,judgment,C04,j_treatment,6,human,retain,limited,affirm,continuous,standard,4,1
catman_pilot_v1,P012,judgment,C01,j_identity,6,human,retain,retain,affirm,continuous,standard,5,1
catman_pilot_v1,P012,judgment,C01,j_likeness,7,human,retain,retain,affirm,continuous,standard,5,1
catman_pilot_v1,P012,judgment,C01,j_relationship,6,human,retain,retain,affirm,continuous,standard,5,1
catman_pilot_v1,P012,judgment,C01,j_obligation,7,human,retain,retain,affirm,continuous,standard,5,1
catman_pilot_v1,P012,judgment,C01,j_treatment,6,human,retain,retain,affirm,continuous,standard,5,1
catman_pilot_v1,P012,judgment,C02,j_identity,5,cat,retain,retain,affirm,continuous,standard,6,1
catman_pilot_v1,P012,judgment,C02,j_likeness,4,cat,retain,retain,affirm,continuous,standard,6,1
catman_pilot_v1,P012,judgment,C02,j_relationship,2,cat,retain,retain,affirm,continuous,standard,6,1
catman_pilot_v1,P012,judgment,C02,j_obligation,2,cat,retain,retain,affirm,continuous,standard,6,1
catman_pilot_v1,P012,judgment,C02,j_treatment,3,cat,retain,retain,affirm,continuous,standard,6,1
catman_pilot_v1,P012,judgment,A10,j_ab,7,cat,retain,retain,affirm,parallel,anchor,7,1
catman_pilot_v1,P012,judgment,A10,j_ac,3,cat,retain,retain,affirm,parallel,anchor,7,1
catman_pilot_v1,P012,judgment,A10,j_bc,2,cat,retain,retain,affirm,parallel,anchor,7,1
catman_pilot_v1,P012,judgment,A10,j_excl,6,cat,retain,retain,affirm,parallel,anchor,7,1
catman_pilot_v1,P012,judgment,A10,j_relationship,3,cat,retain,retain,affirm,parallel,anchor,7,1
catman_pilot_v1,P012,judgment,A10,j_obligation,2,cat,retain,retain,affirm,parallel,anchor,7,1
catman_pilot_v1,P012,judgment,A10,j_treatment,3,cat,retain,retain,affirm,parallel,anchor,7,1
catman_pilot_v1,P012,judgment,C05,j_identity,6,human,retain,retain,uncertain,continuous,standard,8,1
catman_pilot_v1,P012,judgment,C05,j_likeness,5,human,retain,retain,uncertain,continuous,standard,8,1
catman_pilot_v1,P012,judgment,C05,j_relationship,4,human,retain,retain,uncertain,continuous,standard,8,1
catman_pilot_v1,P012,judgment,C05,j_obligation,4,human,retain,retain,uncertain,continuous,standard,8,1
catman_pilot_v1,P012,judgment,C05,j_treatment,5,human,retain,retain,uncertain,continuous,standard,8,1
catman_pilot_v1,P012,judgment,A09,j_identity,6,human,retain,retain,deny,continuous,anchor,9,1
catman_pilot_v1,P012,judgment,A09,j_likeness,5,human,retain,retain,deny,continuous,anchor,9,1
catman_pilot_v1,P012,judgment,A09,j_relationship,6,human,retain,retain,deny,continuous,anchor,9,1
catman_pilot_v1,P012,judgment,A09,j_obligation,5,human,retain,retain,deny,continuous,anchor,9,1
catman_pilot_v1,P012,judgment,A09,j_treatment,6,human,retain,retain,deny,continuous,anchor,9,1
catman_pilot_v1,P012,judgment,A09,v_epistemic,2,human,retain,retain,deny,continuous,anchor,9,1
catman_pilot_v1,P012,judgment,A09,v_normative,3,human,retain,retain,deny,continuous,anchor,9,1
catman_pilot_v1,P012,judgment,C03,j_identity,3,human,lost,retain,affirm,continuous,standard,10,1
catman_pilot_v1,P012,judgment,C03,j_likeness,3,human,lost,retain,affirm,continuous,standard,10,1
catman_pilot_v1,P012,judgment,C03,j_relationship,2,human,lost,retain,affirm,continuous,standard,10,1
catman_pilot_v1,P012,judgment,C03,j_obligation,2,human,lost,retain,affirm,continuous,standard,10,1
catman_pilot_v1,P012,judgment,C03,j_treatment,3,human,lost,retain,affirm,continuous,standard,10,1
catman_pilot_v1,P018,judgment,C01,j_identity,1,human,retain,retain,affirm,continuous,standard,1,1
catman_pilot_v1,P018,judgment,C01,j_likeness,7,human,retain,retain,affirm,continuous,standard,1,1
catman_pilot_v1,P018,judgment,C01,j_relationship,6,human,retain,retain,affirm,continuous,standard,1,1
catman_pilot_v1,P018,judgment,C01,j_obligation,7,human,retain,retain,affirm,continuous,standard,1,1
catman_pilot_v1,P018,judgment,C01,j_treatment,1,human,retain,retain,affirm,continuous,standard,1,1
catman_pilot_v1,P018,judgment,C02,j_identity,6,cat,retain,retain,affirm,continuous,standard,2,1
catman_pilot_v1,P018,judgment,C02,j_likeness,1,cat,retain,retain,affirm,continuous,standard,2,1
catman_pilot_v1,P018,judgment,C02,j_relationship,4,cat,retain,retain,affirm,continuous,standard,2,1
catman_pilot_v1,P018,judgment,C02,j_obligation,6,cat,retain,retain,affirm,continuous,standard,2,1
catman_pilot_v1,P018,judgment,C02,j_treatment,7,cat,retain,retain,affirm,continuous,standard,2,1
catman_pilot_v1,P018,judgment,C05,j_identity,7,human,retain,retain,uncertain,continuous,standard,3,1
catman_pilot_v1,P018,judgment,C05,j_likeness,5,human,retain,retain,uncertain,continuous,standard,3,1
catman_pilot_v1,P018,judgment,C05,j_relationship,5,human,retain,retain,uncertain,continuous,standard,3,1
catman_pilot_v1,P018,judgment,C05,j_obligation,6,human,retain,retain,uncertain,continuous,standard,3,1
catman_pilot_v1,P018,judgment,C05,j_treatment,7,human,retain,retain,uncertain,continuous,standard,3,1
catman_pilot_v1,P018,judgment,C07,j_identity,2,cat,retain,retain,affirm,discontinuous,standard,4,1
catman_pilot_v1,P018,judgment,C07,j_likeness,1,cat,retain,retain,affirm,discontinuous,standard,4,1
catman_pilot_v1,P018,judgment,C07,j_relationship,4,cat,retain,retain,affirm,discontinuous,standard,4,1
catman_pilot_v1,P018,judgment,C07,j_obligation,5,cat,retain,retain,affirm,discontinuous,standard,4,1
catman_pilot_v1,P018,judgment,C07,j_treatment,4,cat,retain,retain,affirm,discontinuous,standard,4,1
catman_pilot_v1,P018,judgment,C04,j_identity,7,human,retain,limited,affirm,continuous,standard,5,1
catman_pilot_v1,P018,judgment,C04,j_likeness,4,human,retain,limited,affirm,continuous,standard,5,1
catman_pilot_v1,P018,judgment,C04,j_relationship,7,human,retain,limited,affirm,continuous,standard,5,1
catman_pilot_v1,P018,judgment,C04,j_obligation,4,human,retain,limited,affirm,continuous,standard,5,1
catman_pilot_v1,P018,judgment,C04,j_treatment,7,human,retain,limited,affirm,continuous,standard,5,1
catman_pilot_v1,P018,judgment,C03,j_identity,3,human,lost,retain,affirm,continuous,standard,6,1
catman_pilot_v1,P018,judgment,C03,j_likeness,5,human,lost,retain,affirm,continuous,standard,6,1
catman_pilot_v1,P018,judgment,C03,j_relationship,3,human,lost,retain,affirm,continuous,standard,6,1
catman_pilot_v1,P018,judgment,C03,j_obligation,4,human,lost,retain,affirm,continuous,standard,6,1
catman_pilot_v1,P018,judgment,C03,j_treatment,6,human,lost,retain,affirm,continuous,standard,6,1
catman_pilot_v1,P018,judgment,A09,j_identity,7,human,retain,retain,deny,continuous,anchor,7,1
catman_pilot_v1,P018,judgment,A09,j_likeness,7,human,retain,retain,deny,continuous,anchor,7,1
catman_pilot_v1,P018,judgment,A09,j_relationship,7,human,retain,retain,deny,continuous,anchor,7,1
catman_pilot_v1,P018,judgment,A09,j_obligation,7,human,retain,retain,deny,continuous,anchor,7,1
catman_pilot_v1,P018,judgment,A09,j_treatment,7,human,retain,retain,deny,continuous,anchor,7,1
catman_pilot_v1,P018,judgment,A09,v_epistemic,2,human,retain,retain,deny,continuous,anchor,7,1
catman_pilot_v1,P018,judgment,A09,v_normative,3,human,retain,retain,deny,continuous,anchor,7,1
catman_pilot_v1,P018,judgment,C08,j_identity,1,human,lost,retain,affirm,discontinuous,standard,8,1
catman_pilot_v1,P018,judgment,C08,j_likeness,6,human,lost,retain,affirm,discontinuous,standard,8,1
catman_pilot_v1,P018,judgment,C08,j_relationship,4,human,lost,retain,affirm,discontinuous,standard,8,1
catman_pilot_v1,P018,judgment,C08,j_obligation,7,human,lost,retain,affirm,discontinuous,standard,8,1
catman_pilot_v1,P018,judgment,C08,j_treatment,4,human,lost,retain,affirm,discontinuous,standard,8,1
catman_pilot_v1,P018,judgment,A10,j_ab,7,cat,retain,retain,affirm,parallel,anchor,9,1
catman_pilot_v1,P018,judgment,A10,j_ac,1,cat,retain,retain,affirm,parallel,anchor,9,1
catman_pilot_v1,P018,judgment,A10,j_bc,1,cat,retain,retain,affirm,parallel,anchor,9,1
catman_pilot_v1,P018,judgment,A10,j_excl,7,cat,retain,retain,affirm,parallel,anchor,9,1
catman_pilot_v1,P018,judgment,A10,j_relationship,7,cat,retain,retain,affirm,parallel,anchor,9,1
catman_pilot_v1,P018,judgment,A10,j_obligation,7,cat,retain,retain,affirm,parallel,anchor,9,1
catman_pilot_v1,P018,judgment,A10,j_treatment,7,cat,retain,retain,affirm,parallel,anchor,9,1
catman_pilot_v1,P018,judgment,C06,j_identity,1,human,retain,retain,affirm,discontinuous,standard,10,1
catman_pilot_v1,P018,judgment,C06,j_likeness,7,human,retain,retain,affirm,discontinuous,standard,10,1
catman_pilot_v1,P018,judgment,C06,j_relationship,7,human,retain,retain,affirm,discontinuous,standard,10,1
catman_pilot_v1,P018,judgment,C06,j_obligation,7,human,retain,retain,affirm,discontinuous,standard,10,1
catman_pilot_v1,P018,judgment,C06,j_treatment,4,human,retain,retain,affirm,discontinuous,standard,10,1
catman_pilot_v1,P016,judgment,C08,j_identity,1,human,lost,retain,affirm,discontinuous,standard,1,1
catman_pilot_v1,P016,judgment,C08,j_likeness,4,human,lost,retain,affirm,discontinuous,standard,1,1
catman_pilot_v1,P016,judgment,C08,j_relationship,3,human,lost,retain,affirm,discontinuous,standard,1,1
catman_pilot_v1,P016,judgment,C08,j_obligation,4,human,lost,retain,affirm,discontinuous,standard,1,1
catman_pilot_v1,P016,judgment,C08,j_treatment,4,human,lost,retain,affirm,discontinuous,standard,1,1
catman_pilot_v1,P016,judgment,C02,j_identity,6,cat,retain,retain,affirm,continuous,standard,2,1
catman_pilot_v1,P016,judgment,C02,j_likeness,4,cat,retain,retain,affirm,continuous,standard,2,1
catman_pilot_v1,P016,judgment,C02,j_relationship,4,cat,retain,retain,affirm,continuous,standard,2,1
catman_pilot_v1,P016,judgment,C02,j_obligation,6,cat,retain,retain,affirm,continuous,standard,2,1
catman_pilot_v1,P016,judgment,C02,j_treatment,5,cat,retain,retain,affirm,continuous,standard,2,1
catman_pilot_v1,P016,judgment,C01,j_identity,7,human,retain,retain,affirm,continuous,standard,3,1
catman_pilot_v1,P016,judgment,C01,j_likeness,7,human,retain,retain,affirm,continuous,standard,3,1
catman_pilot_v1,P016,judgment,C01,j_relationship,7,human,retain,retain,affirm,continuous,standard,3,1
catman_pilot_v1,P016,judgment,C01,j_obligation,7,human,retain,retain,affirm,continuous,standard,3,1
catman_pilot_v1,P016,judgment,C01,j_treatment,7,human,retain,retain,affirm,continuous,standard,3,1
catman_pilot_v1,P016,judgment,C06,j_identity,7,human,retain,retain,affirm,discontinuous,standard,4,1
catman_pilot_v1,P016,judgment,C06,j_likeness,7,human,retain,retain,affirm,discontinuous,standard,4,1
catman_pilot_v1,P016,judgment,C06,j_relationship,7,human,retain,retain,affirm,discontinuous,standard,4,1
catman_pilot_v1,P016,judgment,C06,j_obligation,6,human,retain,retain,affirm,discontinuous,standard,4,1
catman_pilot_v1,P016,judgment,C06,j_treatment,7,human,retain,retain,affirm,discontinuous,standard,4,1
catman_pilot_v1,P016,judgment,C04,j_identity,7,human,retain,limited,affirm,continuous,standard,5,1
catman_pilot_v1,P016,judgment,C04,j_likeness,7,human,retain,limited,affirm,continuous,standard,5,1
catman_pilot_v1,P016,judgment,C04,j_relationship,7,human,retain,limited,affirm,continuous,standard,5,1
catman_pilot_v1,P016,judgment,C04,j_obligation,7,human,retain,limited,affirm,continuous,standard,5,1
catman_pilot_v1,P016,judgment,C04,j_treatment,7,human,retain,limited,affirm,continuous,standard,5,1
catman_pilot_v1,P016,judgment,C07,j_identity,4,cat,retain,retain,affirm,discontinuous,standard,6,1
catman_pilot_v1,P016,judgment,C07,j_likeness,4,cat,retain,retain,affirm,discontinuous,standard,6,1
catman_pilot_v1,P016,judgment,C07,j_relationship,4,cat,retain,retain,affirm,discontinuous,standard,6,1
catman_pilot_v1,P016,judgment,C07,j_obligation,5,cat,retain,retain,affirm,discontinuous,standard,6,1
catman_pilot_v1,P016,judgment,C07,j_treatment,5,cat,retain,retain,affirm,discontinuous,standard,6,1
catman_pilot_v1,P016,judgment,A09,j_identity,4,human,retain,retain,deny,continuous,anchor,7,1
catman_pilot_v1,P016,judgment,A09,j_likeness,4,human,retain,retain,deny,continuous,anchor,7,1
catman_pilot_v1,P016,judgment,A09,j_relationship,3,human,retain,retain,deny,continuous,anchor,7,1
catman_pilot_v1,P016,judgment,A09,j_obligation,3,human,retain,retain,deny,continuous,anchor,7,1
catman_pilot_v1,P016,judgment,A09,j_treatment,4,human,retain,retain,deny,continuous,anchor,7,1
catman_pilot_v1,P016,judgment,A09,v_epistemic,7,human,retain,retain,deny,continuous,anchor,7,1
catman_pilot_v1,P016,judgment,A09,v_normative,7,human,retain,retain,deny,continuous,anchor,7,1
catman_pilot_v1,P016,judgment,C05,j_identity,4,human,retain,retain,uncertain,continuous,standard,8,1
catman_pilot_v1,P016,judgment,C05,j_likeness,6,human,retain,retain,uncertain,continuous,standard,8,1
catman_pilot_v1,P016,judgment,C05,j_relationship,5,human,retain,retain,uncertain,continuous,standard,8,1
catman_pilot_v1,P016,judgment,C05,j_obligation,4,human,retain,retain,uncertain,continuous,standard,8,1
catman_pilot_v1,P016,judgment,C05,j_treatment,4,human,retain,retain,uncertain,continuous,standard,8,1
catman_pilot_v1,P016,judgment,A10,j_ab,7,cat,retain,retain,affirm,parallel,anchor,9,1
catman_pilot_v1,P016,judgment,A10,j_ac,1,cat,retain,retain,affirm,parallel,anchor,9,1
catman_pilot_v1,P016,judgment,A10,j_bc,3,cat,retain,retain,affirm,parallel,anchor,9,1
catman_pilot_v1,P016,judgment,A10,j_excl,7,cat,retain,retain,affirm,parallel,anchor,9,1
catman_pilot_v1,P016,judgment,A10,j_relationship,7,cat,retain,retain,affirm,parallel,anchor,9,1
catman_pilot_v1,P016,judgment,A10,j_obligation,7,cat,retain,retain,affirm,parallel,anchor,9,1
catman_pilot_v1,P016,judgment,A10,j_treatment,7,cat,retain,retain,affirm,parallel,anchor,9,1
catman_pilot_v1,P016,judgment,C03,j_identity,2,human,lost,retain,affirm,continuous,standard,10,1
catman_pilot_v1,P016,judgment,C03,j_likeness,5,human,lost,retain,affirm,continuous,standard,10,1
catman_pilot_v1,P016,judgment,C03,j_relationship,3,human,lost,retain,affirm,continuous,standard,10,1
catman_pilot_v1,P016,judgment,C03,j_obligation,3,human,lost,retain,affirm,continuous,standard,10,1
catman_pilot_v1,P016,judgment,C03,j_treatment,3,human,lost,retain,affirm,continuous,standard,10,1
catman_pilot_v1,P028,judgment,C03,j_identity,1,human,lost,retain,affirm,continuous,standard,1,1
catman_pilot_v1,P028,judgment,C03,j_likeness,5,human,lost,retain,affirm,continuous,standard,1,1
catman_pilot_v1,P028,judgment,C03,j_relationship,1,human,lost,retain,affirm,continuous,standard,1,1
catman_pilot_v1,P028,judgment,C03,j_obligation,4,human,lost,retain,affirm,continuous,standard,1,1
catman_pilot_v1,P028,judgment,C03,j_treatment,4,human,lost,retain,affirm,continuous,standard,1,1
catman_pilot_v1,P028,judgment,C07,j_identity,1,cat,retain,retain,affirm,discontinuous,standard,2,1
catman_pilot_v1,P028,judgment,C07,j_likeness,4,cat,retain,retain,affirm,discontinuous,standard,2,1
catman_pilot_v1,P028,judgment,C07,j_relationship,4,cat,retain,retain,affirm,discontinuous,standard,2,1
catman_pilot_v1,P028,judgment,C07,j_obligation,1,cat,retain,retain,affirm,discontinuous,standard,2,1
catman_pilot_v1,P028,judgment,C07,j_treatment,4,cat,retain,retain,affirm,discontinuous,standard,2,1
catman_pilot_v1,P028,judgment,C02,j_identity,1,cat,retain,retain,affirm,continuous,standard,3,1
catman_pilot_v1,P028,judgment,C02,j_likeness,4,cat,retain,retain,affirm,continuous,standard,3,1
catman_pilot_v1,P028,judgment,C02,j_relationship,4,cat,retain,retain,affirm,continuous,standard,3,1
catman_pilot_v1,P028,judgment,C02,j_obligation,4,cat,retain,retain,affirm,continuous,standard,3,1
catman_pilot_v1,P028,judgment,C02,j_treatment,4,cat,retain,retain,affirm,continuous,standard,3,1
catman_pilot_v1,P028,judgment,C08,j_identity,1,human,lost,retain,affirm,discontinuous,standard,4,1
catman_pilot_v1,P028,judgment,C08,j_likeness,4,human,lost,retain,affirm,discontinuous,standard,4,1
catman_pilot_v1,P028,judgment,C08,j_relationship,4,human,lost,retain,affirm,discontinuous,standard,4,1
catman_pilot_v1,P028,judgment,C08,j_obligation,4,human,lost,retain,affirm,discontinuous,standard,4,1
catman_pilot_v1,P028,judgment,C08,j_treatment,4,human,lost,retain,affirm,discontinuous,standard,4,1
catman_pilot_v1,P028,judgment,C01,j_identity,7,human,retain,retain,affirm,continuous,standard,5,1
catman_pilot_v1,P028,judgment,C01,j_likeness,7,human,retain,retain,affirm,continuous,standard,5,1
catman_pilot_v1,P028,judgment,C01,j_relationship,7,human,retain,retain,affirm,continuous,standard,5,1
catman_pilot_v1,P028,judgment,C01,j_obligation,7,human,retain,retain,affirm,continuous,standard,5,1
catman_pilot_v1,P028,judgment,C01,j_treatment,7,human,retain,retain,affirm,continuous,standard,5,1
catman_pilot_v1,P028,judgment,A09,j_identity,4,human,retain,retain,deny,continuous,anchor,6,1
catman_pilot_v1,P028,judgment,A09,j_likeness,7,human,retain,retain,deny,continuous,anchor,6,1
catman_pilot_v1,P028,judgment,A09,j_relationship,4,human,retain,retain,deny,continuous,anchor,6,1
catman_pilot_v1,P028,judgment,A09,j_obligation,4,human,retain,retain,deny,continuous,anchor,6,1
catman_pilot_v1,P028,judgment,A09,j_treatment,7,human,retain,retain,deny,continuous,anchor,6,1
catman_pilot_v1,P028,judgment,A09,v_epistemic,4,human,retain,retain,deny,continuous,anchor,6,1
catman_pilot_v1,P028,judgment,A09,v_normative,4,human,retain,retain,deny,continuous,anchor,6,1
catman_pilot_v1,P028,judgment,C06,j_identity,7,human,retain,retain,affirm,discontinuous,standard,7,1
catman_pilot_v1,P028,judgment,C06,j_likeness,7,human,retain,retain,affirm,discontinuous,standard,7,1
catman_pilot_v1,P028,judgment,C06,j_relationship,7,human,retain,retain,affirm,discontinuous,standard,7,1
catman_pilot_v1,P028,judgment,C06,j_obligation,7,human,retain,retain,affirm,discontinuous,standard,7,1
catman_pilot_v1,P028,judgment,C06,j_treatment,7,human,retain,retain,affirm,discontinuous,standard,7,1
catman_pilot_v1,P028,judgment,C05,j_identity,7,human,retain,retain,uncertain,continuous,standard,8,1
catman_pilot_v1,P028,judgment,C05,j_likeness,7,human,retain,retain,uncertain,continuous,standard,8,1
catman_pilot_v1,P028,judgment,C05,j_relationship,4,human,retain,retain,uncertain,continuous,standard,8,1
catman_pilot_v1,P028,judgment,C05,j_obligation,7,human,retain,retain,uncertain,continuous,standard,8,1
catman_pilot_v1,P028,judgment,C05,j_treatment,7,human,retain,retain,uncertain,continuous,standard,8,1
catman_pilot_v1,P028,judgment,A10,j_ab,1,cat,retain,retain,affirm,parallel,anchor,9,1
catman_pilot_v1,P028,judgment,A10,j_ac,1,cat,retain,retain,affirm,parallel,anchor,9,1
catman_pilot_v1,P028,judgment,A10,j_bc,4,cat,retain,retain,affirm,parallel,anchor,9,1
catman_pilot_v1,P028,judgment,A10,j_excl,4,cat,retain,retain,affirm,parallel,anchor,9,1
catman_pilot_v1,P028,judgment,A10,j_relationship,4,cat,retain,retain,affirm,parallel,anchor,9,1
catman_pilot_v1,P028,judgment,A10,j_obligation,4,cat,retain,retain,affirm,parallel,anchor,9,1
catman_pilot_v1,P028,judgment,A10,j_treatment,4,cat,retain,retain,affirm,parallel,anchor,9,1
catman_pilot_v1,P028,judgment,C04,j_identity,1,human,retain,limited,affirm,continuous,standard,10,1
catman_pilot_v1,P028,judgment,C04,j_likeness,1,human,retain,limited,affirm,continuous,standard,10,1
catman_pilot_v1,P028,judgment,C04,j_relationship,4,human,retain,limited,affirm,continuous,standard,10,1
catman_pilot_v1,P028,judgment,C04,j_obligation,4,human,retain,limited,affirm,continuous,standard,10,1
catman_pilot_v1,P028,judgment,C04,j_treatment,4,human,retain,limited,affirm,continuous,standard,10,1
catman_pilot_v1,P086,judgment,C06,j_identity,6,human,retain,retain,affirm,discontinuous,standard,1,1
catman_pilot_v1,P086,judgment,C06,j_likeness,7,human,retain,retain,affirm,discontinuous,standard,1,1
catman_pilot_v1,P086,judgment,C06,j_relationship,7,human,retain,retain,affirm,discontinuous,standard,1,1
catman_pilot_v1,P086,judgment,C06,j_obligation,4,human,retain,retain,affirm,discontinuous,standard,1,1
catman_pilot_v1,P086,judgment,C06,j_treatment,7,human,retain,retain,affirm,discontinuous,standard,1,1
catman_pilot_v1,P086,judgment,C07,j_identity,3,cat,retain,retain,affirm,discontinuous,standard,2,1
catman_pilot_v1,P086,judgment,C07,j_likeness,7,cat,retain,retain,affirm,discontinuous,standard,2,1
catman_pilot_v1,P086,judgment,C07,j_relationship,4,cat,retain,retain,affirm,discontinuous,standard,2,1
catman_pilot_v1,P086,judgment,C07,j_obligation,4,cat,retain,retain,affirm,discontinuous,standard,2,1
catman_pilot_v1,P086,judgment,C07,j_treatment,4,cat,retain,retain,affirm,discontinuous,standard,2,1
catman_pilot_v1,P086,judgment,C03,j_identity,1,human,lost,retain,affirm,continuous,standard,3,1
catman_pilot_v1,P086,judgment,C03,j_likeness,5,human,lost,retain,affirm,continuous,standard,3,1
catman_pilot_v1,P086,judgment,C03,j_relationship,2,human,lost,retain,affirm,continuous,standard,3,1
catman_pilot_v1,P086,judgment,C03,j_obligation,1,human,lost,retain,affirm,continuous,standard,3,1
catman_pilot_v1,P086,judgment,C03,j_treatment,1,human,lost,retain,affirm,continuous,standard,3,1
catman_pilot_v1,P086,judgment,C04,j_identity,6,human,retain,limited,affirm,continuous,standard,4,1
catman_pilot_v1,P086,judgment,C04,j_likeness,6,human,retain,limited,affirm,continuous,standard,4,1
catman_pilot_v1,P086,judgment,C04,j_relationship,5,human,retain,limited,affirm,continuous,standard,4,1
catman_pilot_v1,P086,judgment,C04,j_obligation,6,human,retain,limited,affirm,continuous,standard,4,1
catman_pilot_v1,P086,judgment,C04,j_treatment,5,human,retain,limited,affirm,continuous,standard,4,1
catman_pilot_v1,P086,judgment,A09,j_identity,5,human,retain,retain,deny,continuous,anchor,5,1
catman_pilot_v1,P086,judgment,A09,j_likeness,5,human,retain,retain,deny,continuous,anchor,5,1
catman_pilot_v1,P086,judgment,A09,j_relationship,1,human,retain,retain,deny,continuous,anchor,5,1
catman_pilot_v1,P086,judgment,A09,j_obligation,1,human,retain,retain,deny,continuous,anchor,5,1
catman_pilot_v1,P086,judgment,A09,j_treatment,1,human,retain,retain,deny,continuous,anchor,5,1
catman_pilot_v1,P086,judgment,A09,v_epistemic,7,human,retain,retain,deny,continuous,anchor,5,1
catman_pilot_v1,P086,judgment,A09,v_normative,1,human,retain,retain,deny,continuous,anchor,5,1
catman_pilot_v1,P086,judgment,A10,j_ab,7,cat,retain,retain,affirm,parallel,anchor,6,1
catman_pilot_v1,P086,judgment,A10,j_ac,6,cat,retain,retain,affirm,parallel,anchor,6,1
catman_pilot_v1,P086,judgment,A10,j_bc,5,cat,retain,retain,affirm,parallel,anchor,6,1
catman_pilot_v1,P086,judgment,A10,j_excl,3,cat,retain,retain,affirm,parallel,anchor,6,1
catman_pilot_v1,P086,judgment,A10,j_relationship,7,cat,retain,retain,affirm,parallel,anchor,6,1
catman_pilot_v1,P086,judgment,A10,j_obligation,7,cat,retain,retain,affirm,parallel,anchor,6,1
catman_pilot_v1,P086,judgment,A10,j_treatment,7,cat,retain,retain,affirm,parallel,anchor,6,1
catman_pilot_v1,P086,judgment,C02,j_identity,3,cat,retain,retain,affirm,continuous,standard,7,1
catman_pilot_v1,P086,judgment,C02,j_likeness,4,cat,retain,retain,affirm,continuous,standard,7,1
catman_pilot_v1,P086,judgment,C02,j_relationship,2,cat,retain,retain,affirm,continuous,standard,7,1
catman_pilot_v1,P086,judgment,C02,j_obligation,5,cat,retain,retain,affirm,continuous,standard,7,1
catman_pilot_v1,P086,judgment,C02,j_treatment,1,cat,retain,retain,affirm,continuous,standard,7,1
catman_pilot_v1,P086,judgment,C05,j_identity,3,human,retain,retain,uncertain,continuous,standard,8,1
catman_pilot_v1,P086,judgment,C05,j_likeness,5,human,retain,retain,uncertain,continuous,standard,8,1
catman_pilot_v1,P086,judgment,C05,j_relationship,5,human,retain,retain,uncertain,continuous,standard,8,1
catman_pilot_v1,P086,judgment,C05,j_obligation,5,human,retain,retain,uncertain,continuous,standard,8,1
catman_pilot_v1,P086,judgment,C05,j_treatment,5,human,retain,retain,uncertain,continuous,standard,8,1
catman_pilot_v1,P086,judgment,C01,j_identity,3,human,retain,retain,affirm,continuous,standard,9,1
catman_pilot_v1,P086,judgment,C01,j_likeness,6,human,retain,retain,affirm,continuous,standard,9,1
catman_pilot_v1,P086,judgment,C01,j_relationship,7,human,retain,retain,affirm,continuous,standard,9,1
catman_pilot_v1,P086,judgment,C01,j_obligation,7,human,retain,retain,affirm,continuous,standard,9,1
catman_pilot_v1,P086,judgment,C01,j_treatment,7,human,retain,retain,affirm,continuous,standard,9,1
catman_pilot_v1,P086,judgment,C08,j_identity,2,human,lost,retain,affirm,discontinuous,standard,10,1
catman_pilot_v1,P086,judgment,C08,j_likeness,4,human,lost,retain,affirm,discontinuous,standard,10,1
catman_pilot_v1,P086,judgment,C08,j_relationship,1,human,lost,retain,affirm,discontinuous,standard,10,1
catman_pilot_v1,P086,judgment,C08,j_obligation,1,human,lost,retain,affirm,discontinuous,standard,10,1
catman_pilot_v1,P086,judgment,C08,j_treatment,2,human,lost,retain,affirm,discontinuous,standard,10,1
catman_pilot_v1,P063,judgment,C04,j_identity,2,human,retain,limited,affirm,continuous,standard,1,1
catman_pilot_v1,P063,judgment,C04,j_likeness,6,human,retain,limited,affirm,continuous,standard,1,1
catman_pilot_v1,P063,judgment,C04,j_relationship,2,human,retain,limited,affirm,continuous,standard,1,1
catman_pilot_v1,P063,judgment,C04,j_obligation,6,human,retain,limited,affirm,continuous,standard,1,1
catman_pilot_v1,P063,judgment,C04,j_treatment,6,human,retain,limited,affirm,continuous,standard,1,1
catman_pilot_v1,P063,judgment,C01,j_identity,2,human,retain,retain,affirm,continuous,standard,2,1
catman_pilot_v1,P063,judgment,C01,j_likeness,6,human,retain,retain,affirm,continuous,standard,2,1
catman_pilot_v1,P063,judgment,C01,j_relationship,6,human,retain,retain,affirm,continuous,standard,2,1
catman_pilot_v1,P063,judgment,C01,j_obligation,6,human,retain,retain,affirm,continuous,standard,2,1
catman_pilot_v1,P063,judgment,C01,j_treatment,6,human,retain,retain,affirm,continuous,standard,2,1
catman_pilot_v1,P063,judgment,C03,j_identity,2,human,lost,retain,affirm,continuous,standard,3,1
catman_pilot_v1,P063,judgment,C03,j_likeness,2,human,lost,retain,affirm,continuous,standard,3,1
catman_pilot_v1,P063,judgment,C03,j_relationship,2,human,lost,retain,affirm,continuous,standard,3,1
catman_pilot_v1,P063,judgment,C03,j_obligation,2,human,lost,retain,affirm,continuous,standard,3,1
catman_pilot_v1,P063,judgment,C03,j_treatment,2,human,lost,retain,affirm,continuous,standard,3,1
catman_pilot_v1,P063,judgment,C02,j_identity,2,cat,retain,retain,affirm,continuous,standard,4,1
catman_pilot_v1,P063,judgment,C02,j_likeness,2,cat,retain,retain,affirm,continuous,standard,4,1
catman_pilot_v1,P063,judgment,C02,j_relationship,2,cat,retain,retain,affirm,continuous,standard,4,1
catman_pilot_v1,P063,judgment,C02,j_obligation,2,cat,retain,retain,affirm,continuous,standard,4,1
catman_pilot_v1,P063,judgment,C02,j_treatment,2,cat,retain,retain,affirm,continuous,standard,4,1
catman_pilot_v1,P063,judgment,A10,j_ab,2,cat,retain,retain,affirm,parallel,anchor,5,1
catman_pilot_v1,P063,judgment,A10,j_ac,2,cat,retain,retain,affirm,parallel,anchor,5,1
catman_pilot_v1,P063,judgment,A10,j_bc,2,cat,retain,retain,affirm,parallel,anchor,5,1
catman_pilot_v1,P063,judgment,A10,j_excl,2,cat,retain,retain,affirm,parallel,anchor,5,1
catman_pilot_v1,P063,judgment,A10,j_relationship,2,cat,retain,retain,affirm,parallel,anchor,5,1
catman_pilot_v1,P063,judgment,A10,j_obligation,2,cat,retain,retain,affirm,parallel,anchor,5,1
catman_pilot_v1,P063,judgment,A10,j_treatment,2,cat,retain,retain,affirm,parallel,anchor,5,1
catman_pilot_v1,P063,judgment,C07,j_identity,2,cat,retain,retain,affirm,discontinuous,standard,6,1
catman_pilot_v1,P063,judgment,C07,j_likeness,2,cat,retain,retain,affirm,discontinuous,standard,6,1
catman_pilot_v1,P063,judgment,C07,j_relationship,2,cat,retain,retain,affirm,discontinuous,standard,6,1
catman_pilot_v1,P063,judgment,C07,j_obligation,2,cat,retain,retain,affirm,discontinuous,standard,6,1
catman_pilot_v1,P063,judgment,C07,j_treatment,2,cat,retain,retain,affirm,discontinuous,standard,6,1
catman_pilot_v1,P063,judgment,C06,j_identity,2,human,retain,retain,affirm,discontinuous,standard,7,1
catman_pilot_v1,P063,judgment,C06,j_likeness,6,human,retain,retain,affirm,discontinuous,standard,7,1
catman_pilot_v1,P063,judgment,C06,j_relationship,6,human,retain,retain,affirm,discontinuous,standard,7,1
catman_pilot_v1,P063,judgment,C06,j_obligation,6,human,retain,retain,affirm,discontinuous,standard,7,1
catman_pilot_v1,P063,judgment,C06,j_treatment,6,human,retain,retain,affirm,discontinuous,standard,7,1
catman_pilot_v1,P063,judgment,C05,j_identity,6,human,retain,retain,uncertain,continuous,standard,8,1
catman_pilot_v1,P063,judgment,C05,j_likeness,6,human,retain,retain,uncertain,continuous,standard,8,1
catman_pilot_v1,P063,judgment,C05,j_relationship,6,human,retain,retain,uncertain,continuous,standard,8,1
catman_pilot_v1,P063,judgment,C05,j_obligation,2,human,retain,retain,uncertain,continuous,standard,8,1
catman_pilot_v1,P063,judgment,C05,j_treatment,6,human,retain,retain,uncertain,continuous,standard,8,1
catman_pilot_v1,P063,judgment,C08,j_identity,2,human,lost,retain,affirm,discontinuous,standard,9,1
catman_pilot_v1,P063,judgment,C08,j_likeness,6,human,lost,retain,affirm,discontinuous,standard,9,1
catman_pilot_v1,P063,judgment,C08,j_relationship,6,human,lost,retain,affirm,discontinuous,standard,9,1
catman_pilot_v1,P063,judgment,C08,j_obligation,2,human,lost,retain,affirm,discontinuous,standard,9,1
catman_pilot_v1,P063,judgment,C08,j_treatment,6,human,lost,retain,affirm,discontinuous,standard,9,1
catman_pilot_v1,P063,judgment,A09,j_identity,2,human,retain,retain,deny,continuous,anchor,10,1
catman_pilot_v1,P063,judgment,A09,j_likeness,6,human,retain,retain,deny,continuous,anchor,10,1
catman_pilot_v1,P063,judgment,A09,j_relationship,2,human,retain,retain,deny,continuous,anchor,10,1
catman_pilot_v1,P063,judgment,A09,j_obligation,6,human,retain,retain,deny,continuous,anchor,10,1
catman_pilot_v1,P063,judgment,A09,j_treatment,2,human,retain,retain,deny,continuous,anchor,10,1
catman_pilot_v1,P063,judgment,A09,v_epistemic,7,human,retain,retain,deny,continuous,anchor,10,1
catman_pilot_v1,P063,judgment,A09,v_normative,6,human,retain,retain,deny,continuous,anchor,10,1
catman_pilot_v1,P097,judgment,C01,j_identity,7,human,retain,retain,affirm,continuous,standard,1,1
catman_pilot_v1,P097,judgment,C01,j_likeness,7,human,retain,retain,affirm,continuous,standard,1,1
catman_pilot_v1,P097,judgment,C01,j_relationship,7,human,retain,retain,affirm,continuous,standard,1,1
catman_pilot_v1,P097,judgment,C01,j_obligation,7,human,retain,retain,affirm,continuous,standard,1,1
catman_pilot_v1,P097,judgment,C01,j_treatment,7,human,retain,retain,affirm,continuous,standard,1,1
catman_pilot_v1,P097,judgment,C02,j_identity,1,cat,retain,retain,affirm,continuous,standard,2,1
catman_pilot_v1,P097,judgment,C02,j_likeness,2,cat,retain,retain,affirm,continuous,standard,2,1
catman_pilot_v1,P097,judgment,C02,j_relationship,2,cat,retain,retain,affirm,continuous,standard,2,1
catman_pilot_v1,P097,judgment,C02,j_obligation,2,cat,retain,retain,affirm,continuous,standard,2,1
catman_pilot_v1,P097,judgment,C02,j_treatment,1,cat,retain,retain,affirm,continuous,standard,2,1
catman_pilot_v1,P097,judgment,C05,j_identity,5,human,retain,retain,uncertain,continuous,standard,3,1
catman_pilot_v1,P097,judgment,C05,j_likeness,7,human,retain,retain,uncertain,continuous,standard,3,1
catman_pilot_v1,P097,judgment,C05,j_relationship,7,human,retain,retain,uncertain,continuous,standard,3,1
catman_pilot_v1,P097,judgment,C05,j_obligation,7,human,retain,retain,uncertain,continuous,standard,3,1
catman_pilot_v1,P097,judgment,C05,j_treatment,6,human,retain,retain,uncertain,continuous,standard,3,1
catman_pilot_v1,P097,judgment,C06,j_identity,3,human,retain,retain,affirm,discontinuous,standard,4,1
catman_pilot_v1,P097,judgment,C06,j_likeness,7,human,retain,retain,affirm,discontinuous,standard,4,1
catman_pilot_v1,P097,judgment,C06,j_relationship,6,human,retain,retain,affirm,discontinuous,standard,4,1
catman_pilot_v1,P097,judgment,C06,j_obligation,6,human,retain,retain,affirm,discontinuous,standard,4,1
catman_pilot_v1,P097,judgment,C06,j_treatment,5,human,retain,retain,affirm,discontinuous,standard,4,1
catman_pilot_v1,P097,judgment,C03,j_identity,3,human,lost,retain,affirm,continuous,standard,5,1
catman_pilot_v1,P097,judgment,C03,j_likeness,4,human,lost,retain,affirm,continuous,standard,5,1
catman_pilot_v1,P097,judgment,C03,j_relationship,3,human,lost,retain,affirm,continuous,standard,5,1
catman_pilot_v1,P097,judgment,C03,j_obligation,4,human,lost,retain,affirm,continuous,standard,5,1
catman_pilot_v1,P097,judgment,C03,j_treatment,3,human,lost,retain,affirm,continuous,standard,5,1
catman_pilot_v1,P097,judgment,C08,j_identity,2,human,lost,retain,affirm,discontinuous,standard,6,1
catman_pilot_v1,P097,judgment,C08,j_likeness,4,human,lost,retain,affirm,discontinuous,standard,6,1
catman_pilot_v1,P097,judgment,C08,j_relationship,3,human,lost,retain,affirm,discontinuous,standard,6,1
catman_pilot_v1,P097,judgment,C08,j_obligation,3,human,lost,retain,affirm,discontinuous,standard,6,1
catman_pilot_v1,P097,judgment,C08,j_treatment,3,human,lost,retain,affirm,discontinuous,standard,6,1
catman_pilot_v1,P097,judgment,C07,j_identity,3,cat,retain,retain,affirm,discontinuous,standard,7,1
catman_pilot_v1,P097,judgment,C07,j_likeness,5,cat,retain,retain,affirm,discontinuous,standard,7,1
catman_pilot_v1,P097,judgment,C07,j_relationship,5,cat,retain,retain,affirm,discontinuous,standard,7,1
catman_pilot_v1,P097,judgment,C07,j_obligation,5,cat,retain,retain,affirm,discontinuous,standard,7,1
catman_pilot_v1,P097,judgment,C07,j_treatment,4,cat,retain,retain,affirm,discontinuous,standard,7,1
catman_pilot_v1,P097,judgment,A10,j_ab,7,cat,retain,retain,affirm,parallel,anchor,8,1
catman_pilot_v1,P097,judgment,A10,j_ac,1,cat,retain,retain,affirm,parallel,anchor,8,1
catman_pilot_v1,P097,judgment,A10,j_bc,1,cat,retain,retain,affirm,parallel,anchor,8,1
catman_pilot_v1,P097,judgment,A10,j_excl,7,cat,retain,retain,affirm,parallel,anchor,8,1
catman_pilot_v1,P097,judgment,A10,j_relationship,1,cat,retain,retain,affirm,parallel,anchor,8,1
catman_pilot_v1,P097,judgment,A10,j_obligation,1,cat,retain,retain,affirm,parallel,anchor,8,1
catman_pilot_v1,P097,judgment,A10,j_treatment,1,cat,retain,retain,affirm,parallel,anchor,8,1
catman_pilot_v1,P097,judgment,A09,j_identity,6,human,retain,retain,deny,continuous,anchor,9,1
catman_pilot_v1,P097,judgment,A09,j_likeness,7,human,retain,retain,deny,continuous,anchor,9,1
catman_pilot_v1,P097,judgment,A09,j_relationship,7,human,retain,retain,deny,continuous,anchor,9,1
catman_pilot_v1,P097,judgment,A09,j_obligation,7,human,retain,retain,deny,continuous,anchor,9,1
catman_pilot_v1,P097,judgment,A09,j_treatment,7,human,retain,retain,deny,continuous,anchor,9,1
catman_pilot_v1,P097,judgment,A09,v_epistemic,2,human,retain,retain,deny,continuous,anchor,9,1
catman_pilot_v1,P097,judgment,A09,v_normative,6,human,retain,retain,deny,continuous,anchor,9,1
catman_pilot_v1,P097,judgment,C04,j_identity,7,human,retain,limited,affirm,continuous,standard,10,1
catman_pilot_v1,P097,judgment,C04,j_likeness,7,human,retain,limited,affirm,continuous,standard,10,1
catman_pilot_v1,P097,judgment,C04,j_relationship,7,human,retain,limited,affirm,continuous,standard,10,1
catman_pilot_v1,P097,judgment,C04,j_obligation,7,human,retain,limited,affirm,continuous,standard,10,1
catman_pilot_v1,P097,judgment,C04,j_treatment,7,human,retain,limited,affirm,continuous,standard,10,1
catman_pilot_v1,P037,judgment,C03,j_identity,1,human,lost,retain,affirm,continuous,standard,1,1
catman_pilot_v1,P037,judgment,C03,j_likeness,3,human,lost,retain,affirm,continuous,standard,1,1
catman_pilot_v1,P037,judgment,C03,j_relationship,4,human,lost,retain,affirm,continuous,standard,1,1
catman_pilot_v1,P037,judgment,C03,j_obligation,2,human,lost,retain,affirm,continuous,standard,1,1
catman_pilot_v1,P037,judgment,C03,j_treatment,4,human,lost,retain,affirm,continuous,standard,1,1
catman_pilot_v1,P037,judgment,C06,j_identity,5,human,retain,retain,affirm,discontinuous,standard,2,1
catman_pilot_v1,P037,judgment,C06,j_likeness,5,human,retain,retain,affirm,discontinuous,standard,2,1
catman_pilot_v1,P037,judgment,C06,j_relationship,6,human,retain,retain,affirm,discontinuous,standard,2,1
catman_pilot_v1,P037,judgment,C06,j_obligation,6,human,retain,retain,affirm,discontinuous,standard,2,1
catman_pilot_v1,P037,judgment,C06,j_treatment,5,human,retain,retain,affirm,discontinuous,standard,2,1
catman_pilot_v1,P037,judgment,C01,j_identity,5,human,retain,retain,affirm,continuous,standard,3,1
catman_pilot_v1,P037,judgment,C01,j_likeness,6,human,retain,retain,affirm,continuous,standard,3,1
catman_pilot_v1,P037,judgment,C01,j_relationship,5,human,retain,retain,affirm,continuous,standard,3,1
catman_pilot_v1,P037,judgment,C01,j_obligation,6,human,retain,retain,affirm,continuous,standard,3,1
catman_pilot_v1,P037,judgment,C01,j_treatment,5,human,retain,retain,affirm,continuous,standard,3,1
catman_pilot_v1,P037,judgment,C04,j_identity,5,human,retain,limited,affirm,continuous,standard,4,1
catman_pilot_v1,P037,judgment,C04,j_likeness,5,human,retain,limited,affirm,continuous,standard,4,1
catman_pilot_v1,P037,judgment,C04,j_relationship,4,human,retain,limited,affirm,continuous,standard,4,1
catman_pilot_v1,P037,judgment,C04,j_obligation,5,human,retain,limited,affirm,continuous,standard,4,1
catman_pilot_v1,P037,judgment,C04,j_treatment,5,human,retain,limited,affirm,continuous,standard,4,1
catman_pilot_v1,P037,judgment,C05,j_identity,5,human,retain,retain,uncertain,continuous,standard,5,1
catman_pilot_v1,P037,judgment,C05,j_likeness,5,human,retain,retain,uncertain,continuous,standard,5,1
catman_pilot_v1,P037,judgment,C05,j_relationship,5,human,retain,retain,uncertain,continuous,standard,5,1
catman_pilot_v1,P037,judgment,C05,j_obligation,6,human,retain,retain,uncertain,continuous,standard,5,1
catman_pilot_v1,P037,judgment,C05,j_treatment,5,human,retain,retain,uncertain,continuous,standard,5,1
catman_pilot_v1,P037,judgment,A09,j_identity,5,human,retain,retain,deny,continuous,anchor,6,1
catman_pilot_v1,P037,judgment,A09,j_likeness,4,human,retain,retain,deny,continuous,anchor,6,1
catman_pilot_v1,P037,judgment,A09,j_relationship,4,human,retain,retain,deny,continuous,anchor,6,1
catman_pilot_v1,P037,judgment,A09,j_obligation,6,human,retain,retain,deny,continuous,anchor,6,1
catman_pilot_v1,P037,judgment,A09,j_treatment,5,human,retain,retain,deny,continuous,anchor,6,1
catman_pilot_v1,P037,judgment,A09,v_epistemic,4,human,retain,retain,deny,continuous,anchor,6,1
catman_pilot_v1,P037,judgment,A09,v_normative,3,human,retain,retain,deny,continuous,anchor,6,1
catman_pilot_v1,P037,judgment,C02,j_identity,4,cat,retain,retain,affirm,continuous,standard,7,1
catman_pilot_v1,P037,judgment,C02,j_likeness,5,cat,retain,retain,affirm,continuous,standard,7,1
catman_pilot_v1,P037,judgment,C02,j_relationship,4,cat,retain,retain,affirm,continuous,standard,7,1
catman_pilot_v1,P037,judgment,C02,j_obligation,4,cat,retain,retain,affirm,continuous,standard,7,1
catman_pilot_v1,P037,judgment,C02,j_treatment,5,cat,retain,retain,affirm,continuous,standard,7,1
catman_pilot_v1,P037,judgment,C07,j_identity,4,cat,retain,retain,affirm,discontinuous,standard,8,1
catman_pilot_v1,P037,judgment,C07,j_likeness,4,cat,retain,retain,affirm,discontinuous,standard,8,1
catman_pilot_v1,P037,judgment,C07,j_relationship,4,cat,retain,retain,affirm,discontinuous,standard,8,1
catman_pilot_v1,P037,judgment,C07,j_obligation,5,cat,retain,retain,affirm,discontinuous,standard,8,1
catman_pilot_v1,P037,judgment,C07,j_treatment,5,cat,retain,retain,affirm,discontinuous,standard,8,1
catman_pilot_v1,P037,judgment,A10,j_ab,6,cat,retain,retain,affirm,parallel,anchor,9,1
catman_pilot_v1,P037,judgment,A10,j_ac,4,cat,retain,retain,affirm,parallel,anchor,9,1
catman_pilot_v1,P037,judgment,A10,j_bc,5,cat,retain,retain,affirm,parallel,anchor,9,1
catman_pilot_v1,P037,judgment,A10,j_excl,4,cat,retain,retain,affirm,parallel,anchor,9,1
catman_pilot_v1,P037,judgment,A10,j_relationship,4,cat,retain,retain,affirm,parallel,anchor,9,1
catman_pilot_v1,P037,judgment,A10,j_obligation,5,cat,retain,retain,affirm,parallel,anchor,9,1
catman_pilot_v1,P037,judgment,A10,j_treatment,4,cat,retain,retain,affirm,parallel,anchor,9,1
catman_pilot_v1,P037,judgment,C08,j_identity,2,human,lost,retain,affirm,discontinuous,standard,10,1
catman_pilot_v1,P037,judgment,C08,j_likeness,3,human,lost,retain,affirm,discontinuous,standard,10,1
catman_pilot_v1,P037,judgment,C08,j_relationship,4,human,lost,retain,affirm,discontinuous,standard,10,1
catman_pilot_v1,P037,judgment,C08,j_obligation,2,human,lost,retain,affirm,discontinuous,standard,10,1
catman_pilot_v1,P037,judgment,C08,j_treatment,3,human,lost,retain,affirm,discontinuous,standard,10,1
catman_pilot_v1,P017,judgment,C07,j_identity,1,cat,retain,retain,affirm,discontinuous,standard,1,1
catman_pilot_v1,P017,judgment,C07,j_likeness,4,cat,retain,retain,affirm,discontinuous,standard,1,1
catman_pilot_v1,P017,judgment,C07,j_relationship,6,cat,retain,retain,affirm,discontinuous,standard,1,1
catman_pilot_v1,P017,judgment,C07,j_obligation,6,cat,retain,retain,affirm,discontinuous,standard,1,1
catman_pilot_v1,P017,judgment,C07,j_treatment,4,cat,retain,retain,affirm,discontinuous,standard,1,1
catman_pilot_v1,P017,judgment,C06,j_identity,1,human,retain,retain,affirm,discontinuous,standard,2,1
catman_pilot_v1,P017,judgment,C06,j_likeness,7,human,retain,retain,affirm,discontinuous,standard,2,1
catman_pilot_v1,P017,judgment,C06,j_relationship,4,human,retain,retain,affirm,discontinuous,standard,2,1
catman_pilot_v1,P017,judgment,C06,j_obligation,4,human,retain,retain,affirm,discontinuous,standard,2,1
catman_pilot_v1,P017,judgment,C06,j_treatment,4,human,retain,retain,affirm,discontinuous,standard,2,1
catman_pilot_v1,P017,judgment,C08,j_identity,4,human,lost,retain,affirm,discontinuous,standard,3,1
catman_pilot_v1,P017,judgment,C08,j_likeness,7,human,lost,retain,affirm,discontinuous,standard,3,1
catman_pilot_v1,P017,judgment,C08,j_relationship,4,human,lost,retain,affirm,discontinuous,standard,3,1
catman_pilot_v1,P017,judgment,C08,j_obligation,4,human,lost,retain,affirm,discontinuous,standard,3,1
catman_pilot_v1,P017,judgment,C08,j_treatment,4,human,lost,retain,affirm,discontinuous,standard,3,1
catman_pilot_v1,P017,judgment,C02,j_identity,1,cat,retain,retain,affirm,continuous,standard,4,1
catman_pilot_v1,P017,judgment,C02,j_likeness,1,cat,retain,retain,affirm,continuous,standard,4,1
catman_pilot_v1,P017,judgment,C02,j_relationship,4,cat,retain,retain,affirm,continuous,standard,4,1
catman_pilot_v1,P017,judgment,C02,j_obligation,4,cat,retain,retain,affirm,continuous,standard,4,1
catman_pilot_v1,P017,judgment,C02,j_treatment,4,cat,retain,retain,affirm,continuous,standard,4,1
catman_pilot_v1,P017,judgment,C03,j_identity,4,human,lost,retain,affirm,continuous,standard,5,1
catman_pilot_v1,P017,judgment,C03,j_likeness,7,human,lost,retain,affirm,continuous,standard,5,1
catman_pilot_v1,P017,judgment,C03,j_relationship,6,human,lost,retain,affirm,continuous,standard,5,1
catman_pilot_v1,P017,judgment,C03,j_obligation,4,human,lost,retain,affirm,continuous,standard,5,1
catman_pilot_v1,P017,judgment,C03,j_treatment,4,human,lost,retain,affirm,continuous,standard,5,1
catman_pilot_v1,P017,judgment,C01,j_identity,1,human,retain,retain,affirm,continuous,standard,6,1
catman_pilot_v1,P017,judgment,C01,j_likeness,7,human,retain,retain,affirm,continuous,standard,6,1
catman_pilot_v1,P017,judgment,C01,j_relationship,6,human,retain,retain,affirm,continuous,standard,6,1
catman_pilot_v1,P017,judgment,C01,j_obligation,4,human,retain,retain,affirm,continuous,standard,6,1
catman_pilot_v1,P017,judgment,C01,j_treatment,4,human,retain,retain,affirm,continuous,standard,6,1
catman_pilot_v1,P017,judgment,A10,j_ab,7,cat,retain,retain,affirm,parallel,anchor,7,1
catman_pilot_v1,P017,judgment,A10,j_ac,1,cat,retain,retain,affirm,parallel,anchor,7,1
catman_pilot_v1,P017,judgment,A10,j_bc,1,cat,retain,retain,affirm,parallel,anchor,7,1
catman_pilot_v1,P017,judgment,A10,j_excl,7,cat,retain,retain,affirm,parallel,anchor,7,1
catman_pilot_v1,P017,judgment,A10,j_relationship,7,cat,retain,retain,affirm,parallel,anchor,7,1
catman_pilot_v1,P017,judgment,A10,j_obligation,7,cat,retain,retain,affirm,parallel,anchor,7,1
catman_pilot_v1,P017,judgment,A10,j_treatment,7,cat,retain,retain,affirm,parallel,anchor,7,1
catman_pilot_v1,P017,judgment,A09,j_identity,1,human,retain,retain,deny,continuous,anchor,8,1
catman_pilot_v1,P017,judgment,A09,j_likeness,1,human,retain,retain,deny,continuous,anchor,8,1
catman_pilot_v1,P017,judgment,A09,j_relationship,4,human,retain,retain,deny,continuous,anchor,8,1
catman_pilot_v1,P017,judgment,A09,j_obligation,4,human,retain,retain,deny,continuous,anchor,8,1
catman_pilot_v1,P017,judgment,A09,j_treatment,4,human,retain,retain,deny,continuous,anchor,8,1
catman_pilot_v1,P017,judgment,A09,v_epistemic,2,human,retain,retain,deny,continuous,anchor,8,1
catman_pilot_v1,P017,judgment,A09,v_normative,4,human,retain,retain,deny,continuous,anchor,8,1
catman_pilot_v1,P017,judgment,C05,j_identity,1,human,retain,retain,uncertain,continuous,standard,9,1
catman_pilot_v1,P017,judgment,C05,j_likeness,2,human,retain,retain,uncertain,continuous,standard,9,1
catman_pilot_v1,P017,judgment,C05,j_relationship,4,human,retain,retain,uncertain,continuous,standard,9,1
catman_pilot_v1,P017,judgment,C05,j_obligation,4,human,retain,retain,uncertain,continuous,standard,9,1
catman_pilot_v1,P017,judgment,C05,j_treatment,4,human,retain,retain,uncertain,continuous,standard,9,1
catman_pilot_v1,P017,judgment,C04,j_identity,1,human,retain,limited,affirm,continuous,standard,10,1
catman_pilot_v1,P017,judgment,C04,j_likeness,6,human,retain,limited,affirm,continuous,standard,10,1
catman_pilot_v1,P017,judgment,C04,j_relationship,6,human,retain,limited,affirm,continuous,standard,10,1
catman_pilot_v1,P017,judgment,C04,j_obligation,7,human,retain,limited,affirm,continuous,standard,10,1
catman_pilot_v1,P017,judgment,C04,j_treatment,6,human,retain,limited,affirm,continuous,standard,10,1
catman_pilot_v1,P039,judgment,C05,j_identity,7,human,retain,retain,uncertain,continuous,standard,1,1
catman_pilot_v1,P039,judgment,C05,j_likeness,7,human,retain,retain,uncertain,continuous,standard,1,1
catman_pilot_v1,P039,judgment,C05,j_relationship,6,human,retain,retain,uncertain,continuous,standard,1,1
catman_pilot_v1,P039,judgment,C05,j_obligation,5,human,retain,retain,uncertain,continuous,standard,1,1
catman_pilot_v1,P039,judgment,C05,j_treatment,6,human,retain,retain,uncertain,continuous,standard,1,1
catman_pilot_v1,P039,judgment,C08,j_identity,2,human,lost,retain,affirm,discontinuous,standard,2,1
catman_pilot_v1,P039,judgment,C08,j_likeness,1,human,lost,retain,affirm,discontinuous,standard,2,1
catman_pilot_v1,P039,judgment,C08,j_relationship,1,human,lost,retain,affirm,discontinuous,standard,2,1
catman_pilot_v1,P039,judgment,C08,j_obligation,1,human,lost,retain,affirm,discontinuous,standard,2,1
catman_pilot_v1,P039,judgment,C08,j_treatment,2,human,lost,retain,affirm,discontinuous,standard,2,1
catman_pilot_v1,P039,judgment,C04,j_identity,3,human,retain,limited,affirm,continuous,standard,3,1
catman_pilot_v1,P039,judgment,C04,j_likeness,6,human,retain,limited,affirm,continuous,standard,3,1
catman_pilot_v1,P039,judgment,C04,j_relationship,7,human,retain,limited,affirm,continuous,standard,3,1
catman_pilot_v1,P039,judgment,C04,j_obligation,4,human,retain,limited,affirm,continuous,standard,3,1
catman_pilot_v1,P039,judgment,C04,j_treatment,7,human,retain,limited,affirm,continuous,standard,3,1
catman_pilot_v1,P039,judgment,C03,j_identity,1,human,lost,retain,affirm,continuous,standard,4,1
catman_pilot_v1,P039,judgment,C03,j_likeness,2,human,lost,retain,affirm,continuous,standard,4,1
catman_pilot_v1,P039,judgment,C03,j_relationship,1,human,lost,retain,affirm,continuous,standard,4,1
catman_pilot_v1,P039,judgment,C03,j_obligation,1,human,lost,retain,affirm,continuous,standard,4,1
catman_pilot_v1,P039,judgment,C03,j_treatment,3,human,lost,retain,affirm,continuous,standard,4,1
catman_pilot_v1,P039,judgment,C07,j_identity,1,cat,retain,retain,affirm,discontinuous,standard,5,1
catman_pilot_v1,P039,judgment,C07,j_likeness,3,cat,retain,retain,affirm,discontinuous,standard,5,1
catman_pilot_v1,P039,judgment,C07,j_relationship,2,cat,retain,retain,affirm,discontinuous,standard,5,1
catman_pilot_v1,P039,judgment,C07,j_obligation,1,cat,retain,retain,affirm,discontinuous,standard,5,1
catman_pilot_v1,P039,judgment,C07,j_treatment,2,cat,retain,retain,affirm,discontinuous,standard,5,1
catman_pilot_v1,P039,judgment,C02,j_identity,3,cat,retain,retain,affirm,continuous,standard,6,1
catman_pilot_v1,P039,judgment,C02,j_likeness,5,cat,retain,retain,affirm,continuous,standard,6,1
catman_pilot_v1,P039,judgment,C02,j_relationship,2,cat,retain,retain,affirm,continuous,standard,6,1
catman_pilot_v1,P039,judgment,C02,j_obligation,1,cat,retain,retain,affirm,continuous,standard,6,1
catman_pilot_v1,P039,judgment,C02,j_treatment,3,cat,retain,retain,affirm,continuous,standard,6,1
catman_pilot_v1,P039,judgment,A10,j_ab,1,cat,retain,retain,affirm,parallel,anchor,7,1
catman_pilot_v1,P039,judgment,A10,j_ac,1,cat,retain,retain,affirm,parallel,anchor,7,1
catman_pilot_v1,P039,judgment,A10,j_bc,1,cat,retain,retain,affirm,parallel,anchor,7,1
catman_pilot_v1,P039,judgment,A10,j_excl,7,cat,retain,retain,affirm,parallel,anchor,7,1
catman_pilot_v1,P039,judgment,A10,j_relationship,3,cat,retain,retain,affirm,parallel,anchor,7,1
catman_pilot_v1,P039,judgment,A10,j_obligation,1,cat,retain,retain,affirm,parallel,anchor,7,1
catman_pilot_v1,P039,judgment,A10,j_treatment,2,cat,retain,retain,affirm,parallel,anchor,7,1
catman_pilot_v1,P039,judgment,C01,j_identity,6,human,retain,retain,affirm,continuous,standard,8,1
catman_pilot_v1,P039,judgment,C01,j_likeness,7,human,retain,retain,affirm,continuous,standard,8,1
catman_pilot_v1,P039,judgment,C01,j_relationship,7,human,retain,retain,affirm,continuous,standard,8,1
catman_pilot_v1,P039,judgment,C01,j_obligation,7,human,retain,retain,affirm,continuous,standard,8,1
catman_pilot_v1,P039,judgment,C01,j_treatment,7,human,retain,retain,affirm,continuous,standard,8,1
catman_pilot_v1,P039,judgment,C06,j_identity,6,human,retain,retain,affirm,discontinuous,standard,9,1
catman_pilot_v1,P039,judgment,C06,j_likeness,7,human,retain,retain,affirm,discontinuous,standard,9,1
catman_pilot_v1,P039,judgment,C06,j_relationship,6,human,retain,retain,affirm,discontinuous,standard,9,1
catman_pilot_v1,P039,judgment,C06,j_obligation,6,human,retain,retain,affirm,discontinuous,standard,9,1
catman_pilot_v1,P039,judgment,C06,j_treatment,6,human,retain,retain,affirm,discontinuous,standard,9,1
catman_pilot_v1,P039,judgment,A09,j_identity,5,human,retain,retain,deny,continuous,anchor,10,1
catman_pilot_v1,P039,judgment,A09,j_likeness,6,human,retain,retain,deny,continuous,anchor,10,1
catman_pilot_v1,P039,judgment,A09,j_relationship,4,human,retain,retain,deny,continuous,anchor,10,1
catman_pilot_v1,P039,judgment,A09,j_obligation,4,human,retain,retain,deny,continuous,anchor,10,1
catman_pilot_v1,P039,judgment,A09,j_treatment,2,human,retain,retain,deny,continuous,anchor,10,1
catman_pilot_v1,P039,judgment,A09,v_epistemic,4,human,retain,retain,deny,continuous,anchor,10,1
catman_pilot_v1,P039,judgment,A09,v_normative,6,human,retain,retain,deny,continuous,anchor,10,1
catman_pilot_v1,P032,judgment,C04,j_identity,4,human,retain,limited,affirm,continuous,standard,1,1
catman_pilot_v1,P032,judgment,C04,j_likeness,5,human,retain,limited,affirm,continuous,standard,1,1
catman_pilot_v1,P032,judgment,C04,j_relationship,5,human,retain,limited,affirm,continuous,standard,1,1
catman_pilot_v1,P032,judgment,C04,j_obligation,7,human,retain,limited,affirm,continuous,standard,1,1
catman_pilot_v1,P032,judgment,C04,j_treatment,7,human,retain,limited,affirm,continuous,standard,1,1
catman_pilot_v1,P032,judgment,C03,j_identity,3,human,lost,retain,affirm,continuous,standard,2,1
catman_pilot_v1,P032,judgment,C03,j_likeness,3,human,lost,retain,affirm,continuous,standard,2,1
catman_pilot_v1,P032,judgment,C03,j_relationship,4,human,lost,retain,affirm,continuous,standard,2,1
catman_pilot_v1,P032,judgment,C03,j_obligation,3,human,lost,retain,affirm,continuous,standard,2,1
catman_pilot_v1,P032,judgment,C03,j_treatment,4,human,lost,retain,affirm,continuous,standard,2,1
catman_pilot_v1,P032,judgment,C01,j_identity,4,human,retain,retain,affirm,continuous,standard,3,1
catman_pilot_v1,P032,judgment,C01,j_likeness,4,human,retain,retain,affirm,continuous,standard,3,1
catman_pilot_v1,P032,judgment,C01,j_relationship,4,human,retain,retain,affirm,continuous,standard,3,1
catman_pilot_v1,P032,judgment,C01,j_obligation,4,human,retain,retain,affirm,continuous,standard,3,1
catman_pilot_v1,P032,judgment,C01,j_treatment,4,human,retain,retain,affirm,continuous,standard,3,1
catman_pilot_v1,P032,judgment,C08,j_identity,4,human,lost,retain,affirm,discontinuous,standard,4,1
catman_pilot_v1,P032,judgment,C08,j_likeness,4,human,lost,retain,affirm,discontinuous,standard,4,1
catman_pilot_v1,P032,judgment,C08,j_relationship,4,human,lost,retain,affirm,discontinuous,standard,4,1
catman_pilot_v1,P032,judgment,C08,j_obligation,4,human,lost,retain,affirm,discontinuous,standard,4,1
catman_pilot_v1,P032,judgment,C08,j_treatment,4,human,lost,retain,affirm,discontinuous,standard,4,1
catman_pilot_v1,P032,judgment,C07,j_identity,4,cat,retain,retain,affirm,discontinuous,standard,5,1
catman_pilot_v1,P032,judgment,C07,j_likeness,6,cat,retain,retain,affirm,discontinuous,standard,5,1
catman_pilot_v1,P032,judgment,C07,j_relationship,7,cat,retain,retain,affirm,discontinuous,standard,5,1
catman_pilot_v1,P032,judgment,C07,j_obligation,7,cat,retain,retain,affirm,discontinuous,standard,5,1
catman_pilot_v1,P032,judgment,C07,j_treatment,7,cat,retain,retain,affirm,discontinuous,standard,5,1
catman_pilot_v1,P032,judgment,A10,j_ab,4,cat,retain,retain,affirm,parallel,anchor,6,1
catman_pilot_v1,P032,judgment,A10,j_ac,3,cat,retain,retain,affirm,parallel,anchor,6,1
catman_pilot_v1,P032,judgment,A10,j_bc,4,cat,retain,retain,affirm,parallel,anchor,6,1
catman_pilot_v1,P032,judgment,A10,j_excl,4,cat,retain,retain,affirm,parallel,anchor,6,1
catman_pilot_v1,P032,judgment,A10,j_relationship,7,cat,retain,retain,affirm,parallel,anchor,6,1
catman_pilot_v1,P032,judgment,A10,j_obligation,7,cat,retain,retain,affirm,parallel,anchor,6,1
catman_pilot_v1,P032,judgment,A10,j_treatment,7,cat,retain,retain,affirm,parallel,anchor,6,1
catman_pilot_v1,P032,judgment,A09,j_identity,1,human,retain,retain,deny,continuous,anchor,7,1
catman_pilot_v1,P032,judgment,A09,j_likeness,1,human,retain,retain,deny,continuous,anchor,7,1
catman_pilot_v1,P032,judgment,A09,j_relationship,3,human,retain,retain,deny,continuous,anchor,7,1
catman_pilot_v1,P032,judgment,A09,j_obligation,1,human,retain,retain,deny,continuous,anchor,7,1
catman_pilot_v1,P032,judgment,A09,j_treatment,2,human,retain,retain,deny,continuous,anchor,7,1
catman_pilot_v1,P032,judgment,A09,v_epistemic,6,human,retain,retain,deny,continuous,anchor,7,1
catman_pilot_v1,P032,judgment,A09,v_normative,4,human,retain,retain,deny,continuous,anchor,7,1
catman_pilot_v1,P032,judgment,C02,j_identity,5,cat,retain,retain,affirm,continuous,standard,8,1
catman_pilot_v1,P032,judgment,C02,j_likeness,6,cat,retain,retain,affirm,continuous,standard,8,1
catman_pilot_v1,P032,judgment,C02,j_relationship,7,cat,retain,retain,affirm,continuous,standard,8,1
catman_pilot_v1,P032,judgment,C02,j_obligation,7,cat,retain,retain,affirm,continuous,standard,8,1
catman_pilot_v1,P032,judgment,C02,j_treatment,7,cat,retain,retain,affirm,continuous,standard,8,1
catman_pilot_v1,P032,judgment,C06,j_identity,5,human,retain,retain,affirm,discontinuous,standard,9,1
catman_pilot_v1,P032,judgment,C06,j_likeness,5,human,retain,retain,affirm,discontinuous,standard,9,1
catman_pilot_v1,P032,judgment,C06,j_relationship,5,human,retain,retain,affirm,discontinuous,standard,9,1
catman_pilot_v1,P032,judgment,C06,j_obligation,7,human,retain,retain,affirm,discontinuous,standard,9,1
catman_pilot_v1,P032,judgment,C06,j_treatment,5,human,retain,retain,affirm,discontinuous,standard,9,1
catman_pilot_v1,P032,judgment,C05,j_identity,4,human,retain,retain,uncertain,continuous,standard,10,1
catman_pilot_v1,P032,judgment,C05,j_likeness,4,human,retain,retain,uncertain,continuous,standard,10,1
catman_pilot_v1,P032,judgment,C05,j_relationship,4,human,retain,retain,uncertain,continuous,standard,10,1
catman_pilot_v1,P032,judgment,C05,j_obligation,4,human,retain,retain,uncertain,continuous,standard,10,1
catman_pilot_v1,P032,judgment,C05,j_treatment,4,human,retain,retain,uncertain,continuous,standard,10,1
catman_pilot_v1,P058,judgment,C03,j_identity,4,human,lost,retain,affirm,continuous,standard,1,1
catman_pilot_v1,P058,judgment,C03,j_likeness,5,human,lost,retain,affirm,continuous,standard,1,1
catman_pilot_v1,P058,judgment,C03,j_relationship,3,human,lost,retain,affirm,continuous,standard,1,1
catman_pilot_v1,P058,judgment,C03,j_obligation,2,human,lost,retain,affirm,continuous,standard,1,1
catman_pilot_v1,P058,judgment,C03,j_treatment,4,human,lost,retain,affirm,continuous,standard,1,1
catman_pilot_v1,P058,judgment,C04,j_identity,3,human,retain,limited,affirm,continuous,standard,2,1
catman_pilot_v1,P058,judgment,C04,j_likeness,5,human,retain,limited,affirm,continuous,standard,2,1
catman_pilot_v1,P058,judgment,C04,j_relationship,4,human,retain,limited,affirm,continuous,standard,2,1
catman_pilot_v1,P058,judgment,C04,j_obligation,2,human,retain,limited,affirm,continuous,standard,2,1
catman_pilot_v1,P058,judgment,C04,j_treatment,4,human,retain,limited,affirm,continuous,standard,2,1
catman_pilot_v1,P058,judgment,C08,j_identity,3,human,lost,retain,affirm,discontinuous,standard,3,1
catman_pilot_v1,P058,judgment,C08,j_likeness,3,human,lost,retain,affirm,discontinuous,standard,3,1
catman_pilot_v1,P058,judgment,C08,j_relationship,3,human,lost,retain,affirm,discontinuous,standard,3,1
catman_pilot_v1,P058,judgment,C08,j_obligation,4,human,lost,retain,affirm,discontinuous,standard,3,1
catman_pilot_v1,P058,judgment,C08,j_treatment,4,human,lost,retain,affirm,discontinuous,standard,3,1
catman_pilot_v1,P058,judgment,C07,j_identity,3,cat,retain,retain,affirm,discontinuous,standard,4,1
catman_pilot_v1,P058,judgment,C07,j_likeness,3,cat,retain,retain,affirm,discontinuous,standard,4,1
catman_pilot_v1,P058,judgment,C07,j_relationship,4,cat,retain,retain,affirm,discontinuous,standard,4,1
catman_pilot_v1,P058,judgment,C07,j_obligation,2,cat,retain,retain,affirm,discontinuous,standard,4,1
catman_pilot_v1,P058,judgment,C07,j_treatment,2,cat,retain,retain,affirm,discontinuous,standard,4,1
catman_pilot_v1,P058,judgment,C01,j_identity,5,human,retain,retain,affirm,continuous,standard,5,1
catman_pilot_v1,P058,judgment,C01,j_likeness,5,human,retain,retain,affirm,continuous,standard,5,1
catman_pilot_v1,P058,judgment,C01,j_relationship,5,human,retain,retain,affirm,continuous,standard,5,1
catman_pilot_v1,P058,judgment,C01,j_obligation,5,human,retain,retain,affirm,continuous,standard,5,1
catman_pilot_v1,P058,judgment,C01,j_treatment,4,human,retain,retain,affirm,continuous,standard,5,1
catman_pilot_v1,P058,judgment,C06,j_identity,4,human,retain,retain,affirm,discontinuous,standard,6,1
catman_pilot_v1,P058,judgment,C06,j_likeness,4,human,retain,retain,affirm,discontinuous,standard,6,1
catman_pilot_v1,P058,judgment,C06,j_relationship,3,human,retain,retain,affirm,discontinuous,standard,6,1
catman_pilot_v1,P058,judgment,C06,j_obligation,3,human,retain,retain,affirm,discontinuous,standard,6,1
catman_pilot_v1,P058,judgment,C06,j_treatment,4,human,retain,retain,affirm,discontinuous,standard,6,1
catman_pilot_v1,P058,judgment,A09,j_identity,3,human,retain,retain,deny,continuous,anchor,7,1
catman_pilot_v1,P058,judgment,A09,j_likeness,5,human,retain,retain,deny,continuous,anchor,7,1
catman_pilot_v1,P058,judgment,A09,j_relationship,3,human,retain,retain,deny,continuous,anchor,7,1
catman_pilot_v1,P058,judgment,A09,j_obligation,2,human,retain,retain,deny,continuous,anchor,7,1
catman_pilot_v1,P058,judgment,A09,j_treatment,2,human,retain,retain,deny,continuous,anchor,7,1
catman_pilot_v1,P058,judgment,A09,v_epistemic,6,human,retain,retain,deny,continuous,anchor,7,1
catman_pilot_v1,P058,judgment,A09,v_normative,5,human,retain,retain,deny,continuous,anchor,7,1
catman_pilot_v1,P058,judgment,C05,j_identity,4,human,retain,retain,uncertain,continuous,standard,8,1
catman_pilot_v1,P058,judgment,C05,j_likeness,5,human,retain,retain,uncertain,continuous,standard,8,1
catman_pilot_v1,P058,judgment,C05,j_relationship,4,human,retain,retain,uncertain,continuous,standard,8,1
catman_pilot_v1,P058,judgment,C05,j_obligation,3,human,retain,retain,uncertain,continuous,standard,8,1
catman_pilot_v1,P058,judgment,C05,j_treatment,3,human,retain,retain,uncertain,continuous,standard,8,1
catman_pilot_v1,P058,judgment,C02,j_identity,2,cat,retain,retain,affirm,continuous,standard,9,1
catman_pilot_v1,P058,judgment,C02,j_likeness,3,cat,retain,retain,affirm,continuous,standard,9,1
catman_pilot_v1,P058,judgment,C02,j_relationship,4,cat,retain,retain,affirm,continuous,standard,9,1
catman_pilot_v1,P058,judgment,C02,j_obligation,4,cat,retain,retain,affirm,continuous,standard,9,1
catman_pilot_v1,P058,judgment,C02,j_treatment,3,cat,retain,retain,affirm,continuous,standard,9,1
catman_pilot_v1,P058,judgment,A10,j_ab,2,cat,retain,retain,affirm,parallel,anchor,10,1
catman_pilot_v1,P058,judgment,A10,j_ac,3,cat,retain,retain,affirm,parallel,anchor,10,1
catman_pilot_v1,P058,judgment,A10,j_bc,3,cat,retain,retain,affirm,parallel,anchor,10,1
catman_pilot_v1,P058,judgment,A10,j_excl,5,cat,retain,retain,affirm,parallel,anchor,10,1
catman_pilot_v1,P058,judgment,A10,j_relationship,3,cat,retain,retain,affirm,parallel,anchor,10,1
catman_pilot_v1,P058,judgment,A10,j_obligation,2,cat,retain,retain,affirm,parallel,anchor,10,1
catman_pilot_v1,P058,judgment,A10,j_treatment,2,cat,retain,retain,affirm,parallel,anchor,10,1
catman_pilot_v1,P092,manipulation,C07,pc_sub,1,cat,retain,retain,affirm,discontinuous,standard,1,1
catman_pilot_v1,P092,manipulation,C07,pc_info,7,cat,retain,retain,affirm,discontinuous,standard,1,1
catman_pilot_v1,P092,manipulation,C07,pc_func,2,cat,retain,retain,affirm,discontinuous,standard,1,1
catman_pilot_v1,P092,manipulation,C07,pc_self,4,cat,retain,retain,affirm,discontinuous,standard,1,1
catman_pilot_v1,P092,manipulation,C07,pc_tran,1,cat,retain,retain,affirm,discontinuous,standard,1,1
catman_pilot_v1,P092,manipulation,C07,k_copy,5,cat,retain,retain,affirm,discontinuous,standard,1,1
catman_pilot_v1,P092,manipulation,C07,k_term,1,cat,retain,retain,affirm,discontinuous,standard,1,1
catman_pilot_v1,P092,manipulation,C02,pc_sub,1,cat,retain,retain,affirm,continuous,standard,2,1
catman_pilot_v1,P092,manipulation,C02,pc_info,7,cat,retain,retain,affirm,continuous,standard,2,1
catman_pilot_v1,P092,manipulation,C02,pc_func,2,cat,retain,retain,affirm,continuous,standard,2,1
catman_pilot_v1,P092,manipulation,C02,pc_self,7,cat,retain,retain,affirm,continuous,standard,2,1
catman_pilot_v1,P092,manipulation,C02,pc_tran,5,cat,retain,retain,affirm,continuous,standard,2,1
catman_pilot_v1,P092,manipulation,C03,pc_sub,7,human,lost,retain,affirm,continuous,standard,3,1
catman_pilot_v1,P092,manipulation,C03,pc_info,1,human,lost,retain,affirm,continuous,standard,3,1
catman_pilot_v1,P092,manipulation,C03,pc_func,7,human,lost,retain,affirm,continuous,standard,3,1
catman_pilot_v1,P092,manipulation,C03,pc_self,7,human,lost,retain,affirm,continuous,standard,3,1
catman_pilot_v1,P092,manipulation,C03,pc_tran,7,human,lost,retain,affirm,continuous,standard,3,1
catman_pilot_v1,P092,manipulation,C06,pc_sub,7,human,retain,retain,affirm,discontinuous,standard,4,1
catman_pilot_v1,P092,manipulation,C06,pc_info,7,human,retain,retain,affirm,discontinuous,standard,4,1
catman_pilot_v1,P092,manipulation,C06,pc_func,7,human,retain,retain,affirm,discontinuous,standard,4,1
catman_pilot_v1,P092,manipulation,C06,pc_self,7,human,retain,retain,affirm,discontinuous,standard,4,1
catman_pilot_v1,P092,manipulation,C06,pc_tran,4,human,retain,retain,affirm,discontinuous,standard,4,1
catman_pilot_v1,P092,manipulation,C06,k_copy,2,human,retain,retain,affirm,discontinuous,standard,4,1
catman_pilot_v1,P092,manipulation,C06,k_term,7,human,retain,retain,affirm,discontinuous,standard,4,1
catman_pilot_v1,P092,manipulation,A09,pc_sub,7,human,retain,retain,deny,continuous,anchor,5,1
catman_pilot_v1,P092,manipulation,A09,pc_info,7,human,retain,retain,deny,continuous,anchor,5,1
catman_pilot_v1,P092,manipulation,A09,pc_func,7,human,retain,retain,deny,continuous,anchor,5,1
catman_pilot_v1,P092,manipulation,A09,pc_self,1,human,retain,retain,deny,continuous,anchor,5,1
catman_pilot_v1,P092,manipulation,A09,pc_tran,6,human,retain,retain,deny,continuous,anchor,5,1
catman_pilot_v1,P092,manipulation,C08,pc_sub,7,human,lost,retain,affirm,discontinuous,standard,6,1
catman_pilot_v1,P092,manipulation,C08,pc_info,1,human,lost,retain,affirm,discontinuous,standard,6,1
catman_pilot_v1,P092,manipulation,C08,pc_func,7,human,lost,retain,affirm,discontinuous,standard,6,1
catman_pilot_v1,P092,manipulation,C08,pc_self,7,human,lost,retain,affirm,discontinuous,standard,6,1
catman_pilot_v1,P092,manipulation,C08,pc_tran,2,human,lost,retain,affirm,discontinuous,standard,6,1
catman_pilot_v1,P092,manipulation,C08,k_copy,7,human,lost,retain,affirm,discontinuous,standard,6,1
catman_pilot_v1,P092,manipulation,C08,k_term,6,human,lost,retain,affirm,discontinuous,standard,6,1
catman_pilot_v1,P092,manipulation,C05,pc_sub,7,human,retain,retain,uncertain,continuous,standard,7,1
catman_pilot_v1,P092,manipulation,C05,pc_info,7,human,retain,retain,uncertain,continuous,standard,7,1
catman_pilot_v1,P092,manipulation,C05,pc_func,7,human,retain,retain,uncertain,continuous,standard,7,1
catman_pilot_v1,P092,manipulation,C05,pc_self,3,human,retain,retain,uncertain,continuous,standard,7,1
catman_pilot_v1,P092,manipulation,C05,pc_tran,6,human,retain,retain,uncertain,continuous,standard,7,1
catman_pilot_v1,P092,manipulation,C01,pc_sub,7,human,retain,retain,affirm,continuous,standard,8,1
catman_pilot_v1,P092,manipulation,C01,pc_info,7,human,retain,retain,affirm,continuous,standard,8,1
catman_pilot_v1,P092,manipulation,C01,pc_func,7,human,retain,retain,affirm,continuous,standard,8,1
catman_pilot_v1,P092,manipulation,C01,pc_self,7,human,retain,retain,affirm,continuous,standard,8,1
catman_pilot_v1,P092,manipulation,C01,pc_tran,6,human,retain,retain,affirm,continuous,standard,8,1
catman_pilot_v1,P092,manipulation,C04,pc_sub,7,human,retain,limited,affirm,continuous,standard,9,1
catman_pilot_v1,P092,manipulation,C04,pc_info,7,human,retain,limited,affirm,continuous,standard,9,1
catman_pilot_v1,P092,manipulation,C04,pc_func,1,human,retain,limited,affirm,continuous,standard,9,1
catman_pilot_v1,P092,manipulation,C04,pc_self,7,human,retain,limited,affirm,continuous,standard,9,1
catman_pilot_v1,P092,manipulation,C04,pc_tran,6,human,retain,limited,affirm,continuous,standard,9,1
catman_pilot_v1,P092,manipulation,A10,k_copy,7,cat,retain,retain,affirm,parallel,anchor,10,1
catman_pilot_v1,P092,manipulation,A10,k_term,1,cat,retain,retain,affirm,parallel,anchor,10,1
catman_pilot_v1,P092,manipulation,A10,k_coex,7,cat,retain,retain,affirm,parallel,anchor,10,1
catman_pilot_v1,P092,manipulation,A10,pc_sub,1,cat,retain,retain,affirm,parallel,anchor,10,1
catman_pilot_v1,P092,manipulation,A10,pc_info,7,cat,retain,retain,affirm,parallel,anchor,10,1
catman_pilot_v1,P092,manipulation,A10,pc_func,7,cat,retain,retain,affirm,parallel,anchor,10,1
catman_pilot_v1,P092,manipulation,A10,pc_self,4,cat,retain,retain,affirm,parallel,anchor,10,1
catman_pilot_v1,P092,manipulation,A10,pc_tran,6,cat,retain,retain,affirm,parallel,anchor,10,1
catman_pilot_v1,P083,judgment,C01,j_identity,5,human,retain,retain,affirm,continuous,standard,1,1
catman_pilot_v1,P083,judgment,C01,j_likeness,5,human,retain,retain,affirm,continuous,standard,1,1
catman_pilot_v1,P083,judgment,C01,j_relationship,5,human,retain,retain,affirm,continuous,standard,1,1
catman_pilot_v1,P083,judgment,C01,j_obligation,6,human,retain,retain,affirm,continuous,standard,1,1
catman_pilot_v1,P083,judgment,C01,j_treatment,6,human,retain,retain,affirm,continuous,standard,1,1
catman_pilot_v1,P083,judgment,C05,j_identity,5,human,retain,retain,uncertain,continuous,standard,2,1
catman_pilot_v1,P083,judgment,C05,j_likeness,5,human,retain,retain,uncertain,continuous,standard,2,1
catman_pilot_v1,P083,judgment,C05,j_relationship,5,human,retain,retain,uncertain,continuous,standard,2,1
catman_pilot_v1,P083,judgment,C05,j_obligation,5,human,retain,retain,uncertain,continuous,standard,2,1
catman_pilot_v1,P083,judgment,C05,j_treatment,5,human,retain,retain,uncertain,continuous,standard,2,1
catman_pilot_v1,P083,judgment,C03,j_identity,5,human,lost,retain,affirm,continuous,standard,3,1
catman_pilot_v1,P083,judgment,C03,j_likeness,5,human,lost,retain,affirm,continuous,standard,3,1
catman_pilot_v1,P083,judgment,C03,j_relationship,4,human,lost,retain,affirm,continuous,standard,3,1
catman_pilot_v1,P083,judgment,C03,j_obligation,4,human,lost,retain,affirm,continuous,standard,3,1
catman_pilot_v1,P083,judgment,C03,j_treatment,6,human,lost,retain,affirm,continuous,standard,3,1
catman_pilot_v1,P083,judgment,C02,j_identity,3,cat,retain,retain,affirm,continuous,standard,4,1
catman_pilot_v1,P083,judgment,C02,j_likeness,4,cat,retain,retain,affirm,continuous,standard,4,1
catman_pilot_v1,P083,judgment,C02,j_relationship,5,cat,retain,retain,affirm,continuous,standard,4,1
catman_pilot_v1,P083,judgment,C02,j_obligation,5,cat,retain,retain,affirm,continuous,standard,4,1
catman_pilot_v1,P083,judgment,C02,j_treatment,4,cat,retain,retain,affirm,continuous,standard,4,1
catman_pilot_v1,P083,judgment,C04,j_identity,5,human,retain,limited,affirm,continuous,standard,5,1
catman_pilot_v1,P083,judgment,C04,j_likeness,5,human,retain,limited,affirm,continuous,standard,5,1
catman_pilot_v1,P083,judgment,C04,j_relationship,5,human,retain,limited,affirm,continuous,standard,5,1
catman_pilot_v1,P083,judgment,C04,j_obligation,4,human,retain,limited,affirm,continuous,standard,5,1
catman_pilot_v1,P083,judgment,C04,j_treatment,5,human,retain,limited,affirm,continuous,standard,5,1
catman_pilot_v1,P083,judgment,C06,j_identity,3,human,retain,retain,affirm,discontinuous,standard,6,1
catman_pilot_v1,P083,judgment,C06,j_likeness,5,human,retain,retain,affirm,discontinuous,standard,6,1
catman_pilot_v1,P083,judgment,C06,j_relationship,4,human,retain,retain,affirm,discontinuous,standard,6,1
catman_pilot_v1,P083,judgment,C06,j_obligation,5,human,retain,retain,affirm,discontinuous,standard,6,1
catman_pilot_v1,P083,judgment,C06,j_treatment,4,human,retain,retain,affirm,discontinuous,standard,6,1
catman_pilot_v1,P083,judgment,A10,j_ab,6,cat,retain,retain,affirm,parallel,anchor,7,1
catman_pilot_v1,P083,judgment,A10,j_ac,3,cat,retain,retain,affirm,parallel,anchor,7,1
catman_pilot_v1,P083,judgment,A10,j_bc,3,cat,retain,retain,affirm,parallel,anchor,7,1
catman_pilot_v1,P083,judgment,A10,j_excl,5,cat,retain,retain,affirm,parallel,anchor,7,1
catman_pilot_v1,P083,judgment,A10,j_relationship,6,cat,retain,retain,affirm,parallel,anchor,7,1
catman_pilot_v1,P083,judgment,A10,j_obligation,6,cat,retain,retain,affirm,parallel,anchor,7,1
catman_pilot_v1,P083,judgment,A10,j_treatment,6,cat,retain,retain,affirm,parallel,anchor,7,1
catman_pilot_v1,P083,judgment,C07,j_identity,3,cat,retain,retain,affirm,discontinuous,standard,8,1
catman_pilot_v1,P083,judgment,C07,j_likeness,3,cat,retain,retain,affirm,discontinuous,standard,8,1
catman_pilot_v1,P083,judgment,C07,j_relationship,4,cat,retain,retain,affirm,discontinuous,standard,8,1
catman_pilot_v1,P083,judgment,C07,j_obligation,4,cat,retain,retain,affirm,discontinuous,standard,8,1
catman_pilot_v1,P083,judgment,C07,j_treatment,4,cat,retain,retain,affirm,discontinuous,standard,8,1
catman_pilot_v1,P083,judgment,A09,j_identity,4,human,retain,retain,deny,continuous,anchor,9,1
catman_pilot_v1,P083,judgment,A09,j_likeness,5,human,retain,retain,deny,continuous,anchor,9,1
catman_pilot_v1,P083,judgment,A09,j_relationship,4,human,retain,retain,deny,continuous,anchor,9,1
catman_pilot_v1,P083,judgment,A09,j_obligation,4,human,retain,retain,deny,continuous,anchor,9,1
catman_pilot_v1,P083,judgment,A09,j_treatment,4,human,retain,retain,deny,continuous,anchor,9,1
catman_pilot_v1,P083,judgment,A09,v_epistemic,3,human,retain,retain,deny,continuous,anchor,9,1
catman_pilot_v1,P083,judgment,A09,v_normative,4,human,retain,retain,deny,continuous,anchor,9,1
catman_pilot_v1,P083,judgment,C08,j_identity,4,human,lost,retain,affirm,discontinuous,standard,10,1
catman_pilot_v1,P083,judgment,C08,j_likeness,5,human,lost,retain,affirm,discontinuous,standard,10,1
catman_pilot_v1,P083,judgment,C08,j_relationship,4,human,lost,retain,affirm,discontinuous,standard,10,1
catman_pilot_v1,P083,judgment,C08,j_obligation,4,human,lost,retain,affirm,discontinuous,standard,10,1
catman_pilot_v1,P083,judgment,C08,j_treatment,4,human,lost,retain,affirm,discontinuous,standard,10,1
catman_pilot_v1,P071,judgment,C04,j_identity,7,human,retain,limited,affirm,continuous,standard,1,1
catman_pilot_v1,P071,judgment,C04,j_likeness,6,human,retain,limited,affirm,continuous,standard,1,1
catman_pilot_v1,P071,judgment,C04,j_relationship,7,human,retain,limited,affirm,continuous,standard,1,1
catman_pilot_v1,P071,judgment,C04,j_obligation,7,human,retain,limited,affirm,continuous,standard,1,1
catman_pilot_v1,P071,judgment,C04,j_treatment,7,human,retain,limited,affirm,continuous,standard,1,1
catman_pilot_v1,P071,judgment,C05,j_identity,7,human,retain,retain,uncertain,continuous,standard,2,1
catman_pilot_v1,P071,judgment,C05,j_likeness,7,human,retain,retain,uncertain,continuous,standard,2,1
catman_pilot_v1,P071,judgment,C05,j_relationship,7,human,retain,retain,uncertain,continuous,standard,2,1
catman_pilot_v1,P071,judgment,C05,j_obligation,7,human,retain,retain,uncertain,continuous,standard,2,1
catman_pilot_v1,P071,judgment,C05,j_treatment,7,human,retain,retain,uncertain,continuous,standard,2,1
catman_pilot_v1,P071,judgment,C03,j_identity,6,human,lost,retain,affirm,continuous,standard,3,1
catman_pilot_v1,P071,judgment,C03,j_likeness,1,human,lost,retain,affirm,continuous,standard,3,1
catman_pilot_v1,P071,judgment,C03,j_relationship,1,human,lost,retain,affirm,continuous,standard,3,1
catman_pilot_v1,P071,judgment,C03,j_obligation,2,human,lost,retain,affirm,continuous,standard,3,1
catman_pilot_v1,P071,judgment,C03,j_treatment,6,human,lost,retain,affirm,continuous,standard,3,1
catman_pilot_v1,P071,judgment,C01,j_identity,7,human,retain,retain,affirm,continuous,standard,4,1
catman_pilot_v1,P071,judgment,C01,j_likeness,7,human,retain,retain,affirm,continuous,standard,4,1
catman_pilot_v1,P071,judgment,C01,j_relationship,7,human,retain,retain,affirm,continuous,standard,4,1
catman_pilot_v1,P071,judgment,C01,j_obligation,7,human,retain,retain,affirm,continuous,standard,4,1
catman_pilot_v1,P071,judgment,C01,j_treatment,7,human,retain,retain,affirm,continuous,standard,4,1
catman_pilot_v1,P071,judgment,C08,j_identity,1,human,lost,retain,affirm,discontinuous,standard,5,1
catman_pilot_v1,P071,judgment,C08,j_likeness,2,human,lost,retain,affirm,discontinuous,standard,5,1
catman_pilot_v1,P071,judgment,C08,j_relationship,1,human,lost,retain,affirm,discontinuous,standard,5,1
catman_pilot_v1,P071,judgment,C08,j_obligation,2,human,lost,retain,affirm,discontinuous,standard,5,1
catman_pilot_v1,P071,judgment,C08,j_treatment,3,human,lost,retain,affirm,discontinuous,standard,5,1
catman_pilot_v1,P071,judgment,C06,j_identity,6,human,retain,retain,affirm,discontinuous,standard,6,1
catman_pilot_v1,P071,judgment,C06,j_likeness,7,human,retain,retain,affirm,discontinuous,standard,6,1
catman_pilot_v1,P071,judgment,C06,j_relationship,7,human,retain,retain,affirm,discontinuous,standard,6,1
catman_pilot_v1,P071,judgment,C06,j_obligation,7,human,retain,retain,affirm,discontinuous,standard,6,1
catman_pilot_v1,P071,judgment,C06,j_treatment,7,human,retain,retain,affirm,discontinuous,standard,6,1
catman_pilot_v1,P071,judgment,A09,j_identity,6,human,retain,retain,deny,continuous,anchor,7,1
catman_pilot_v1,P071,judgment,A09,j_likeness,5,human,retain,retain,deny,continuous,anchor,7,1
catman_pilot_v1,P071,judgment,A09,j_relationship,5,human,retain,retain,deny,continuous,anchor,7,1
catman_pilot_v1,P071,judgment,A09,j_obligation,6,human,retain,retain,deny,continuous,anchor,7,1
catman_pilot_v1,P071,judgment,A09,j_treatment,6,human,retain,retain,deny,continuous,anchor,7,1
catman_pilot_v1,P071,judgment,A09,v_epistemic,2,human,retain,retain,deny,continuous,anchor,7,1
catman_pilot_v1,P071,judgment,A09,v_normative,6,human,retain,retain,deny,continuous,anchor,7,1
catman_pilot_v1,P071,judgment,A10,j_ab,7,cat,retain,retain,affirm,parallel,anchor,8,1
catman_pilot_v1,P071,judgment,A10,j_ac,1,cat,retain,retain,affirm,parallel,anchor,8,1
catman_pilot_v1,P071,judgment,A10,j_bc,1,cat,retain,retain,affirm,parallel,anchor,8,1
catman_pilot_v1,P071,judgment,A10,j_excl,7,cat,retain,retain,affirm,parallel,anchor,8,1
catman_pilot_v1,P071,judgment,A10,j_relationship,2,cat,retain,retain,affirm,parallel,anchor,8,1
catman_pilot_v1,P071,judgment,A10,j_obligation,2,cat,retain,retain,affirm,parallel,anchor,8,1
catman_pilot_v1,P071,judgment,A10,j_treatment,2,cat,retain,retain,affirm,parallel,anchor,8,1
catman_pilot_v1,P071,judgment,C02,j_identity,6,cat,retain,retain,affirm,continuous,standard,9,1
catman_pilot_v1,P071,judgment,C02,j_likeness,6,cat,retain,retain,affirm,continuous,standard,9,1
catman_pilot_v1,P071,judgment,C02,j_relationship,7,cat,retain,retain,affirm,continuous,standard,9,1
catman_pilot_v1,P071,judgment,C02,j_obligation,7,cat,retain,retain,affirm,continuous,standard,9,1
catman_pilot_v1,P071,judgment,C02,j_treatment,7,cat,retain,retain,affirm,continuous,standard,9,1
catman_pilot_v1,P071,judgment,C07,j_identity,5,cat,retain,retain,affirm,discontinuous,standard,10,1
catman_pilot_v1,P071,judgment,C07,j_likeness,6,cat,retain,retain,affirm,discontinuous,standard,10,1
catman_pilot_v1,P071,judgment,C07,j_relationship,6,cat,retain,retain,affirm,discontinuous,standard,10,1
catman_pilot_v1,P071,judgment,C07,j_obligation,7,cat,retain,retain,affirm,discontinuous,standard,10,1
catman_pilot_v1,P071,judgment,C07,j_treatment,6,cat,retain,retain,affirm,discontinuous,standard,10,1
catman_pilot_v1,P074,judgment,C03,j_identity,1,human,lost,retain,affirm,continuous,standard,1,1
catman_pilot_v1,P074,judgment,C03,j_likeness,2,human,lost,retain,affirm,continuous,standard,1,1
catman_pilot_v1,P074,judgment,C03,j_relationship,2,human,lost,retain,affirm,continuous,standard,1,1
catman_pilot_v1,P074,judgment,C03,j_obligation,4,human,lost,retain,affirm,continuous,standard,1,1
catman_pilot_v1,P074,judgment,C03,j_treatment,2,human,lost,retain,affirm,continuous,standard,1,1
catman_pilot_v1,P074,judgment,C01,j_identity,6,human,retain,retain,affirm,continuous,standard,2,1
catman_pilot_v1,P074,judgment,C01,j_likeness,6,human,retain,retain,affirm,continuous,standard,2,1
catman_pilot_v1,P074,judgment,C01,j_relationship,6,human,retain,retain,affirm,continuous,standard,2,1
catman_pilot_v1,P074,judgment,C01,j_obligation,6,human,retain,retain,affirm,continuous,standard,2,1
catman_pilot_v1,P074,judgment,C01,j_treatment,6,human,retain,retain,affirm,continuous,standard,2,1
catman_pilot_v1,P074,judgment,C08,j_identity,6,human,lost,retain,affirm,discontinuous,standard,3,1
catman_pilot_v1,P074,judgment,C08,j_likeness,6,human,lost,retain,affirm,discontinuous,standard,3,1
catman_pilot_v1,P074,judgment,C08,j_relationship,6,human,lost,retain,affirm,discontinuous,standard,3,1
catman_pilot_v1,P074,judgment,C08,j_obligation,6,human,lost,retain,affirm,discontinuous,standard,3,1
catman_pilot_v1,P074,judgment,C08,j_treatment,6,human,lost,retain,affirm,discontinuous,standard,3,1
catman_pilot_v1,P074,judgment,C06,j_identity,6,human,retain,retain,affirm,discontinuous,standard,4,1
catman_pilot_v1,P074,judgment,C06,j_likeness,6,human,retain,retain,affirm,discontinuous,standard,4,1
catman_pilot_v1,P074,judgment,C06,j_relationship,6,human,retain,retain,affirm,discontinuous,standard,4,1
catman_pilot_v1,P074,judgment,C06,j_obligation,6,human,retain,retain,affirm,discontinuous,standard,4,1
catman_pilot_v1,P074,judgment,C06,j_treatment,6,human,retain,retain,affirm,discontinuous,standard,4,1
catman_pilot_v1,P074,judgment,C04,j_identity,5,human,retain,limited,affirm,continuous,standard,5,1
catman_pilot_v1,P074,judgment,C04,j_likeness,6,human,retain,limited,affirm,continuous,standard,5,1
catman_pilot_v1,P074,judgment,C04,j_relationship,6,human,retain,limited,affirm,continuous,standard,5,1
catman_pilot_v1,P074,judgment,C04,j_obligation,6,human,retain,limited,affirm,continuous,standard,5,1
catman_pilot_v1,P074,judgment,C04,j_treatment,5,human,retain,limited,affirm,continuous,standard,5,1
catman_pilot_v1,P074,judgment,A09,j_identity,6,human,retain,retain,deny,continuous,anchor,6,1
catman_pilot_v1,P074,judgment,A09,j_likeness,6,human,retain,retain,deny,continuous,anchor,6,1
catman_pilot_v1,P074,judgment,A09,j_relationship,6,human,retain,retain,deny,continuous,anchor,6,1
catman_pilot_v1,P074,judgment,A09,j_obligation,6,human,retain,retain,deny,continuous,anchor,6,1
catman_pilot_v1,P074,judgment,A09,j_treatment,6,human,retain,retain,deny,continuous,anchor,6,1
catman_pilot_v1,P074,judgment,A09,v_epistemic,1,human,retain,retain,deny,continuous,anchor,6,1
catman_pilot_v1,P074,judgment,A09,v_normative,4,human,retain,retain,deny,continuous,anchor,6,1
catman_pilot_v1,P074,judgment,C07,j_identity,6,cat,retain,retain,affirm,discontinuous,standard,7,1
catman_pilot_v1,P074,judgment,C07,j_likeness,5,cat,retain,retain,affirm,discontinuous,standard,7,1
catman_pilot_v1,P074,judgment,C07,j_relationship,6,cat,retain,retain,affirm,discontinuous,standard,7,1
catman_pilot_v1,P074,judgment,C07,j_obligation,6,cat,retain,retain,affirm,discontinuous,standard,7,1
catman_pilot_v1,P074,judgment,C07,j_treatment,6,cat,retain,retain,affirm,discontinuous,standard,7,1
catman_pilot_v1,P074,judgment,A10,j_ab,6,cat,retain,retain,affirm,parallel,anchor,8,1
catman_pilot_v1,P074,judgment,A10,j_ac,1,cat,retain,retain,affirm,parallel,anchor,8,1
catman_pilot_v1,P074,judgment,A10,j_bc,1,cat,retain,retain,affirm,parallel,anchor,8,1
catman_pilot_v1,P074,judgment,A10,j_excl,6,cat,retain,retain,affirm,parallel,anchor,8,1
catman_pilot_v1,P074,judgment,A10,j_relationship,6,cat,retain,retain,affirm,parallel,anchor,8,1
catman_pilot_v1,P074,judgment,A10,j_obligation,6,cat,retain,retain,affirm,parallel,anchor,8,1
catman_pilot_v1,P074,judgment,A10,j_treatment,6,cat,retain,retain,affirm,parallel,anchor,8,1
catman_pilot_v1,P074,judgment,C05,j_identity,6,human,retain,retain,uncertain,continuous,standard,9,1
catman_pilot_v1,P074,judgment,C05,j_likeness,6,human,retain,retain,uncertain,continuous,standard,9,1
catman_pilot_v1,P074,judgment,C05,j_relationship,6,human,retain,retain,uncertain,continuous,standard,9,1
catman_pilot_v1,P074,judgment,C05,j_obligation,6,human,retain,retain,uncertain,continuous,standard,9,1
catman_pilot_v1,P074,judgment,C05,j_treatment,6,human,retain,retain,uncertain,continuous,standard,9,1
catman_pilot_v1,P074,judgment,C02,j_identity,1,cat,retain,retain,affirm,continuous,standard,10,1
catman_pilot_v1,P074,judgment,C02,j_likeness,1,cat,retain,retain,affirm,continuous,standard,10,1
catman_pilot_v1,P074,judgment,C02,j_relationship,6,cat,retain,retain,affirm,continuous,standard,10,1
catman_pilot_v1,P074,judgment,C02,j_obligation,6,cat,retain,retain,affirm,continuous,standard,10,1
catman_pilot_v1,P074,judgment,C02,j_treatment,6,cat,retain,retain,affirm,continuous,standard,10,1
catman_pilot_v1,P030,judgment,C07,j_identity,3,cat,retain,retain,affirm,discontinuous,standard,1,1
catman_pilot_v1,P030,judgment,C07,j_likeness,3,cat,retain,retain,affirm,discontinuous,standard,1,1
catman_pilot_v1,P030,judgment,C07,j_relationship,3,cat,retain,retain,affirm,discontinuous,standard,1,1
catman_pilot_v1,P030,judgment,C07,j_obligation,1,cat,retain,retain,affirm,discontinuous,standard,1,1
catman_pilot_v1,P030,judgment,C07,j_treatment,1,cat,retain,retain,affirm,discontinuous,standard,1,1
catman_pilot_v1,P030,judgment,C05,j_identity,3,human,retain,retain,uncertain,continuous,standard,2,1
catman_pilot_v1,P030,judgment,C05,j_likeness,7,human,retain,retain,uncertain,continuous,standard,2,1
catman_pilot_v1,P030,judgment,C05,j_relationship,2,human,retain,retain,uncertain,continuous,standard,2,1
catman_pilot_v1,P030,judgment,C05,j_obligation,2,human,retain,retain,uncertain,continuous,standard,2,1
catman_pilot_v1,P030,judgment,C05,j_treatment,2,human,retain,retain,uncertain,continuous,standard,2,1
catman_pilot_v1,P030,judgment,C03,j_identity,1,human,lost,retain,affirm,continuous,standard,3,1
catman_pilot_v1,P030,judgment,C03,j_likeness,7,human,lost,retain,affirm,continuous,standard,3,1
catman_pilot_v1,P030,judgment,C03,j_relationship,1,human,lost,retain,affirm,continuous,standard,3,1
catman_pilot_v1,P030,judgment,C03,j_obligation,1,human,lost,retain,affirm,continuous,standard,3,1
catman_pilot_v1,P030,judgment,C03,j_treatment,4,human,lost,retain,affirm,continuous,standard,3,1
catman_pilot_v1,P030,judgment,C06,j_identity,1,human,retain,retain,affirm,discontinuous,standard,4,1
catman_pilot_v1,P030,judgment,C06,j_likeness,7,human,retain,retain,affirm,discontinuous,standard,4,1
catman_pilot_v1,P030,judgment,C06,j_relationship,7,human,retain,retain,affirm,discontinuous,standard,4,1
catman_pilot_v1,P030,judgment,C06,j_obligation,7,human,retain,retain,affirm,discontinuous,standard,4,1
catman_pilot_v1,P030,judgment,C06,j_treatment,7,human,retain,retain,affirm,discontinuous,standard,4,1
catman_pilot_v1,P030,judgment,C01,j_identity,1,human,retain,retain,affirm,continuous,standard,5,1
catman_pilot_v1,P030,judgment,C01,j_likeness,7,human,retain,retain,affirm,continuous,standard,5,1
catman_pilot_v1,P030,judgment,C01,j_relationship,7,human,retain,retain,affirm,continuous,standard,5,1
catman_pilot_v1,P030,judgment,C01,j_obligation,7,human,retain,retain,affirm,continuous,standard,5,1
catman_pilot_v1,P030,judgment,C01,j_treatment,7,human,retain,retain,affirm,continuous,standard,5,1
catman_pilot_v1,P030,judgment,A09,j_identity,1,human,retain,retain,deny,continuous,anchor,6,1
catman_pilot_v1,P030,judgment,A09,j_likeness,7,human,retain,retain,deny,continuous,anchor,6,1
catman_pilot_v1,P030,judgment,A09,j_relationship,1,human,retain,retain,deny,continuous,anchor,6,1
catman_pilot_v1,P030,judgment,A09,j_obligation,1,human,retain,retain,deny,continuous,anchor,6,1
catman_pilot_v1,P030,judgment,A09,j_treatment,1,human,retain,retain,deny,continuous,anchor,6,1
catman_pilot_v1,P030,judgment,A09,v_epistemic,7,human,retain,retain,deny,continuous,anchor,6,1
catman_pilot_v1,P030,judgment,A09,v_normative,7,human,retain,retain,deny,continuous,anchor,6,1
catman_pilot_v1,P030,judgment,C08,j_identity,1,human,lost,retain,affirm,discontinuous,standard,7,1
catman_pilot_v1,P030,judgment,C08,j_likeness,7,human,lost,retain,affirm,discontinuous,standard,7,1
catman_pilot_v1,P030,judgment,C08,j_relationship,1,human,lost,retain,affirm,discontinuous,standard,7,1
catman_pilot_v1,P030,judgment,C08,j_obligation,1,human,lost,retain,affirm,discontinuous,standard,7,1
catman_pilot_v1,P030,judgment,C08,j_treatment,7,human,lost,retain,affirm,discontinuous,standard,7,1
catman_pilot_v1,P030,judgment,A10,j_ab,7,cat,retain,retain,affirm,parallel,anchor,8,1
catman_pilot_v1,P030,judgment,A10,j_ac,1,cat,retain,retain,affirm,parallel,anchor,8,1
catman_pilot_v1,P030,judgment,A10,j_bc,1,cat,retain,retain,affirm,parallel,anchor,8,1
catman_pilot_v1,P030,judgment,A10,j_excl,7,cat,retain,retain,affirm,parallel,anchor,8,1
catman_pilot_v1,P030,judgment,A10,j_relationship,7,cat,retain,retain,affirm,parallel,anchor,8,1
catman_pilot_v1,P030,judgment,A10,j_obligation,7,cat,retain,retain,affirm,parallel,anchor,8,1
catman_pilot_v1,P030,judgment,A10,j_treatment,7,cat,retain,retain,affirm,parallel,anchor,8,1
catman_pilot_v1,P030,judgment,C02,j_identity,1,cat,retain,retain,affirm,continuous,standard,9,1
catman_pilot_v1,P030,judgment,C02,j_likeness,4,cat,retain,retain,affirm,continuous,standard,9,1
catman_pilot_v1,P030,judgment,C02,j_relationship,4,cat,retain,retain,affirm,continuous,standard,9,1
catman_pilot_v1,P030,judgment,C02,j_obligation,3,cat,retain,retain,affirm,continuous,standard,9,1
catman_pilot_v1,P030,judgment,C02,j_treatment,3,cat,retain,retain,affirm,continuous,standard,9,1
catman_pilot_v1,P030,judgment,C04,j_identity,7,human,retain,limited,affirm,continuous,standard,10,1
catman_pilot_v1,P030,judgment,C04,j_likeness,7,human,retain,limited,affirm,continuous,standard,10,1
catman_pilot_v1,P030,judgment,C04,j_relationship,7,human,retain,limited,affirm,continuous,standard,10,1
catman_pilot_v1,P030,judgment,C04,j_obligation,7,human,retain,limited,affirm,continuous,standard,10,1
catman_pilot_v1,P030,judgment,C04,j_treatment,7,human,retain,limited,affirm,continuous,standard,10,1
catman_pilot_v1,P069,judgment,C01,j_identity,6,human,retain,retain,affirm,continuous,standard,1,1
catman_pilot_v1,P069,judgment,C01,j_likeness,7,human,retain,retain,affirm,continuous,standard,1,1
catman_pilot_v1,P069,judgment,C01,j_relationship,7,human,retain,retain,affirm,continuous,standard,1,1
catman_pilot_v1,P069,judgment,C01,j_obligation,7,human,retain,retain,affirm,continuous,standard,1,1
catman_pilot_v1,P069,judgment,C01,j_treatment,7,human,retain,retain,affirm,continuous,standard,1,1
catman_pilot_v1,P069,judgment,C05,j_identity,5,human,retain,retain,uncertain,continuous,standard,2,1
catman_pilot_v1,P069,judgment,C05,j_likeness,7,human,retain,retain,uncertain,continuous,standard,2,1
catman_pilot_v1,P069,judgment,C05,j_relationship,6,human,retain,retain,uncertain,continuous,standard,2,1
catman_pilot_v1,P069,judgment,C05,j_obligation,7,human,retain,retain,uncertain,continuous,standard,2,1
catman_pilot_v1,P069,judgment,C05,j_treatment,7,human,retain,retain,uncertain,continuous,standard,2,1
catman_pilot_v1,P069,judgment,C04,j_identity,2,human,retain,limited,affirm,continuous,standard,3,1
catman_pilot_v1,P069,judgment,C04,j_likeness,6,human,retain,limited,affirm,continuous,standard,3,1
catman_pilot_v1,P069,judgment,C04,j_relationship,4,human,retain,limited,affirm,continuous,standard,3,1
catman_pilot_v1,P069,judgment,C04,j_obligation,6,human,retain,limited,affirm,continuous,standard,3,1
catman_pilot_v1,P069,judgment,C04,j_treatment,6,human,retain,limited,affirm,continuous,standard,3,1
catman_pilot_v1,P069,judgment,C06,j_identity,6,human,retain,retain,affirm,discontinuous,standard,4,1
catman_pilot_v1,P069,judgment,C06,j_likeness,6,human,retain,retain,affirm,discontinuous,standard,4,1
catman_pilot_v1,P069,judgment,C06,j_relationship,6,human,retain,retain,affirm,discontinuous,standard,4,1
catman_pilot_v1,P069,judgment,C06,j_obligation,6,human,retain,retain,affirm,discontinuous,standard,4,1
catman_pilot_v1,P069,judgment,C06,j_treatment,6,human,retain,retain,affirm,discontinuous,standard,4,1
catman_pilot_v1,P069,judgment,A10,j_ab,2,cat,retain,retain,affirm,parallel,anchor,5,1
catman_pilot_v1,P069,judgment,A10,j_ac,4,cat,retain,retain,affirm,parallel,anchor,5,1
catman_pilot_v1,P069,judgment,A10,j_bc,2,cat,retain,retain,affirm,parallel,anchor,5,1
catman_pilot_v1,P069,judgment,A10,j_excl,4,cat,retain,retain,affirm,parallel,anchor,5,1
catman_pilot_v1,P069,judgment,A10,j_relationship,6,cat,retain,retain,affirm,parallel,anchor,5,1
catman_pilot_v1,P069,judgment,A10,j_obligation,7,cat,retain,retain,affirm,parallel,anchor,5,1
catman_pilot_v1,P069,judgment,A10,j_treatment,6,cat,retain,retain,affirm,parallel,anchor,5,1
catman_pilot_v1,P069,judgment,C07,j_identity,3,cat,retain,retain,affirm,discontinuous,standard,6,1
catman_pilot_v1,P069,judgment,C07,j_likeness,2,cat,retain,retain,affirm,discontinuous,standard,6,1
catman_pilot_v1,P069,judgment,C07,j_relationship,5,cat,retain,retain,affirm,discontinuous,standard,6,1
catman_pilot_v1,P069,judgment,C07,j_obligation,5,cat,retain,retain,affirm,discontinuous,standard,6,1
catman_pilot_v1,P069,judgment,C07,j_treatment,5,cat,retain,retain,affirm,discontinuous,standard,6,1
catman_pilot_v1,P069,judgment,A09,j_identity,4,human,retain,retain,deny,continuous,anchor,7,1
catman_pilot_v1,P069,judgment,A09,j_likeness,7,human,retain,retain,deny,continuous,anchor,7,1
catman_pilot_v1,P069,judgment,A09,j_relationship,5,human,retain,retain,deny,continuous,anchor,7,1
catman_pilot_v1,P069,judgment,A09,j_obligation,6,human,retain,retain,deny,continuous,anchor,7,1
catman_pilot_v1,P069,judgment,A09,j_treatment,5,human,retain,retain,deny,continuous,anchor,7,1
catman_pilot_v1,P069,judgment,A09,v_epistemic,4,human,retain,retain,deny,continuous,anchor,7,1
catman_pilot_v1,P069,judgment,A09,v_normative,6,human,retain,retain,deny,continuous,anchor,7,1
catman_pilot_v1,P069,judgment,C02,j_identity,4,cat,retain,retain,affirm,continuous,standard,8,1
catman_pilot_v1,P069,judgment,C02,j_likeness,2,cat,retain,retain,affirm,continuous,standard,8,1
catman_pilot_v1,P069,judgment,C02,j_relationship,5,cat,retain,retain,affirm,continuous,standard,8,1
catman_pilot_v1,P069,judgment,C02,j_obligation,6,cat,retain,retain,affirm,continuous,standard,8,1
catman_pilot_v1,P069,judgment,C02,j_treatment,6,cat,retain,retain,affirm,continuous,standard,8,1
catman_pilot_v1,P069,judgment,C03,j_identity,4,human,lost,retain,affirm,continuous,standard,9,1
catman_pilot_v1,P069,judgment,C03,j_likeness,6,human,lost,retain,affirm,continuous,standard,9,1
catman_pilot_v1,P069,judgment,C03,j_relationship,4,human,lost,retain,affirm,continuous,standard,9,1
catman_pilot_v1,P069,judgment,C03,j_obligation,5,human,lost,retain,affirm,continuous,standard,9,1
catman_pilot_v1,P069,judgment,C03,j_treatment,6,human,lost,retain,affirm,continuous,standard,9,1
catman_pilot_v1,P069,judgment,C08,j_identity,5,human,lost,retain,affirm,discontinuous,standard,10,1
catman_pilot_v1,P069,judgment,C08,j_likeness,6,human,lost,retain,affirm,discontinuous,standard,10,1
catman_pilot_v1,P069,judgment,C08,j_relationship,4,human,lost,retain,affirm,discontinuous,standard,10,1
catman_pilot_v1,P069,judgment,C08,j_obligation,5,human,lost,retain,affirm,discontinuous,standard,10,1
catman_pilot_v1,P069,judgment,C08,j_treatment,6,human,lost,retain,affirm,discontinuous,standard,10,1
catman_pilot_v1,P026,judgment,C07,j_identity,5,cat,retain,retain,affirm,discontinuous,standard,1,1
catman_pilot_v1,P026,judgment,C07,j_likeness,6,cat,retain,retain,affirm,discontinuous,standard,1,1
catman_pilot_v1,P026,judgment,C07,j_relationship,5,cat,retain,retain,affirm,discontinuous,standard,1,1
catman_pilot_v1,P026,judgment,C07,j_obligation,7,cat,retain,retain,affirm,discontinuous,standard,1,1
catman_pilot_v1,P026,judgment,C07,j_treatment,5,cat,retain,retain,affirm,discontinuous,standard,1,1
catman_pilot_v1,P026,judgment,C02,j_identity,6,cat,retain,retain,affirm,continuous,standard,2,1
catman_pilot_v1,P026,judgment,C02,j_likeness,6,cat,retain,retain,affirm,continuous,standard,2,1
catman_pilot_v1,P026,judgment,C02,j_relationship,7,cat,retain,retain,affirm,continuous,standard,2,1
catman_pilot_v1,P026,judgment,C02,j_obligation,7,cat,retain,retain,affirm,continuous,standard,2,1
catman_pilot_v1,P026,judgment,C02,j_treatment,6,cat,retain,retain,affirm,continuous,standard,2,1
catman_pilot_v1,P026,judgment,C08,j_identity,5,human,lost,retain,affirm,discontinuous,standard,3,1
catman_pilot_v1,P026,judgment,C08,j_likeness,7,human,lost,retain,affirm,discontinuous,standard,3,1
catman_pilot_v1,P026,judgment,C08,j_relationship,4,human,lost,retain,affirm,discontinuous,standard,3,1
catman_pilot_v1,P026,judgment,C08,j_obligation,4,human,lost,retain,affirm,discontinuous,standard,3,1
catman_pilot_v1,P026,judgment,C08,j_treatment,5,human,lost,retain,affirm,discontinuous,standard,3,1
catman_pilot_v1,P026,judgment,C03,j_identity,4,human,lost,retain,affirm,continuous,standard,4,1
catman_pilot_v1,P026,judgment,C03,j_likeness,7,human,lost,retain,affirm,continuous,standard,4,1
catman_pilot_v1,P026,judgment,C03,j_relationship,5,human,lost,retain,affirm,continuous,standard,4,1
catman_pilot_v1,P026,judgment,C03,j_obligation,4,human,lost,retain,affirm,continuous,standard,4,1
catman_pilot_v1,P026,judgment,C03,j_treatment,5,human,lost,retain,affirm,continuous,standard,4,1
catman_pilot_v1,P026,judgment,C01,j_identity,7,human,retain,retain,affirm,continuous,standard,5,1
catman_pilot_v1,P026,judgment,C01,j_likeness,7,human,retain,retain,affirm,continuous,standard,5,1
catman_pilot_v1,P026,judgment,C01,j_relationship,7,human,retain,retain,affirm,continuous,standard,5,1
catman_pilot_v1,P026,judgment,C01,j_obligation,7,human,retain,retain,affirm,continuous,standard,5,1
catman_pilot_v1,P026,judgment,C01,j_treatment,7,human,retain,retain,affirm,continuous,standard,5,1
catman_pilot_v1,P026,judgment,A10,j_ab,7,cat,retain,retain,affirm,parallel,anchor,6,1
catman_pilot_v1,P026,judgment,A10,j_ac,3,cat,retain,retain,affirm,parallel,anchor,6,1
catman_pilot_v1,P026,judgment,A10,j_bc,3,cat,retain,retain,affirm,parallel,anchor,6,1
catman_pilot_v1,P026,judgment,A10,j_excl,5,cat,retain,retain,affirm,parallel,anchor,6,1
catman_pilot_v1,P026,judgment,A10,j_relationship,5,cat,retain,retain,affirm,parallel,anchor,6,1
catman_pilot_v1,P026,judgment,A10,j_obligation,5,cat,retain,retain,affirm,parallel,anchor,6,1
catman_pilot_v1,P026,judgment,A10,j_treatment,5,cat,retain,retain,affirm,parallel,anchor,6,1
catman_pilot_v1,P026,judgment,C06,j_identity,7,human,retain,retain,affirm,discontinuous,standard,7,1
catman_pilot_v1,P026,judgment,C06,j_likeness,7,human,retain,retain,affirm,discontinuous,standard,7,1
catman_pilot_v1,P026,judgment,C06,j_relationship,7,human,retain,retain,affirm,discontinuous,standard,7,1
catman_pilot_v1,P026,judgment,C06,j_obligation,7,human,retain,retain,affirm,discontinuous,standard,7,1
catman_pilot_v1,P026,judgment,C06,j_treatment,7,human,retain,retain,affirm,discontinuous,standard,7,1
catman_pilot_v1,P026,judgment,C05,j_identity,7,human,retain,retain,uncertain,continuous,standard,8,1
catman_pilot_v1,P026,judgment,C05,j_likeness,7,human,retain,retain,uncertain,continuous,standard,8,1
catman_pilot_v1,P026,judgment,C05,j_relationship,7,human,retain,retain,uncertain,continuous,standard,8,1
catman_pilot_v1,P026,judgment,C05,j_obligation,7,human,retain,retain,uncertain,continuous,standard,8,1
catman_pilot_v1,P026,judgment,C05,j_treatment,7,human,retain,retain,uncertain,continuous,standard,8,1
catman_pilot_v1,P026,judgment,A09,j_identity,7,human,retain,retain,deny,continuous,anchor,9,1
catman_pilot_v1,P026,judgment,A09,j_likeness,7,human,retain,retain,deny,continuous,anchor,9,1
catman_pilot_v1,P026,judgment,A09,j_relationship,7,human,retain,retain,deny,continuous,anchor,9,1
catman_pilot_v1,P026,judgment,A09,j_obligation,7,human,retain,retain,deny,continuous,anchor,9,1
catman_pilot_v1,P026,judgment,A09,j_treatment,7,human,retain,retain,deny,continuous,anchor,9,1
catman_pilot_v1,P026,judgment,A09,v_epistemic,7,human,retain,retain,deny,continuous,anchor,9,1
catman_pilot_v1,P026,judgment,A09,v_normative,7,human,retain,retain,deny,continuous,anchor,9,1
catman_pilot_v1,P026,judgment,C04,j_identity,7,human,retain,limited,affirm,continuous,standard,10,1
catman_pilot_v1,P026,judgment,C04,j_likeness,7,human,retain,limited,affirm,continuous,standard,10,1
catman_pilot_v1,P026,judgment,C04,j_relationship,7,human,retain,limited,affirm,continuous,standard,10,1
catman_pilot_v1,P026,judgment,C04,j_obligation,7,human,retain,limited,affirm,continuous,standard,10,1
catman_pilot_v1,P026,judgment,C04,j_treatment,7,human,retain,limited,affirm,continuous,standard,10,1
catman_pilot_v1,P029,judgment,C06,j_identity,5,human,retain,retain,affirm,discontinuous,standard,1,1
catman_pilot_v1,P029,judgment,C06,j_likeness,7,human,retain,retain,affirm,discontinuous,standard,1,1
catman_pilot_v1,P029,judgment,C06,j_relationship,4,human,retain,retain,affirm,discontinuous,standard,1,1
catman_pilot_v1,P029,judgment,C06,j_obligation,4,human,retain,retain,affirm,discontinuous,standard,1,1
catman_pilot_v1,P029,judgment,C06,j_treatment,4,human,retain,retain,affirm,discontinuous,standard,1,1
catman_pilot_v1,P029,judgment,C08,j_identity,2,human,lost,retain,affirm,discontinuous,standard,2,1
catman_pilot_v1,P029,judgment,C08,j_likeness,6,human,lost,retain,affirm,discontinuous,standard,2,1
catman_pilot_v1,P029,judgment,C08,j_relationship,3,human,lost,retain,affirm,discontinuous,standard,2,1
catman_pilot_v1,P029,judgment,C08,j_obligation,1,human,lost,retain,affirm,discontinuous,standard,2,1
catman_pilot_v1,P029,judgment,C08,j_treatment,3,human,lost,retain,affirm,discontinuous,standard,2,1
catman_pilot_v1,P029,judgment,C03,j_identity,4,human,lost,retain,affirm,continuous,standard,3,1
catman_pilot_v1,P029,judgment,C03,j_likeness,6,human,lost,retain,affirm,continuous,standard,3,1
catman_pilot_v1,P029,judgment,C03,j_relationship,1,human,lost,retain,affirm,continuous,standard,3,1
catman_pilot_v1,P029,judgment,C03,j_obligation,1,human,lost,retain,affirm,continuous,standard,3,1
catman_pilot_v1,P029,judgment,C03,j_treatment,1,human,lost,retain,affirm,continuous,standard,3,1
catman_pilot_v1,P029,judgment,C04,j_identity,1,human,retain,limited,affirm,continuous,standard,4,1
catman_pilot_v1,P029,judgment,C04,j_likeness,1,human,retain,limited,affirm,continuous,standard,4,1
catman_pilot_v1,P029,judgment,C04,j_relationship,1,human,retain,limited,affirm,continuous,standard,4,1
catman_pilot_v1,P029,judgment,C04,j_obligation,1,human,retain,limited,affirm,continuous,standard,4,1
catman_pilot_v1,P029,judgment,C04,j_treatment,1,human,retain,limited,affirm,continuous,standard,4,1
catman_pilot_v1,P029,judgment,C02,j_identity,1,cat,retain,retain,affirm,continuous,standard,5,1
catman_pilot_v1,P029,judgment,C02,j_likeness,1,cat,retain,retain,affirm,continuous,standard,5,1
catman_pilot_v1,P029,judgment,C02,j_relationship,1,cat,retain,retain,affirm,continuous,standard,5,1
catman_pilot_v1,P029,judgment,C02,j_obligation,1,cat,retain,retain,affirm,continuous,standard,5,1
catman_pilot_v1,P029,judgment,C02,j_treatment,1,cat,retain,retain,affirm,continuous,standard,5,1
catman_pilot_v1,P029,judgment,A10,j_ab,1,cat,retain,retain,affirm,parallel,anchor,6,1
catman_pilot_v1,P029,judgment,A10,j_ac,4,cat,retain,retain,affirm,parallel,anchor,6,1
catman_pilot_v1,P029,judgment,A10,j_bc,4,cat,retain,retain,affirm,parallel,anchor,6,1
catman_pilot_v1,P029,judgment,A10,j_excl,5,cat,retain,retain,affirm,parallel,anchor,6,1
catman_pilot_v1,P029,judgment,A10,j_relationship,1,cat,retain,retain,affirm,parallel,anchor,6,1
catman_pilot_v1,P029,judgment,A10,j_obligation,1,cat,retain,retain,affirm,parallel,anchor,6,1
catman_pilot_v1,P029,judgment,A10,j_treatment,1,cat,retain,retain,affirm,parallel,anchor,6,1
catman_pilot_v1,P029,judgment,C05,j_identity,7,human,retain,retain,uncertain,continuous,standard,7,1
catman_pilot_v1,P029,judgment,C05,j_likeness,7,human,retain,retain,uncertain,continuous,standard,7,1
catman_pilot_v1,P029,judgment,C05,j_relationship,4,human,retain,retain,uncertain,continuous,standard,7,1
catman_pilot_v1,P029,judgment,C05,j_obligation,4,human,retain,retain,uncertain,continuous,standard,7,1
catman_pilot_v1,P029,judgment,C05,j_treatment,5,human,retain,retain,uncertain,continuous,standard,7,1
catman_pilot_v1,P029,judgment,C07,j_identity,1,cat,retain,retain,affirm,discontinuous,standard,8,1
catman_pilot_v1,P029,judgment,C07,j_likeness,1,cat,retain,retain,affirm,discontinuous,standard,8,1
catman_pilot_v1,P029,judgment,C07,j_relationship,1,cat,retain,retain,affirm,discontinuous,standard,8,1
catman_pilot_v1,P029,judgment,C07,j_obligation,1,cat,retain,retain,affirm,discontinuous,standard,8,1
catman_pilot_v1,P029,judgment,C07,j_treatment,1,cat,retain,retain,affirm,discontinuous,standard,8,1
catman_pilot_v1,P029,judgment,A09,j_identity,7,human,retain,retain,deny,continuous,anchor,9,1
catman_pilot_v1,P029,judgment,A09,j_likeness,7,human,retain,retain,deny,continuous,anchor,9,1
catman_pilot_v1,P029,judgment,A09,j_relationship,7,human,retain,retain,deny,continuous,anchor,9,1
catman_pilot_v1,P029,judgment,A09,j_obligation,4,human,retain,retain,deny,continuous,anchor,9,1
catman_pilot_v1,P029,judgment,A09,j_treatment,7,human,retain,retain,deny,continuous,anchor,9,1
catman_pilot_v1,P029,judgment,A09,v_epistemic,1,human,retain,retain,deny,continuous,anchor,9,1
catman_pilot_v1,P029,judgment,A09,v_normative,7,human,retain,retain,deny,continuous,anchor,9,1
catman_pilot_v1,P029,judgment,C01,j_identity,7,human,retain,retain,affirm,continuous,standard,10,1
catman_pilot_v1,P029,judgment,C01,j_likeness,7,human,retain,retain,affirm,continuous,standard,10,1
catman_pilot_v1,P029,judgment,C01,j_relationship,7,human,retain,retain,affirm,continuous,standard,10,1
catman_pilot_v1,P029,judgment,C01,j_obligation,7,human,retain,retain,affirm,continuous,standard,10,1
catman_pilot_v1,P029,judgment,C01,j_treatment,7,human,retain,retain,affirm,continuous,standard,10,1
catman_pilot_v1,P025,judgment,C06,j_identity,7,human,retain,retain,affirm,discontinuous,standard,1,1
catman_pilot_v1,P025,judgment,C06,j_likeness,5,human,retain,retain,affirm,discontinuous,standard,1,1
catman_pilot_v1,P025,judgment,C06,j_relationship,6,human,retain,retain,affirm,discontinuous,standard,1,1
catman_pilot_v1,P025,judgment,C06,j_obligation,6,human,retain,retain,affirm,discontinuous,standard,1,1
catman_pilot_v1,P025,judgment,C06,j_treatment,6,human,retain,retain,affirm,discontinuous,standard,1,1
catman_pilot_v1,P025,judgment,C03,j_identity,2,human,lost,retain,affirm,continuous,standard,2,1
catman_pilot_v1,P025,judgment,C03,j_likeness,5,human,lost,retain,affirm,continuous,standard,2,1
catman_pilot_v1,P025,judgment,C03,j_relationship,5,human,lost,retain,affirm,continuous,standard,2,1
catman_pilot_v1,P025,judgment,C03,j_obligation,2,human,lost,retain,affirm,continuous,standard,2,1
catman_pilot_v1,P025,judgment,C03,j_treatment,3,human,lost,retain,affirm,continuous,standard,2,1
catman_pilot_v1,P025,judgment,C02,j_identity,3,cat,retain,retain,affirm,continuous,standard,3,1
catman_pilot_v1,P025,judgment,C02,j_likeness,6,cat,retain,retain,affirm,continuous,standard,3,1
catman_pilot_v1,P025,judgment,C02,j_relationship,6,cat,retain,retain,affirm,continuous,standard,3,1
catman_pilot_v1,P025,judgment,C02,j_obligation,6,cat,retain,retain,affirm,continuous,standard,3,1
catman_pilot_v1,P025,judgment,C02,j_treatment,6,cat,retain,retain,affirm,continuous,standard,3,1
catman_pilot_v1,P025,judgment,C07,j_identity,3,cat,retain,retain,affirm,discontinuous,standard,4,1
catman_pilot_v1,P025,judgment,C07,j_likeness,6,cat,retain,retain,affirm,discontinuous,standard,4,1
catman_pilot_v1,P025,judgment,C07,j_relationship,6,cat,retain,retain,affirm,discontinuous,standard,4,1
catman_pilot_v1,P025,judgment,C07,j_obligation,6,cat,retain,retain,affirm,discontinuous,standard,4,1
catman_pilot_v1,P025,judgment,C07,j_treatment,6,cat,retain,retain,affirm,discontinuous,standard,4,1
catman_pilot_v1,P025,judgment,C05,j_identity,5,human,retain,retain,uncertain,continuous,standard,5,1
catman_pilot_v1,P025,judgment,C05,j_likeness,6,human,retain,retain,uncertain,continuous,standard,5,1
catman_pilot_v1,P025,judgment,C05,j_relationship,5,human,retain,retain,uncertain,continuous,standard,5,1
catman_pilot_v1,P025,judgment,C05,j_obligation,5,human,retain,retain,uncertain,continuous,standard,5,1
catman_pilot_v1,P025,judgment,C05,j_treatment,4,human,retain,retain,uncertain,continuous,standard,5,1
catman_pilot_v1,P025,judgment,C01,j_identity,7,human,retain,retain,affirm,continuous,standard,6,1
catman_pilot_v1,P025,judgment,C01,j_likeness,7,human,retain,retain,affirm,continuous,standard,6,1
catman_pilot_v1,P025,judgment,C01,j_relationship,7,human,retain,retain,affirm,continuous,standard,6,1
catman_pilot_v1,P025,judgment,C01,j_obligation,7,human,retain,retain,affirm,continuous,standard,6,1
catman_pilot_v1,P025,judgment,C01,j_treatment,7,human,retain,retain,affirm,continuous,standard,6,1
catman_pilot_v1,P025,judgment,A09,j_identity,3,human,retain,retain,deny,continuous,anchor,7,1
catman_pilot_v1,P025,judgment,A09,j_likeness,6,human,retain,retain,deny,continuous,anchor,7,1
catman_pilot_v1,P025,judgment,A09,j_relationship,6,human,retain,retain,deny,continuous,anchor,7,1
catman_pilot_v1,P025,judgment,A09,j_obligation,6,human,retain,retain,deny,continuous,anchor,7,1
catman_pilot_v1,P025,judgment,A09,j_treatment,3,human,retain,retain,deny,continuous,anchor,7,1
catman_pilot_v1,P025,judgment,A09,v_epistemic,6,human,retain,retain,deny,continuous,anchor,7,1
catman_pilot_v1,P025,judgment,A09,v_normative,6,human,retain,retain,deny,continuous,anchor,7,1
catman_pilot_v1,P025,judgment,A10,j_ab,7,cat,retain,retain,affirm,parallel,anchor,8,1
catman_pilot_v1,P025,judgment,A10,j_ac,2,cat,retain,retain,affirm,parallel,anchor,8,1
catman_pilot_v1,P025,judgment,A10,j_bc,2,cat,retain,retain,affirm,parallel,anchor,8,1
catman_pilot_v1,P025,judgment,A10,j_excl,7,cat,retain,retain,affirm,parallel,anchor,8,1
catman_pilot_v1,P025,judgment,A10,j_relationship,4,cat,retain,retain,affirm,parallel,anchor,8,1
catman_pilot_v1,P025,judgment,A10,j_obligation,4,cat,retain,retain,affirm,parallel,anchor,8,1
catman_pilot_v1,P025,judgment,A10,j_treatment,4,cat,retain,retain,affirm,parallel,anchor,8,1
catman_pilot_v1,P025,judgment,C04,j_identity,7,human,retain,limited,affirm,continuous,standard,9,1
catman_pilot_v1,P025,judgment,C04,j_likeness,7,human,retain,limited,affirm,continuous,standard,9,1
catman_pilot_v1,P025,judgment,C04,j_relationship,6,human,retain,limited,affirm,continuous,standard,9,1
catman_pilot_v1,P025,judgment,C04,j_obligation,6,human,retain,limited,affirm,continuous,standard,9,1
catman_pilot_v1,P025,judgment,C04,j_treatment,6,human,retain,limited,affirm,continuous,standard,9,1
catman_pilot_v1,P025,judgment,C08,j_identity,5,human,lost,retain,affirm,discontinuous,standard,10,1
catman_pilot_v1,P025,judgment,C08,j_likeness,6,human,lost,retain,affirm,discontinuous,standard,10,1
catman_pilot_v1,P025,judgment,C08,j_relationship,2,human,lost,retain,affirm,discontinuous,standard,10,1
catman_pilot_v1,P025,judgment,C08,j_obligation,2,human,lost,retain,affirm,discontinuous,standard,10,1
catman_pilot_v1,P025,judgment,C08,j_treatment,3,human,lost,retain,affirm,discontinuous,standard,10,1
catman_pilot_v1,P057,judgment,C03,j_identity,3,human,lost,retain,affirm,continuous,standard,1,1
catman_pilot_v1,P057,judgment,C03,j_likeness,3,human,lost,retain,affirm,continuous,standard,1,1
catman_pilot_v1,P057,judgment,C03,j_relationship,1,human,lost,retain,affirm,continuous,standard,1,1
catman_pilot_v1,P057,judgment,C03,j_obligation,3,human,lost,retain,affirm,continuous,standard,1,1
catman_pilot_v1,P057,judgment,C03,j_treatment,6,human,lost,retain,affirm,continuous,standard,1,1
catman_pilot_v1,P057,judgment,C08,j_identity,2,human,lost,retain,affirm,discontinuous,standard,2,1
catman_pilot_v1,P057,judgment,C08,j_likeness,5,human,lost,retain,affirm,discontinuous,standard,2,1
catman_pilot_v1,P057,judgment,C08,j_relationship,2,human,lost,retain,affirm,discontinuous,standard,2,1
catman_pilot_v1,P057,judgment,C08,j_obligation,3,human,lost,retain,affirm,discontinuous,standard,2,1
catman_pilot_v1,P057,judgment,C08,j_treatment,5,human,lost,retain,affirm,discontinuous,standard,2,1
catman_pilot_v1,P057,judgment,C06,j_identity,6,human,retain,retain,affirm,discontinuous,standard,3,1
catman_pilot_v1,P057,judgment,C06,j_likeness,7,human,retain,retain,affirm,discontinuous,standard,3,1
catman_pilot_v1,P057,judgment,C06,j_relationship,7,human,retain,retain,affirm,discontinuous,standard,3,1
catman_pilot_v1,P057,judgment,C06,j_obligation,7,human,retain,retain,affirm,discontinuous,standard,3,1
catman_pilot_v1,P057,judgment,C06,j_treatment,7,human,retain,retain,affirm,discontinuous,standard,3,1
catman_pilot_v1,P057,judgment,C07,j_identity,6,cat,retain,retain,affirm,discontinuous,standard,4,1
catman_pilot_v1,P057,judgment,C07,j_likeness,5,cat,retain,retain,affirm,discontinuous,standard,4,1
catman_pilot_v1,P057,judgment,C07,j_relationship,6,cat,retain,retain,affirm,discontinuous,standard,4,1
catman_pilot_v1,P057,judgment,C07,j_obligation,6,cat,retain,retain,affirm,discontinuous,standard,4,1
catman_pilot_v1,P057,judgment,C07,j_treatment,6,cat,retain,retain,affirm,discontinuous,standard,4,1
catman_pilot_v1,P057,judgment,A09,j_identity,2,human,retain,retain,deny,continuous,anchor,5,1
catman_pilot_v1,P057,judgment,A09,j_likeness,2,human,retain,retain,deny,continuous,anchor,5,1
catman_pilot_v1,P057,judgment,A09,j_relationship,3,human,retain,retain,deny,continuous,anchor,5,1
catman_pilot_v1,P057,judgment,A09,j_obligation,2,human,retain,retain,deny,continuous,anchor,5,1
catman_pilot_v1,P057,judgment,A09,j_treatment,2,human,retain,retain,deny,continuous,anchor,5,1
catman_pilot_v1,P057,judgment,A09,v_epistemic,6,human,retain,retain,deny,continuous,anchor,5,1
catman_pilot_v1,P057,judgment,A09,v_normative,6,human,retain,retain,deny,continuous,anchor,5,1
catman_pilot_v1,P057,judgment,C04,j_identity,7,human,retain,limited,affirm,continuous,standard,6,1
catman_pilot_v1,P057,judgment,C04,j_likeness,6,human,retain,limited,affirm,continuous,standard,6,1
catman_pilot_v1,P057,judgment,C04,j_relationship,7,human,retain,limited,affirm,continuous,standard,6,1
catman_pilot_v1,P057,judgment,C04,j_obligation,6,human,retain,limited,affirm,continuous,standard,6,1
catman_pilot_v1,P057,judgment,C04,j_treatment,7,human,retain,limited,affirm,continuous,standard,6,1
catman_pilot_v1,P057,judgment,C01,j_identity,7,human,retain,retain,affirm,continuous,standard,7,1
catman_pilot_v1,P057,judgment,C01,j_likeness,7,human,retain,retain,affirm,continuous,standard,7,1
catman_pilot_v1,P057,judgment,C01,j_relationship,7,human,retain,retain,affirm,continuous,standard,7,1
catman_pilot_v1,P057,judgment,C01,j_obligation,7,human,retain,retain,affirm,continuous,standard,7,1
catman_pilot_v1,P057,judgment,C01,j_treatment,7,human,retain,retain,affirm,continuous,standard,7,1
catman_pilot_v1,P057,judgment,C02,j_identity,6,cat,retain,retain,affirm,continuous,standard,8,1
catman_pilot_v1,P057,judgment,C02,j_likeness,5,cat,retain,retain,affirm,continuous,standard,8,1
catman_pilot_v1,P057,judgment,C02,j_relationship,5,cat,retain,retain,affirm,continuous,standard,8,1
catman_pilot_v1,P057,judgment,C02,j_obligation,5,cat,retain,retain,affirm,continuous,standard,8,1
catman_pilot_v1,P057,judgment,C02,j_treatment,5,cat,retain,retain,affirm,continuous,standard,8,1
catman_pilot_v1,P057,judgment,A10,j_ab,7,cat,retain,retain,affirm,parallel,anchor,9,1
catman_pilot_v1,P057,judgment,A10,j_ac,2,cat,retain,retain,affirm,parallel,anchor,9,1
catman_pilot_v1,P057,judgment,A10,j_bc,1,cat,retain,retain,affirm,parallel,anchor,9,1
catman_pilot_v1,P057,judgment,A10,j_excl,7,cat,retain,retain,affirm,parallel,anchor,9,1
catman_pilot_v1,P057,judgment,A10,j_relationship,3,cat,retain,retain,affirm,parallel,anchor,9,1
catman_pilot_v1,P057,judgment,A10,j_obligation,3,cat,retain,retain,affirm,parallel,anchor,9,1
catman_pilot_v1,P057,judgment,A10,j_treatment,2,cat,retain,retain,affirm,parallel,anchor,9,1
catman_pilot_v1,P057,judgment,C05,j_identity,2,human,retain,retain,uncertain,continuous,standard,10,1
catman_pilot_v1,P057,judgment,C05,j_likeness,2,human,retain,retain,uncertain,continuous,standard,10,1
catman_pilot_v1,P057,judgment,C05,j_relationship,2,human,retain,retain,uncertain,continuous,standard,10,1
catman_pilot_v1,P057,judgment,C05,j_obligation,1,human,retain,retain,uncertain,continuous,standard,10,1
catman_pilot_v1,P057,judgment,C05,j_treatment,2,human,retain,retain,uncertain,continuous,standard,10,1
catman_pilot_v1,P075,judgment,C07,j_identity,1,cat,retain,retain,affirm,discontinuous,standard,1,1
catman_pilot_v1,P075,judgment,C07,j_likeness,5,cat,retain,retain,affirm,discontinuous,standard,1,1
catman_pilot_v1,P075,judgment,C07,j_relationship,5,cat,retain,retain,affirm,discontinuous,standard,1,1
catman_pilot_v1,P075,judgment,C07,j_obligation,5,cat,retain,retain,affirm,discontinuous,standard,1,1
catman_pilot_v1,P075,judgment,C07,j_treatment,4,cat,retain,retain,affirm,discontinuous,standard,1,1
catman_pilot_v1,P075,judgment,C02,j_identity,2,cat,retain,retain,affirm,continuous,standard,2,1
catman_pilot_v1,P075,judgment,C02,j_likeness,5,cat,retain,retain,affirm,continuous,standard,2,1
catman_pilot_v1,P075,judgment,C02,j_relationship,5,cat,retain,retain,affirm,continuous,standard,2,1
catman_pilot_v1,P075,judgment,C02,j_obligation,5,cat,retain,retain,affirm,continuous,standard,2,1
catman_pilot_v1,P075,judgment,C02,j_treatment,4,cat,retain,retain,affirm,continuous,standard,2,1
catman_pilot_v1,P075,judgment,C03,j_identity,1,human,lost,retain,affirm,continuous,standard,3,1
catman_pilot_v1,P075,judgment,C03,j_likeness,5,human,lost,retain,affirm,continuous,standard,3,1
catman_pilot_v1,P075,judgment,C03,j_relationship,5,human,lost,retain,affirm,continuous,standard,3,1
catman_pilot_v1,P075,judgment,C03,j_obligation,1,human,lost,retain,affirm,continuous,standard,3,1
catman_pilot_v1,P075,judgment,C03,j_treatment,5,human,lost,retain,affirm,continuous,standard,3,1
catman_pilot_v1,P075,judgment,C04,j_identity,1,human,retain,limited,affirm,continuous,standard,4,1
catman_pilot_v1,P075,judgment,C04,j_likeness,5,human,retain,limited,affirm,continuous,standard,4,1
catman_pilot_v1,P075,judgment,C04,j_relationship,7,human,retain,limited,affirm,continuous,standard,4,1
catman_pilot_v1,P075,judgment,C04,j_obligation,7,human,retain,limited,affirm,continuous,standard,4,1
catman_pilot_v1,P075,judgment,C04,j_treatment,6,human,retain,limited,affirm,continuous,standard,4,1
catman_pilot_v1,P075,judgment,C06,j_identity,7,human,retain,retain,affirm,discontinuous,standard,5,1
catman_pilot_v1,P075,judgment,C06,j_likeness,7,human,retain,retain,affirm,discontinuous,standard,5,1
catman_pilot_v1,P075,judgment,C06,j_relationship,7,human,retain,retain,affirm,discontinuous,standard,5,1
catman_pilot_v1,P075,judgment,C06,j_obligation,7,human,retain,retain,affirm,discontinuous,standard,5,1
catman_pilot_v1,P075,judgment,C06,j_treatment,7,human,retain,retain,affirm,discontinuous,standard,5,1
catman_pilot_v1,P075,judgment,C08,j_identity,2,human,lost,retain,affirm,discontinuous,standard,6,1
catman_pilot_v1,P075,judgment,C08,j_likeness,5,human,lost,retain,affirm,discontinuous,standard,6,1
catman_pilot_v1,P075,judgment,C08,j_relationship,5,human,lost,retain,affirm,discontinuous,standard,6,1
catman_pilot_v1,P075,judgment,C08,j_obligation,2,human,lost,retain,affirm,discontinuous,standard,6,1
catman_pilot_v1,P075,judgment,C08,j_treatment,4,human,lost,retain,affirm,discontinuous,standard,6,1
catman_pilot_v1,P075,judgment,A09,j_identity,1,human,retain,retain,deny,continuous,anchor,7,1
catman_pilot_v1,P075,judgment,A09,j_likeness,5,human,retain,retain,deny,continuous,anchor,7,1
catman_pilot_v1,P075,judgment,A09,j_relationship,7,human,retain,retain,deny,continuous,anchor,7,1
catman_pilot_v1,P075,judgment,A09,j_obligation,4,human,retain,retain,deny,continuous,anchor,7,1
catman_pilot_v1,P075,judgment,A09,j_treatment,4,human,retain,retain,deny,continuous,anchor,7,1
catman_pilot_v1,P075,judgment,A09,v_epistemic,5,human,retain,retain,deny,continuous,anchor,7,1
catman_pilot_v1,P075,judgment,A09,v_normative,5,human,retain,retain,deny,continuous,anchor,7,1
catman_pilot_v1,P075,judgment,C01,j_identity,7,human,retain,retain,affirm,continuous,standard,8,1
catman_pilot_v1,P075,judgment,C01,j_likeness,7,human,retain,retain,affirm,continuous,standard,8,1
catman_pilot_v1,P075,judgment,C01,j_relationship,7,human,retain,retain,affirm,continuous,standard,8,1
catman_pilot_v1,P075,judgment,C01,j_obligation,7,human,retain,retain,affirm,continuous,standard,8,1
catman_pilot_v1,P075,judgment,C01,j_treatment,7,human,retain,retain,affirm,continuous,standard,8,1
catman_pilot_v1,P075,judgment,C05,j_identity,6,human,retain,retain,uncertain,continuous,standard,9,1
catman_pilot_v1,P075,judgment,C05,j_likeness,6,human,retain,retain,uncertain,continuous,standard,9,1
catman_pilot_v1,P075,judgment,C05,j_relationship,7,human,retain,retain,uncertain,continuous,standard,9,1
catman_pilot_v1,P075,judgment,C05,j_obligation,3,human,retain,retain,uncertain,continuous,standard,9,1
catman_pilot_v1,P075,judgment,C05,j_treatment,5,human,retain,retain,uncertain,continuous,standard,9,1
catman_pilot_v1,P075,judgment,A10,j_ab,7,cat,retain,retain,affirm,parallel,anchor,10,1
catman_pilot_v1,P075,judgment,A10,j_ac,3,cat,retain,retain,affirm,parallel,anchor,10,1
catman_pilot_v1,P075,judgment,A10,j_bc,3,cat,retain,retain,affirm,parallel,anchor,10,1
catman_pilot_v1,P075,judgment,A10,j_excl,4,cat,retain,retain,affirm,parallel,anchor,10,1
catman_pilot_v1,P075,judgment,A10,j_relationship,7,cat,retain,retain,affirm,parallel,anchor,10,1
catman_pilot_v1,P075,judgment,A10,j_obligation,7,cat,retain,retain,affirm,parallel,anchor,10,1
catman_pilot_v1,P075,judgment,A10,j_treatment,7,cat,retain,retain,affirm,parallel,anchor,10,1
catman_pilot_v1,P047,judgment,C06,j_identity,2,human,retain,retain,affirm,discontinuous,standard,1,1
catman_pilot_v1,P047,judgment,C06,j_likeness,7,human,retain,retain,affirm,discontinuous,standard,1,1
catman_pilot_v1,P047,judgment,C06,j_relationship,5,human,retain,retain,affirm,discontinuous,standard,1,1
catman_pilot_v1,P047,judgment,C06,j_obligation,1,human,retain,retain,affirm,discontinuous,standard,1,1
catman_pilot_v1,P047,judgment,C06,j_treatment,6,human,retain,retain,affirm,discontinuous,standard,1,1
catman_pilot_v1,P047,judgment,C01,j_identity,1,human,retain,retain,affirm,continuous,standard,2,1
catman_pilot_v1,P047,judgment,C01,j_likeness,7,human,retain,retain,affirm,continuous,standard,2,1
catman_pilot_v1,P047,judgment,C01,j_relationship,5,human,retain,retain,affirm,continuous,standard,2,1
catman_pilot_v1,P047,judgment,C01,j_obligation,1,human,retain,retain,affirm,continuous,standard,2,1
catman_pilot_v1,P047,judgment,C01,j_treatment,5,human,retain,retain,affirm,continuous,standard,2,1
catman_pilot_v1,P047,judgment,C02,j_identity,1,cat,retain,retain,affirm,continuous,standard,3,1
catman_pilot_v1,P047,judgment,C02,j_likeness,1,cat,retain,retain,affirm,continuous,standard,3,1
catman_pilot_v1,P047,judgment,C02,j_relationship,5,cat,retain,retain,affirm,continuous,standard,3,1
catman_pilot_v1,P047,judgment,C02,j_obligation,1,cat,retain,retain,affirm,continuous,standard,3,1
catman_pilot_v1,P047,judgment,C02,j_treatment,2,cat,retain,retain,affirm,continuous,standard,3,1
catman_pilot_v1,P047,judgment,C03,j_identity,1,human,lost,retain,affirm,continuous,standard,4,1
catman_pilot_v1,P047,judgment,C03,j_likeness,7,human,lost,retain,affirm,continuous,standard,4,1
catman_pilot_v1,P047,judgment,C03,j_relationship,1,human,lost,retain,affirm,continuous,standard,4,1
catman_pilot_v1,P047,judgment,C03,j_obligation,1,human,lost,retain,affirm,continuous,standard,4,1
catman_pilot_v1,P047,judgment,C03,j_treatment,1,human,lost,retain,affirm,continuous,standard,4,1
catman_pilot_v1,P047,judgment,C04,j_identity,2,human,retain,limited,affirm,continuous,standard,5,1
catman_pilot_v1,P047,judgment,C04,j_likeness,7,human,retain,limited,affirm,continuous,standard,5,1
catman_pilot_v1,P047,judgment,C04,j_relationship,6,human,retain,limited,affirm,continuous,standard,5,1
catman_pilot_v1,P047,judgment,C04,j_obligation,1,human,retain,limited,affirm,continuous,standard,5,1
catman_pilot_v1,P047,judgment,C04,j_treatment,6,human,retain,limited,affirm,continuous,standard,5,1
catman_pilot_v1,P047,judgment,C08,j_identity,1,human,lost,retain,affirm,discontinuous,standard,6,1
catman_pilot_v1,P047,judgment,C08,j_likeness,7,human,lost,retain,affirm,discontinuous,standard,6,1
catman_pilot_v1,P047,judgment,C08,j_relationship,1,human,lost,retain,affirm,discontinuous,standard,6,1
catman_pilot_v1,P047,judgment,C08,j_obligation,1,human,lost,retain,affirm,discontinuous,standard,6,1
catman_pilot_v1,P047,judgment,C08,j_treatment,1,human,lost,retain,affirm,discontinuous,standard,6,1
catman_pilot_v1,P047,judgment,C07,j_identity,3,cat,retain,retain,affirm,discontinuous,standard,7,1
catman_pilot_v1,P047,judgment,C07,j_likeness,1,cat,retain,retain,affirm,discontinuous,standard,7,1
catman_pilot_v1,P047,judgment,C07,j_relationship,4,cat,retain,retain,affirm,discontinuous,standard,7,1
catman_pilot_v1,P047,judgment,C07,j_obligation,2,cat,retain,retain,affirm,discontinuous,standard,7,1
catman_pilot_v1,P047,judgment,C07,j_treatment,1,cat,retain,retain,affirm,discontinuous,standard,7,1
catman_pilot_v1,P047,judgment,A10,j_ab,7,cat,retain,retain,affirm,parallel,anchor,8,1
catman_pilot_v1,P047,judgment,A10,j_ac,1,cat,retain,retain,affirm,parallel,anchor,8,1
catman_pilot_v1,P047,judgment,A10,j_bc,6,cat,retain,retain,affirm,parallel,anchor,8,1
catman_pilot_v1,P047,judgment,A10,j_excl,4,cat,retain,retain,affirm,parallel,anchor,8,1
catman_pilot_v1,P047,judgment,A10,j_relationship,5,cat,retain,retain,affirm,parallel,anchor,8,1
catman_pilot_v1,P047,judgment,A10,j_obligation,6,cat,retain,retain,affirm,parallel,anchor,8,1
catman_pilot_v1,P047,judgment,A10,j_treatment,5,cat,retain,retain,affirm,parallel,anchor,8,1
catman_pilot_v1,P047,judgment,C05,j_identity,4,human,retain,retain,uncertain,continuous,standard,9,1
catman_pilot_v1,P047,judgment,C05,j_likeness,7,human,retain,retain,uncertain,continuous,standard,9,1
catman_pilot_v1,P047,judgment,C05,j_relationship,2,human,retain,retain,uncertain,continuous,standard,9,1
catman_pilot_v1,P047,judgment,C05,j_obligation,3,human,retain,retain,uncertain,continuous,standard,9,1
catman_pilot_v1,P047,judgment,C05,j_treatment,5,human,retain,retain,uncertain,continuous,standard,9,1
catman_pilot_v1,P047,judgment,A09,j_identity,1,human,retain,retain,deny,continuous,anchor,10,1
catman_pilot_v1,P047,judgment,A09,j_likeness,7,human,retain,retain,deny,continuous,anchor,10,1
catman_pilot_v1,P047,judgment,A09,j_relationship,4,human,retain,retain,deny,continuous,anchor,10,1
catman_pilot_v1,P047,judgment,A09,j_obligation,3,human,retain,retain,deny,continuous,anchor,10,1
catman_pilot_v1,P047,judgment,A09,j_treatment,3,human,retain,retain,deny,continuous,anchor,10,1
catman_pilot_v1,P047,judgment,A09,v_epistemic,3,human,retain,retain,deny,continuous,anchor,10,1
catman_pilot_v1,P047,judgment,A09,v_normative,6,human,retain,retain,deny,continuous,anchor,10,1
catman_pilot_v1,P089,judgment,C05,j_identity,6,human,retain,retain,uncertain,continuous,standard,1,1
catman_pilot_v1,P089,judgment,C05,j_likeness,5,human,retain,retain,uncertain,continuous,standard,1,1
catman_pilot_v1,P089,judgment,C05,j_relationship,5,human,retain,retain,uncertain,continuous,standard,1,1
catman_pilot_v1,P089,judgment,C05,j_obligation,3,human,retain,retain,uncertain,continuous,standard,1,1
catman_pilot_v1,P089,judgment,C05,j_treatment,6,human,retain,retain,uncertain,continuous,standard,1,1
catman_pilot_v1,P089,judgment,C07,j_identity,3,cat,retain,retain,affirm,discontinuous,standard,2,1
catman_pilot_v1,P089,judgment,C07,j_likeness,6,cat,retain,retain,affirm,discontinuous,standard,2,1
catman_pilot_v1,P089,judgment,C07,j_relationship,4,cat,retain,retain,affirm,discontinuous,standard,2,1
catman_pilot_v1,P089,judgment,C07,j_obligation,2,cat,retain,retain,affirm,discontinuous,standard,2,1
catman_pilot_v1,P089,judgment,C07,j_treatment,2,cat,retain,retain,affirm,discontinuous,standard,2,1
catman_pilot_v1,P089,judgment,C08,j_identity,6,human,lost,retain,affirm,discontinuous,standard,3,1
catman_pilot_v1,P089,judgment,C08,j_likeness,6,human,lost,retain,affirm,discontinuous,standard,3,1
catman_pilot_v1,P089,judgment,C08,j_relationship,5,human,lost,retain,affirm,discontinuous,standard,3,1
catman_pilot_v1,P089,judgment,C08,j_obligation,6,human,lost,retain,affirm,discontinuous,standard,3,1
catman_pilot_v1,P089,judgment,C08,j_treatment,7,human,lost,retain,affirm,discontinuous,standard,3,1
catman_pilot_v1,P089,judgment,C04,j_identity,2,human,retain,limited,affirm,continuous,standard,4,1
catman_pilot_v1,P089,judgment,C04,j_likeness,7,human,retain,limited,affirm,continuous,standard,4,1
catman_pilot_v1,P089,judgment,C04,j_relationship,3,human,retain,limited,affirm,continuous,standard,4,1
catman_pilot_v1,P089,judgment,C04,j_obligation,2,human,retain,limited,affirm,continuous,standard,4,1
catman_pilot_v1,P089,judgment,C04,j_treatment,3,human,retain,limited,affirm,continuous,standard,4,1
catman_pilot_v1,P089,judgment,C06,j_identity,7,human,retain,retain,affirm,discontinuous,standard,5,1
catman_pilot_v1,P089,judgment,C06,j_likeness,7,human,retain,retain,affirm,discontinuous,standard,5,1
catman_pilot_v1,P089,judgment,C06,j_relationship,6,human,retain,retain,affirm,discontinuous,standard,5,1
catman_pilot_v1,P089,judgment,C06,j_obligation,5,human,retain,retain,affirm,discontinuous,standard,5,1
catman_pilot_v1,P089,judgment,C06,j_treatment,7,human,retain,retain,affirm,discontinuous,standard,5,1
catman_pilot_v1,P089,judgment,C01,j_identity,5,human,retain,retain,affirm,continuous,standard,6,1
catman_pilot_v1,P089,judgment,C01,j_likeness,7,human,retain,retain,affirm,continuous,standard,6,1
catman_pilot_v1,P089,judgment,C01,j_relationship,4,human,retain,retain,affirm,continuous,standard,6,1
catman_pilot_v1,P089,judgment,C01,j_obligation,2,human,retain,retain,affirm,continuous,standard,6,1
catman_pilot_v1,P089,judgment,C01,j_treatment,4,human,retain,retain,affirm,continuous,standard,6,1
catman_pilot_v1,P089,judgment,A09,j_identity,7,human,retain,retain,deny,continuous,anchor,7,1
catman_pilot_v1,P089,judgment,A09,j_likeness,7,human,retain,retain,deny,continuous,anchor,7,1
catman_pilot_v1,P089,judgment,A09,j_relationship,4,human,retain,retain,deny,continuous,anchor,7,1
catman_pilot_v1,P089,judgment,A09,j_obligation,2,human,retain,retain,deny,continuous,anchor,7,1
catman_pilot_v1,P089,judgment,A09,j_treatment,1,human,retain,retain,deny,continuous,anchor,7,1
catman_pilot_v1,P089,judgment,A09,v_epistemic,6,human,retain,retain,deny,continuous,anchor,7,1
catman_pilot_v1,P089,judgment,A09,v_normative,7,human,retain,retain,deny,continuous,anchor,7,1
catman_pilot_v1,P089,judgment,A10,j_ab,7,cat,retain,retain,affirm,parallel,anchor,8,1
catman_pilot_v1,P089,judgment,A10,j_ac,3,cat,retain,retain,affirm,parallel,anchor,8,1
catman_pilot_v1,P089,judgment,A10,j_bc,4,cat,retain,retain,affirm,parallel,anchor,8,1
catman_pilot_v1,P089,judgment,A10,j_excl,7,cat,retain,retain,affirm,parallel,anchor,8,1
catman_pilot_v1,P089,judgment,A10,j_relationship,6,cat,retain,retain,affirm,parallel,anchor,8,1
catman_pilot_v1,P089,judgment,A10,j_obligation,6,cat,retain,retain,affirm,parallel,anchor,8,1
catman_pilot_v1,P089,judgment,A10,j_treatment,7,cat,retain,retain,affirm,parallel,anchor,8,1
catman_pilot_v1,P089,judgment,C02,j_identity,2,cat,retain,retain,affirm,continuous,standard,9,1
catman_pilot_v1,P089,judgment,C02,j_likeness,6,cat,retain,retain,affirm,continuous,standard,9,1
catman_pilot_v1,P089,judgment,C02,j_relationship,3,cat,retain,retain,affirm,continuous,standard,9,1
catman_pilot_v1,P089,judgment,C02,j_obligation,2,cat,retain,retain,affirm,continuous,standard,9,1
catman_pilot_v1,P089,judgment,C02,j_treatment,2,cat,retain,retain,affirm,continuous,standard,9,1
catman_pilot_v1,P089,judgment,C03,j_identity,5,human,lost,retain,affirm,continuous,standard,10,1
catman_pilot_v1,P089,judgment,C03,j_likeness,7,human,lost,retain,affirm,continuous,standard,10,1
catman_pilot_v1,P089,judgment,C03,j_relationship,4,human,lost,retain,affirm,continuous,standard,10,1
catman_pilot_v1,P089,judgment,C03,j_obligation,1,human,lost,retain,affirm,continuous,standard,10,1
catman_pilot_v1,P089,judgment,C03,j_treatment,2,human,lost,retain,affirm,continuous,standard,10,1
catman_pilot_v1,P054,judgment,C02,j_identity,5,cat,retain,retain,affirm,continuous,standard,1,1
catman_pilot_v1,P054,judgment,C02,j_likeness,5,cat,retain,retain,affirm,continuous,standard,1,1
catman_pilot_v1,P054,judgment,C02,j_relationship,5,cat,retain,retain,affirm,continuous,standard,1,1
catman_pilot_v1,P054,judgment,C02,j_obligation,5,cat,retain,retain,affirm,continuous,standard,1,1
catman_pilot_v1,P054,judgment,C02,j_treatment,5,cat,retain,retain,affirm,continuous,standard,1,1
catman_pilot_v1,P054,judgment,C03,j_identity,2,human,lost,retain,affirm,continuous,standard,2,1
catman_pilot_v1,P054,judgment,C03,j_likeness,3,human,lost,retain,affirm,continuous,standard,2,1
catman_pilot_v1,P054,judgment,C03,j_relationship,2,human,lost,retain,affirm,continuous,standard,2,1
catman_pilot_v1,P054,judgment,C03,j_obligation,2,human,lost,retain,affirm,continuous,standard,2,1
catman_pilot_v1,P054,judgment,C03,j_treatment,2,human,lost,retain,affirm,continuous,standard,2,1
catman_pilot_v1,P054,judgment,C05,j_identity,5,human,retain,retain,uncertain,continuous,standard,3,1
catman_pilot_v1,P054,judgment,C05,j_likeness,5,human,retain,retain,uncertain,continuous,standard,3,1
catman_pilot_v1,P054,judgment,C05,j_relationship,5,human,retain,retain,uncertain,continuous,standard,3,1
catman_pilot_v1,P054,judgment,C05,j_obligation,4,human,retain,retain,uncertain,continuous,standard,3,1
catman_pilot_v1,P054,judgment,C05,j_treatment,5,human,retain,retain,uncertain,continuous,standard,3,1
catman_pilot_v1,P054,judgment,C08,j_identity,2,human,lost,retain,affirm,discontinuous,standard,4,1
catman_pilot_v1,P054,judgment,C08,j_likeness,2,human,lost,retain,affirm,discontinuous,standard,4,1
catman_pilot_v1,P054,judgment,C08,j_relationship,2,human,lost,retain,affirm,discontinuous,standard,4,1
catman_pilot_v1,P054,judgment,C08,j_obligation,2,human,lost,retain,affirm,discontinuous,standard,4,1
catman_pilot_v1,P054,judgment,C08,j_treatment,2,human,lost,retain,affirm,discontinuous,standard,4,1
catman_pilot_v1,P054,judgment,C06,j_identity,3,human,retain,retain,affirm,discontinuous,standard,5,1
catman_pilot_v1,P054,judgment,C06,j_likeness,3,human,retain,retain,affirm,discontinuous,standard,5,1
catman_pilot_v1,P054,judgment,C06,j_relationship,3,human,retain,retain,affirm,discontinuous,standard,5,1
catman_pilot_v1,P054,judgment,C06,j_obligation,3,human,retain,retain,affirm,discontinuous,standard,5,1
catman_pilot_v1,P054,judgment,C06,j_treatment,3,human,retain,retain,affirm,discontinuous,standard,5,1
catman_pilot_v1,P054,judgment,A09,j_identity,4,human,retain,retain,deny,continuous,anchor,6,1
catman_pilot_v1,P054,judgment,A09,j_likeness,4,human,retain,retain,deny,continuous,anchor,6,1
catman_pilot_v1,P054,judgment,A09,j_relationship,3,human,retain,retain,deny,continuous,anchor,6,1
catman_pilot_v1,P054,judgment,A09,j_obligation,3,human,retain,retain,deny,continuous,anchor,6,1
catman_pilot_v1,P054,judgment,A09,j_treatment,3,human,retain,retain,deny,continuous,anchor,6,1
catman_pilot_v1,P054,judgment,A09,v_epistemic,5,human,retain,retain,deny,continuous,anchor,6,1
catman_pilot_v1,P054,judgment,A09,v_normative,5,human,retain,retain,deny,continuous,anchor,6,1
catman_pilot_v1,P054,judgment,C04,j_identity,5,human,retain,limited,affirm,continuous,standard,7,1
catman_pilot_v1,P054,judgment,C04,j_likeness,5,human,retain,limited,affirm,continuous,standard,7,1
catman_pilot_v1,P054,judgment,C04,j_relationship,5,human,retain,limited,affirm,continuous,standard,7,1
catman_pilot_v1,P054,judgment,C04,j_obligation,4,human,retain,limited,affirm,continuous,standard,7,1
catman_pilot_v1,P054,judgment,C04,j_treatment,5,human,retain,limited,affirm,continuous,standard,7,1
catman_pilot_v1,P054,judgment,C07,j_identity,5,cat,retain,retain,affirm,discontinuous,standard,8,1
catman_pilot_v1,P054,judgment,C07,j_likeness,5,cat,retain,retain,affirm,discontinuous,standard,8,1
catman_pilot_v1,P054,judgment,C07,j_relationship,5,cat,retain,retain,affirm,discontinuous,standard,8,1
catman_pilot_v1,P054,judgment,C07,j_obligation,4,cat,retain,retain,affirm,discontinuous,standard,8,1
catman_pilot_v1,P054,judgment,C07,j_treatment,5,cat,retain,retain,affirm,discontinuous,standard,8,1
catman_pilot_v1,P054,judgment,C01,j_identity,5,human,retain,retain,affirm,continuous,standard,9,1
catman_pilot_v1,P054,judgment,C01,j_likeness,5,human,retain,retain,affirm,continuous,standard,9,1
catman_pilot_v1,P054,judgment,C01,j_relationship,5,human,retain,retain,affirm,continuous,standard,9,1
catman_pilot_v1,P054,judgment,C01,j_obligation,5,human,retain,retain,affirm,continuous,standard,9,1
catman_pilot_v1,P054,judgment,C01,j_treatment,5,human,retain,retain,affirm,continuous,standard,9,1
catman_pilot_v1,P054,judgment,A10,j_ab,7,cat,retain,retain,affirm,parallel,anchor,10,1
catman_pilot_v1,P054,judgment,A10,j_ac,5,cat,retain,retain,affirm,parallel,anchor,10,1
catman_pilot_v1,P054,judgment,A10,j_bc,5,cat,retain,retain,affirm,parallel,anchor,10,1
catman_pilot_v1,P054,judgment,A10,j_excl,5,cat,retain,retain,affirm,parallel,anchor,10,1
catman_pilot_v1,P054,judgment,A10,j_relationship,7,cat,retain,retain,affirm,parallel,anchor,10,1
catman_pilot_v1,P054,judgment,A10,j_obligation,7,cat,retain,retain,affirm,parallel,anchor,10,1
catman_pilot_v1,P054,judgment,A10,j_treatment,7,cat,retain,retain,affirm,parallel,anchor,10,1
catman_pilot_v1,P099,judgment,C01,j_identity,7,human,retain,retain,affirm,continuous,standard,1,1
catman_pilot_v1,P099,judgment,C01,j_likeness,7,human,retain,retain,affirm,continuous,standard,1,1
catman_pilot_v1,P099,judgment,C01,j_relationship,7,human,retain,retain,affirm,continuous,standard,1,1
catman_pilot_v1,P099,judgment,C01,j_obligation,6,human,retain,retain,affirm,continuous,standard,1,1
catman_pilot_v1,P099,judgment,C01,j_treatment,7,human,retain,retain,affirm,continuous,standard,1,1
catman_pilot_v1,P099,judgment,C07,j_identity,2,cat,retain,retain,affirm,discontinuous,standard,2,1
catman_pilot_v1,P099,judgment,C07,j_likeness,7,cat,retain,retain,affirm,discontinuous,standard,2,1
catman_pilot_v1,P099,judgment,C07,j_relationship,7,cat,retain,retain,affirm,discontinuous,standard,2,1
catman_pilot_v1,P099,judgment,C07,j_obligation,6,cat,retain,retain,affirm,discontinuous,standard,2,1
catman_pilot_v1,P099,judgment,C07,j_treatment,6,cat,retain,retain,affirm,discontinuous,standard,2,1
catman_pilot_v1,P099,judgment,C03,j_identity,7,human,lost,retain,affirm,continuous,standard,3,1
catman_pilot_v1,P099,judgment,C03,j_likeness,4,human,lost,retain,affirm,continuous,standard,3,1
catman_pilot_v1,P099,judgment,C03,j_relationship,1,human,lost,retain,affirm,continuous,standard,3,1
catman_pilot_v1,P099,judgment,C03,j_obligation,2,human,lost,retain,affirm,continuous,standard,3,1
catman_pilot_v1,P099,judgment,C03,j_treatment,4,human,lost,retain,affirm,continuous,standard,3,1
catman_pilot_v1,P099,judgment,C02,j_identity,7,cat,retain,retain,affirm,continuous,standard,4,1
catman_pilot_v1,P099,judgment,C02,j_likeness,2,cat,retain,retain,affirm,continuous,standard,4,1
catman_pilot_v1,P099,judgment,C02,j_relationship,7,cat,retain,retain,affirm,continuous,standard,4,1
catman_pilot_v1,P099,judgment,C02,j_obligation,7,cat,retain,retain,affirm,continuous,standard,4,1
catman_pilot_v1,P099,judgment,C02,j_treatment,6,cat,retain,retain,affirm,continuous,standard,4,1
catman_pilot_v1,P099,judgment,A09,j_identity,7,human,retain,retain,deny,continuous,anchor,5,1
catman_pilot_v1,P099,judgment,A09,j_likeness,5,human,retain,retain,deny,continuous,anchor,5,1
catman_pilot_v1,P099,judgment,A09,j_relationship,4,human,retain,retain,deny,continuous,anchor,5,1
catman_pilot_v1,P099,judgment,A09,j_obligation,4,human,retain,retain,deny,continuous,anchor,5,1
catman_pilot_v1,P099,judgment,A09,j_treatment,5,human,retain,retain,deny,continuous,anchor,5,1
catman_pilot_v1,P099,judgment,A09,v_epistemic,2,human,retain,retain,deny,continuous,anchor,5,1
catman_pilot_v1,P099,judgment,A09,v_normative,5,human,retain,retain,deny,continuous,anchor,5,1
catman_pilot_v1,P099,judgment,C04,j_identity,5,human,retain,limited,affirm,continuous,standard,6,1
catman_pilot_v1,P099,judgment,C04,j_likeness,5,human,retain,limited,affirm,continuous,standard,6,1
catman_pilot_v1,P099,judgment,C04,j_relationship,4,human,retain,limited,affirm,continuous,standard,6,1
catman_pilot_v1,P099,judgment,C04,j_obligation,4,human,retain,limited,affirm,continuous,standard,6,1
catman_pilot_v1,P099,judgment,C04,j_treatment,4,human,retain,limited,affirm,continuous,standard,6,1
catman_pilot_v1,P099,judgment,A10,j_ab,7,cat,retain,retain,affirm,parallel,anchor,7,1
catman_pilot_v1,P099,judgment,A10,j_ac,5,cat,retain,retain,affirm,parallel,anchor,7,1
catman_pilot_v1,P099,judgment,A10,j_bc,5,cat,retain,retain,affirm,parallel,anchor,7,1
catman_pilot_v1,P099,judgment,A10,j_excl,6,cat,retain,retain,affirm,parallel,anchor,7,1
catman_pilot_v1,P099,judgment,A10,j_relationship,6,cat,retain,retain,affirm,parallel,anchor,7,1
catman_pilot_v1,P099,judgment,A10,j_obligation,5,cat,retain,retain,affirm,parallel,anchor,7,1
catman_pilot_v1,P099,judgment,A10,j_treatment,4,cat,retain,retain,affirm,parallel,anchor,7,1
catman_pilot_v1,P099,judgment,C05,j_identity,7,human,retain,retain,uncertain,continuous,standard,8,1
catman_pilot_v1,P099,judgment,C05,j_likeness,6,human,retain,retain,uncertain,continuous,standard,8,1
catman_pilot_v1,P099,judgment,C05,j_relationship,5,human,retain,retain,uncertain,continuous,standard,8,1
catman_pilot_v1,P099,judgment,C05,j_obligation,4,human,retain,retain,uncertain,continuous,standard,8,1
catman_pilot_v1,P099,judgment,C05,j_treatment,6,human,retain,retain,uncertain,continuous,standard,8,1
catman_pilot_v1,P099,judgment,C06,j_identity,5,human,retain,retain,affirm,discontinuous,standard,9,1
catman_pilot_v1,P099,judgment,C06,j_likeness,6,human,retain,retain,affirm,discontinuous,standard,9,1
catman_pilot_v1,P099,judgment,C06,j_relationship,5,human,retain,retain,affirm,discontinuous,standard,9,1
catman_pilot_v1,P099,judgment,C06,j_obligation,4,human,retain,retain,affirm,discontinuous,standard,9,1
catman_pilot_v1,P099,judgment,C06,j_treatment,4,human,retain,retain,affirm,discontinuous,standard,9,1
catman_pilot_v1,P099,judgment,C08,j_identity,4,human,lost,retain,affirm,discontinuous,standard,10,1
catman_pilot_v1,P099,judgment,C08,j_likeness,3,human,lost,retain,affirm,discontinuous,standard,10,1
catman_pilot_v1,P099,judgment,C08,j_relationship,2,human,lost,retain,affirm,discontinuous,standard,10,1
catman_pilot_v1,P099,judgment,C08,j_obligation,1,human,lost,retain,affirm,discontinuous,standard,10,1
catman_pilot_v1,P099,judgment,C08,j_treatment,4,human,lost,retain,affirm,discontinuous,standard,10,1
catman_pilot_v1,P036,judgment,C01,j_identity,2,human,retain,retain,affirm,continuous,standard,1,1
catman_pilot_v1,P036,judgment,C01,j_likeness,6,human,retain,retain,affirm,continuous,standard,1,1
catman_pilot_v1,P036,judgment,C01,j_relationship,3,human,retain,retain,affirm,continuous,standard,1,1
catman_pilot_v1,P036,judgment,C01,j_obligation,4,human,retain,retain,affirm,continuous,standard,1,1
catman_pilot_v1,P036,judgment,C01,j_treatment,2,human,retain,retain,affirm,continuous,standard,1,1
catman_pilot_v1,P036,judgment,C04,j_identity,5,human,retain,limited,affirm,continuous,standard,2,1
catman_pilot_v1,P036,judgment,C04,j_likeness,6,human,retain,limited,affirm,continuous,standard,2,1
catman_pilot_v1,P036,judgment,C04,j_relationship,4,human,retain,limited,affirm,continuous,standard,2,1
catman_pilot_v1,P036,judgment,C04,j_obligation,5,human,retain,limited,affirm,continuous,standard,2,1
catman_pilot_v1,P036,judgment,C04,j_treatment,4,human,retain,limited,affirm,continuous,standard,2,1
catman_pilot_v1,P036,judgment,C02,j_identity,4,cat,retain,retain,affirm,continuous,standard,3,1
catman_pilot_v1,P036,judgment,C02,j_likeness,1,cat,retain,retain,affirm,continuous,standard,3,1
catman_pilot_v1,P036,judgment,C02,j_relationship,4,cat,retain,retain,affirm,continuous,standard,3,1
catman_pilot_v1,P036,judgment,C02,j_obligation,3,cat,retain,retain,affirm,continuous,standard,3,1
catman_pilot_v1,P036,judgment,C02,j_treatment,2,cat,retain,retain,affirm,continuous,standard,3,1
catman_pilot_v1,P036,judgment,C07,j_identity,3,cat,retain,retain,affirm,discontinuous,standard,4,1
catman_pilot_v1,P036,judgment,C07,j_likeness,1,cat,retain,retain,affirm,discontinuous,standard,4,1
catman_pilot_v1,P036,judgment,C07,j_relationship,3,cat,retain,retain,affirm,discontinuous,standard,4,1
catman_pilot_v1,P036,judgment,C07,j_obligation,4,cat,retain,retain,affirm,discontinuous,standard,4,1
catman_pilot_v1,P036,judgment,C07,j_treatment,3,cat,retain,retain,affirm,discontinuous,standard,4,1
catman_pilot_v1,P036,judgment,C03,j_identity,1,human,lost,retain,affirm,continuous,standard,5,1
catman_pilot_v1,P036,judgment,C03,j_likeness,6,human,lost,retain,affirm,continuous,standard,5,1
catman_pilot_v1,P036,judgment,C03,j_relationship,2,human,lost,retain,affirm,continuous,standard,5,1
catman_pilot_v1,P036,judgment,C03,j_obligation,2,human,lost,retain,affirm,continuous,standard,5,1
catman_pilot_v1,P036,judgment,C03,j_treatment,2,human,lost,retain,affirm,continuous,standard,5,1
catman_pilot_v1,P036,judgment,C06,j_identity,4,human,retain,retain,affirm,discontinuous,standard,6,1
catman_pilot_v1,P036,judgment,C06,j_likeness,6,human,retain,retain,affirm,discontinuous,standard,6,1
catman_pilot_v1,P036,judgment,C06,j_relationship,5,human,retain,retain,affirm,discontinuous,standard,6,1
catman_pilot_v1,P036,judgment,C06,j_obligation,5,human,retain,retain,affirm,discontinuous,standard,6,1
catman_pilot_v1,P036,judgment,C06,j_treatment,5,human,retain,retain,affirm,discontinuous,standard,6,1
catman_pilot_v1,P036,judgment,A09,j_identity,4,human,retain,retain,deny,continuous,anchor,7,1
catman_pilot_v1,P036,judgment,A09,j_likeness,7,human,retain,retain,deny,continuous,anchor,7,1
catman_pilot_v1,P036,judgment,A09,j_relationship,3,human,retain,retain,deny,continuous,anchor,7,1
catman_pilot_v1,P036,judgment,A09,j_obligation,2,human,retain,retain,deny,continuous,anchor,7,1
catman_pilot_v1,P036,judgment,A09,j_treatment,3,human,retain,retain,deny,continuous,anchor,7,1
catman_pilot_v1,P036,judgment,A09,v_epistemic,6,human,retain,retain,deny,continuous,anchor,7,1
catman_pilot_v1,P036,judgment,A09,v_normative,4,human,retain,retain,deny,continuous,anchor,7,1
catman_pilot_v1,P036,judgment,C08,j_identity,2,human,lost,retain,affirm,discontinuous,standard,8,1
catman_pilot_v1,P036,judgment,C08,j_likeness,7,human,lost,retain,affirm,discontinuous,standard,8,1
catman_pilot_v1,P036,judgment,C08,j_relationship,2,human,lost,retain,affirm,discontinuous,standard,8,1
catman_pilot_v1,P036,judgment,C08,j_obligation,1,human,lost,retain,affirm,discontinuous,standard,8,1
catman_pilot_v1,P036,judgment,C08,j_treatment,2,human,lost,retain,affirm,discontinuous,standard,8,1
catman_pilot_v1,P036,judgment,C05,j_identity,7,human,retain,retain,uncertain,continuous,standard,9,1
catman_pilot_v1,P036,judgment,C05,j_likeness,7,human,retain,retain,uncertain,continuous,standard,9,1
catman_pilot_v1,P036,judgment,C05,j_relationship,7,human,retain,retain,uncertain,continuous,standard,9,1
catman_pilot_v1,P036,judgment,C05,j_obligation,7,human,retain,retain,uncertain,continuous,standard,9,1
catman_pilot_v1,P036,judgment,C05,j_treatment,7,human,retain,retain,uncertain,continuous,standard,9,1
catman_pilot_v1,P036,judgment,A10,j_ab,6,cat,retain,retain,affirm,parallel,anchor,10,1
catman_pilot_v1,P036,judgment,A10,j_ac,2,cat,retain,retain,affirm,parallel,anchor,10,1
catman_pilot_v1,P036,judgment,A10,j_bc,2,cat,retain,retain,affirm,parallel,anchor,10,1
catman_pilot_v1,P036,judgment,A10,j_excl,6,cat,retain,retain,affirm,parallel,anchor,10,1
catman_pilot_v1,P036,judgment,A10,j_relationship,6,cat,retain,retain,affirm,parallel,anchor,10,1
catman_pilot_v1,P036,judgment,A10,j_obligation,6,cat,retain,retain,affirm,parallel,anchor,10,1
catman_pilot_v1,P036,judgment,A10,j_treatment,6,cat,retain,retain,affirm,parallel,anchor,10,1
catman_pilot_v1,P027,judgment,C08,j_identity,6,human,lost,retain,affirm,discontinuous,standard,1,1
catman_pilot_v1,P027,judgment,C08,j_likeness,6,human,lost,retain,affirm,discontinuous,standard,1,1
catman_pilot_v1,P027,judgment,C08,j_relationship,6,human,lost,retain,affirm,discontinuous,standard,1,1
catman_pilot_v1,P027,judgment,C08,j_obligation,3,human,lost,retain,affirm,discontinuous,standard,1,1
catman_pilot_v1,P027,judgment,C08,j_treatment,6,human,lost,retain,affirm,discontinuous,standard,1,1
catman_pilot_v1,P027,judgment,C07,j_identity,2,cat,retain,retain,affirm,discontinuous,standard,2,1
catman_pilot_v1,P027,judgment,C07,j_likeness,6,cat,retain,retain,affirm,discontinuous,standard,2,1
catman_pilot_v1,P027,judgment,C07,j_relationship,5,cat,retain,retain,affirm,discontinuous,standard,2,1
catman_pilot_v1,P027,judgment,C07,j_obligation,2,cat,retain,retain,affirm,discontinuous,standard,2,1
catman_pilot_v1,P027,judgment,C07,j_treatment,5,cat,retain,retain,affirm,discontinuous,standard,2,1
catman_pilot_v1,P027,judgment,C02,j_identity,2,cat,retain,retain,affirm,continuous,standard,3,1
catman_pilot_v1,P027,judgment,C02,j_likeness,6,cat,retain,retain,affirm,continuous,standard,3,1
catman_pilot_v1,P027,judgment,C02,j_relationship,6,cat,retain,retain,affirm,continuous,standard,3,1
catman_pilot_v1,P027,judgment,C02,j_obligation,3,cat,retain,retain,affirm,continuous,standard,3,1
catman_pilot_v1,P027,judgment,C02,j_treatment,6,cat,retain,retain,affirm,continuous,standard,3,1
catman_pilot_v1,P027,judgment,C05,j_identity,2,human,retain,retain,uncertain,continuous,standard,4,1
catman_pilot_v1,P027,judgment,C05,j_likeness,6,human,retain,retain,uncertain,continuous,standard,4,1
catman_pilot_v1,P027,judgment,C05,j_relationship,5,human,retain,retain,uncertain,continuous,standard,4,1
catman_pilot_v1,P027,judgment,C05,j_obligation,2,human,retain,retain,uncertain,continuous,standard,4,1
catman_pilot_v1,P027,judgment,C05,j_treatment,5,human,retain,retain,uncertain,continuous,standard,4,1
catman_pilot_v1,P027,judgment,C06,j_identity,2,human,retain,retain,affirm,discontinuous,standard,5,1
catman_pilot_v1,P027,judgment,C06,j_likeness,6,human,retain,retain,affirm,discontinuous,standard,5,1
catman_pilot_v1,P027,judgment,C06,j_relationship,5,human,retain,retain,affirm,discontinuous,standard,5,1
catman_pilot_v1,P027,judgment,C06,j_obligation,2,human,retain,retain,affirm,discontinuous,standard,5,1
catman_pilot_v1,P027,judgment,C06,j_treatment,6,human,retain,retain,affirm,discontinuous,standard,5,1
catman_pilot_v1,P027,judgment,C01,j_identity,2,human,retain,retain,affirm,continuous,standard,6,1
catman_pilot_v1,P027,judgment,C01,j_likeness,6,human,retain,retain,affirm,continuous,standard,6,1
catman_pilot_v1,P027,judgment,C01,j_relationship,5,human,retain,retain,affirm,continuous,standard,6,1
catman_pilot_v1,P027,judgment,C01,j_obligation,2,human,retain,retain,affirm,continuous,standard,6,1
catman_pilot_v1,P027,judgment,C01,j_treatment,5,human,retain,retain,affirm,continuous,standard,6,1
catman_pilot_v1,P027,judgment,A09,j_identity,2,human,retain,retain,deny,continuous,anchor,7,1
catman_pilot_v1,P027,judgment,A09,j_likeness,5,human,retain,retain,deny,continuous,anchor,7,1
catman_pilot_v1,P027,judgment,A09,j_relationship,4,human,retain,retain,deny,continuous,anchor,7,1
catman_pilot_v1,P027,judgment,A09,j_obligation,1,human,retain,retain,deny,continuous,anchor,7,1
catman_pilot_v1,P027,judgment,A09,j_treatment,4,human,retain,retain,deny,continuous,anchor,7,1
catman_pilot_v1,P027,judgment,A09,v_epistemic,7,human,retain,retain,deny,continuous,anchor,7,1
catman_pilot_v1,P027,judgment,A09,v_normative,6,human,retain,retain,deny,continuous,anchor,7,1
catman_pilot_v1,P027,judgment,C03,j_identity,2,human,lost,retain,affirm,continuous,standard,8,1
catman_pilot_v1,P027,judgment,C03,j_likeness,6,human,lost,retain,affirm,continuous,standard,8,1
catman_pilot_v1,P027,judgment,C03,j_relationship,6,human,lost,retain,affirm,continuous,standard,8,1
catman_pilot_v1,P027,judgment,C03,j_obligation,1,human,lost,retain,affirm,continuous,standard,8,1
catman_pilot_v1,P027,judgment,C03,j_treatment,4,human,lost,retain,affirm,continuous,standard,8,1
catman_pilot_v1,P027,judgment,C04,j_identity,2,human,retain,limited,affirm,continuous,standard,9,1
catman_pilot_v1,P027,judgment,C04,j_likeness,5,human,retain,limited,affirm,continuous,standard,9,1
catman_pilot_v1,P027,judgment,C04,j_relationship,5,human,retain,limited,affirm,continuous,standard,9,1
catman_pilot_v1,P027,judgment,C04,j_obligation,1,human,retain,limited,affirm,continuous,standard,9,1
catman_pilot_v1,P027,judgment,C04,j_treatment,5,human,retain,limited,affirm,continuous,standard,9,1
catman_pilot_v1,P027,judgment,A10,j_ab,6,cat,retain,retain,affirm,parallel,anchor,10,1
catman_pilot_v1,P027,judgment,A10,j_ac,2,cat,retain,retain,affirm,parallel,anchor,10,1
catman_pilot_v1,P027,judgment,A10,j_bc,3,cat,retain,retain,affirm,parallel,anchor,10,1
catman_pilot_v1,P027,judgment,A10,j_excl,2,cat,retain,retain,affirm,parallel,anchor,10,1
catman_pilot_v1,P027,judgment,A10,j_relationship,5,cat,retain,retain,affirm,parallel,anchor,10,1
catman_pilot_v1,P027,judgment,A10,j_obligation,1,cat,retain,retain,affirm,parallel,anchor,10,1
catman_pilot_v1,P027,judgment,A10,j_treatment,3,cat,retain,retain,affirm,parallel,anchor,10,1
catman_pilot_v1,P088,judgment,C04,j_identity,2,human,retain,limited,affirm,continuous,standard,1,1
catman_pilot_v1,P088,judgment,C04,j_likeness,6,human,retain,limited,affirm,continuous,standard,1,1
catman_pilot_v1,P088,judgment,C04,j_relationship,5,human,retain,limited,affirm,continuous,standard,1,1
catman_pilot_v1,P088,judgment,C04,j_obligation,5,human,retain,limited,affirm,continuous,standard,1,1
catman_pilot_v1,P088,judgment,C04,j_treatment,3,human,retain,limited,affirm,continuous,standard,1,1
catman_pilot_v1,P088,judgment,C07,j_identity,6,cat,retain,retain,affirm,discontinuous,standard,2,1
catman_pilot_v1,P088,judgment,C07,j_likeness,3,cat,retain,retain,affirm,discontinuous,standard,2,1
catman_pilot_v1,P088,judgment,C07,j_relationship,4,cat,retain,retain,affirm,discontinuous,standard,2,1
catman_pilot_v1,P088,judgment,C07,j_obligation,6,cat,retain,retain,affirm,discontinuous,standard,2,1
catman_pilot_v1,P088,judgment,C07,j_treatment,4,cat,retain,retain,affirm,discontinuous,standard,2,1
catman_pilot_v1,P088,judgment,C03,j_identity,2,human,lost,retain,affirm,continuous,standard,3,1
catman_pilot_v1,P088,judgment,C03,j_likeness,5,human,lost,retain,affirm,continuous,standard,3,1
catman_pilot_v1,P088,judgment,C03,j_relationship,3,human,lost,retain,affirm,continuous,standard,3,1
catman_pilot_v1,P088,judgment,C03,j_obligation,3,human,lost,retain,affirm,continuous,standard,3,1
catman_pilot_v1,P088,judgment,C03,j_treatment,2,human,lost,retain,affirm,continuous,standard,3,1
catman_pilot_v1,P088,judgment,C01,j_identity,7,human,retain,retain,affirm,continuous,standard,4,1
catman_pilot_v1,P088,judgment,C01,j_likeness,7,human,retain,retain,affirm,continuous,standard,4,1
catman_pilot_v1,P088,judgment,C01,j_relationship,7,human,retain,retain,affirm,continuous,standard,4,1
catman_pilot_v1,P088,judgment,C01,j_obligation,7,human,retain,retain,affirm,continuous,standard,4,1
catman_pilot_v1,P088,judgment,C01,j_treatment,7,human,retain,retain,affirm,continuous,standard,4,1
catman_pilot_v1,P088,judgment,C02,j_identity,5,cat,retain,retain,affirm,continuous,standard,5,1
catman_pilot_v1,P088,judgment,C02,j_likeness,3,cat,retain,retain,affirm,continuous,standard,5,1
catman_pilot_v1,P088,judgment,C02,j_relationship,4,cat,retain,retain,affirm,continuous,standard,5,1
catman_pilot_v1,P088,judgment,C02,j_obligation,5,cat,retain,retain,affirm,continuous,standard,5,1
catman_pilot_v1,P088,judgment,C02,j_treatment,5,cat,retain,retain,affirm,continuous,standard,5,1
catman_pilot_v1,P088,judgment,C08,j_identity,3,human,lost,retain,affirm,discontinuous,standard,6,1
catman_pilot_v1,P088,judgment,C08,j_likeness,6,human,lost,retain,affirm,discontinuous,standard,6,1
catman_pilot_v1,P088,judgment,C08,j_relationship,3,human,lost,retain,affirm,discontinuous,standard,6,1
catman_pilot_v1,P088,judgment,C08,j_obligation,4,human,lost,retain,affirm,discontinuous,standard,6,1
catman_pilot_v1,P088,judgment,C08,j_treatment,3,human,lost,retain,affirm,discontinuous,standard,6,1
catman_pilot_v1,P088,judgment,C06,j_identity,7,human,retain,retain,affirm,discontinuous,standard,7,1
catman_pilot_v1,P088,judgment,C06,j_likeness,7,human,retain,retain,affirm,discontinuous,standard,7,1
catman_pilot_v1,P088,judgment,C06,j_relationship,7,human,retain,retain,affirm,discontinuous,standard,7,1
catman_pilot_v1,P088,judgment,C06,j_obligation,7,human,retain,retain,affirm,discontinuous,standard,7,1
catman_pilot_v1,P088,judgment,C06,j_treatment,7,human,retain,retain,affirm,discontinuous,standard,7,1
catman_pilot_v1,P088,judgment,A10,j_ab,7,cat,retain,retain,affirm,parallel,anchor,8,1
catman_pilot_v1,P088,judgment,A10,j_ac,3,cat,retain,retain,affirm,parallel,anchor,8,1
catman_pilot_v1,P088,judgment,A10,j_bc,3,cat,retain,retain,affirm,parallel,anchor,8,1
catman_pilot_v1,P088,judgment,A10,j_excl,4,cat,retain,retain,affirm,parallel,anchor,8,1
catman_pilot_v1,P088,judgment,A10,j_relationship,5,cat,retain,retain,affirm,parallel,anchor,8,1
catman_pilot_v1,P088,judgment,A10,j_obligation,3,cat,retain,retain,affirm,parallel,anchor,8,1
catman_pilot_v1,P088,judgment,A10,j_treatment,3,cat,retain,retain,affirm,parallel,anchor,8,1
catman_pilot_v1,P088,judgment,C05,j_identity,7,human,retain,retain,uncertain,continuous,standard,9,1
catman_pilot_v1,P088,judgment,C05,j_likeness,7,human,retain,retain,uncertain,continuous,standard,9,1
catman_pilot_v1,P088,judgment,C05,j_relationship,6,human,retain,retain,uncertain,continuous,standard,9,1
catman_pilot_v1,P088,judgment,C05,j_obligation,5,human,retain,retain,uncertain,continuous,standard,9,1
catman_pilot_v1,P088,judgment,C05,j_treatment,7,human,retain,retain,uncertain,continuous,standard,9,1
catman_pilot_v1,P088,judgment,A09,j_identity,7,human,retain,retain,deny,continuous,anchor,10,1
catman_pilot_v1,P088,judgment,A09,j_likeness,7,human,retain,retain,deny,continuous,anchor,10,1
catman_pilot_v1,P088,judgment,A09,j_relationship,6,human,retain,retain,deny,continuous,anchor,10,1
catman_pilot_v1,P088,judgment,A09,j_obligation,5,human,retain,retain,deny,continuous,anchor,10,1
catman_pilot_v1,P088,judgment,A09,j_treatment,7,human,retain,retain,deny,continuous,anchor,10,1
catman_pilot_v1,P088,judgment,A09,v_epistemic,3,human,retain,retain,deny,continuous,anchor,10,1
catman_pilot_v1,P088,judgment,A09,v_normative,2,human,retain,retain,deny,continuous,anchor,10,1
catman_pilot_v1,P082,judgment,C08,j_identity,4,human,lost,retain,affirm,discontinuous,standard,1,1
catman_pilot_v1,P082,judgment,C08,j_likeness,5,human,lost,retain,affirm,discontinuous,standard,1,1
catman_pilot_v1,P082,judgment,C08,j_relationship,4,human,lost,retain,affirm,discontinuous,standard,1,1
catman_pilot_v1,P082,judgment,C08,j_obligation,4,human,lost,retain,affirm,discontinuous,standard,1,1
catman_pilot_v1,P082,judgment,C08,j_treatment,5,human,lost,retain,affirm,discontinuous,standard,1,1
catman_pilot_v1,P082,judgment,C06,j_identity,5,human,retain,retain,affirm,discontinuous,standard,2,1
catman_pilot_v1,P082,judgment,C06,j_likeness,4,human,retain,retain,affirm,discontinuous,standard,2,1
catman_pilot_v1,P082,judgment,C06,j_relationship,5,human,retain,retain,affirm,discontinuous,standard,2,1
catman_pilot_v1,P082,judgment,C06,j_obligation,5,human,retain,retain,affirm,discontinuous,standard,2,1
catman_pilot_v1,P082,judgment,C06,j_treatment,6,human,retain,retain,affirm,discontinuous,standard,2,1
catman_pilot_v1,P082,judgment,C07,j_identity,1,cat,retain,retain,affirm,discontinuous,standard,3,1
catman_pilot_v1,P082,judgment,C07,j_likeness,1,cat,retain,retain,affirm,discontinuous,standard,3,1
catman_pilot_v1,P082,judgment,C07,j_relationship,1,cat,retain,retain,affirm,discontinuous,standard,3,1
catman_pilot_v1,P082,judgment,C07,j_obligation,1,cat,retain,retain,affirm,discontinuous,standard,3,1
catman_pilot_v1,P082,judgment,C07,j_treatment,1,cat,retain,retain,affirm,discontinuous,standard,3,1
catman_pilot_v1,P082,judgment,C01,j_identity,1,human,retain,retain,affirm,continuous,standard,4,1
catman_pilot_v1,P082,judgment,C01,j_likeness,6,human,retain,retain,affirm,continuous,standard,4,1
catman_pilot_v1,P082,judgment,C01,j_relationship,6,human,retain,retain,affirm,continuous,standard,4,1
catman_pilot_v1,P082,judgment,C01,j_obligation,6,human,retain,retain,affirm,continuous,standard,4,1
catman_pilot_v1,P082,judgment,C01,j_treatment,6,human,retain,retain,affirm,continuous,standard,4,1
catman_pilot_v1,P082,judgment,C03,j_identity,6,human,lost,retain,affirm,continuous,standard,5,1
catman_pilot_v1,P082,judgment,C03,j_likeness,6,human,lost,retain,affirm,continuous,standard,5,1
catman_pilot_v1,P082,judgment,C03,j_relationship,1,human,lost,retain,affirm,continuous,standard,5,1
catman_pilot_v1,P082,judgment,C03,j_obligation,1,human,lost,retain,affirm,continuous,standard,5,1
catman_pilot_v1,P082,judgment,C03,j_treatment,1,human,lost,retain,affirm,continuous,standard,5,1
catman_pilot_v1,P082,judgment,C04,j_identity,1,human,retain,limited,affirm,continuous,standard,6,1
catman_pilot_v1,P082,judgment,C04,j_likeness,5,human,retain,limited,affirm,continuous,standard,6,1
catman_pilot_v1,P082,judgment,C04,j_relationship,6,human,retain,limited,affirm,continuous,standard,6,1
catman_pilot_v1,P082,judgment,C04,j_obligation,6,human,retain,limited,affirm,continuous,standard,6,1
catman_pilot_v1,P082,judgment,C04,j_treatment,1,human,retain,limited,affirm,continuous,standard,6,1
catman_pilot_v1,P082,judgment,A09,j_identity,7,human,retain,retain,deny,continuous,anchor,7,1
catman_pilot_v1,P082,judgment,A09,j_likeness,6,human,retain,retain,deny,continuous,anchor,7,1
catman_pilot_v1,P082,judgment,A09,j_relationship,4,human,retain,retain,deny,continuous,anchor,7,1
catman_pilot_v1,P082,judgment,A09,j_obligation,4,human,retain,retain,deny,continuous,anchor,7,1
catman_pilot_v1,P082,judgment,A09,j_treatment,1,human,retain,retain,deny,continuous,anchor,7,1
catman_pilot_v1,P082,judgment,A09,v_epistemic,7,human,retain,retain,deny,continuous,anchor,7,1
catman_pilot_v1,P082,judgment,A09,v_normative,6,human,retain,retain,deny,continuous,anchor,7,1
catman_pilot_v1,P082,judgment,A10,j_ab,1,cat,retain,retain,affirm,parallel,anchor,8,1
catman_pilot_v1,P082,judgment,A10,j_ac,1,cat,retain,retain,affirm,parallel,anchor,8,1
catman_pilot_v1,P082,judgment,A10,j_bc,1,cat,retain,retain,affirm,parallel,anchor,8,1
catman_pilot_v1,P082,judgment,A10,j_excl,1,cat,retain,retain,affirm,parallel,anchor,8,1
catman_pilot_v1,P082,judgment,A10,j_relationship,4,cat,retain,retain,affirm,parallel,anchor,8,1
catman_pilot_v1,P082,judgment,A10,j_obligation,4,cat,retain,retain,affirm,parallel,anchor,8,1
catman_pilot_v1,P082,judgment,A10,j_treatment,4,cat,retain,retain,affirm,parallel,anchor,8,1
catman_pilot_v1,P082,judgment,C05,j_identity,1,human,retain,retain,uncertain,continuous,standard,9,1
catman_pilot_v1,P082,judgment,C05,j_likeness,6,human,retain,retain,uncertain,continuous,standard,9,1
catman_pilot_v1,P082,judgment,C05,j_relationship,4,human,retain,retain,uncertain,continuous,standard,9,1
catman_pilot_v1,P082,judgment,C05,j_obligation,4,human,retain,retain,uncertain,continuous,standard,9,1
catman_pilot_v1,P082,judgment,C05,j_treatment,1,human,retain,retain,uncertain,continuous,standard,9,1
catman_pilot_v1,P082,judgment,C02,j_identity,1,cat,retain,retain,affirm,continuous,standard,10,1
catman_pilot_v1,P082,judgment,C02,j_likeness,1,cat,retain,retain,affirm,continuous,standard,10,1
catman_pilot_v1,P082,judgment,C02,j_relationship,4,cat,retain,retain,affirm,continuous,standard,10,1
catman_pilot_v1,P082,judgment,C02,j_obligation,4,cat,retain,retain,affirm,continuous,standard,10,1
catman_pilot_v1,P082,judgment,C02,j_treatment,1,cat,retain,retain,affirm,continuous,standard,10,1
catman_pilot_v1,P035,judgment,C07,j_identity,7,cat,retain,retain,affirm,discontinuous,standard,1,1
catman_pilot_v1,P035,judgment,C07,j_likeness,1,cat,retain,retain,affirm,discontinuous,standard,1,1
catman_pilot_v1,P035,judgment,C07,j_relationship,5,cat,retain,retain,affirm,discontinuous,standard,1,1
catman_pilot_v1,P035,judgment,C07,j_obligation,5,cat,retain,retain,affirm,discontinuous,standard,1,1
catman_pilot_v1,P035,judgment,C07,j_treatment,6,cat,retain,retain,affirm,discontinuous,standard,1,1
catman_pilot_v1,P035,judgment,C08,j_identity,7,human,lost,retain,affirm,discontinuous,standard,2,1
catman_pilot_v1,P035,judgment,C08,j_likeness,7,human,lost,retain,affirm,discontinuous,standard,2,1
catman_pilot_v1,P035,judgment,C08,j_relationship,3,human,lost,retain,affirm,discontinuous,standard,2,1
catman_pilot_v1,P035,judgment,C08,j_obligation,2,human,lost,retain,affirm,discontinuous,standard,2,1
catman_pilot_v1,P035,judgment,C08,j_treatment,2,human,lost,retain,affirm,discontinuous,standard,2,1
catman_pilot_v1,P035,judgment,C02,j_identity,5,cat,retain,retain,affirm,continuous,standard,3,1
catman_pilot_v1,P035,judgment,C02,j_likeness,1,cat,retain,retain,affirm,continuous,standard,3,1
catman_pilot_v1,P035,judgment,C02,j_relationship,5,cat,retain,retain,affirm,continuous,standard,3,1
catman_pilot_v1,P035,judgment,C02,j_obligation,5,cat,retain,retain,affirm,continuous,standard,3,1
catman_pilot_v1,P035,judgment,C02,j_treatment,6,cat,retain,retain,affirm,continuous,standard,3,1
catman_pilot_v1,P035,judgment,C05,j_identity,6,human,retain,retain,uncertain,continuous,standard,4,1
catman_pilot_v1,P035,judgment,C05,j_likeness,7,human,retain,retain,uncertain,continuous,standard,4,1
catman_pilot_v1,P035,judgment,C05,j_relationship,6,human,retain,retain,uncertain,continuous,standard,4,1
catman_pilot_v1,P035,judgment,C05,j_obligation,6,human,retain,retain,uncertain,continuous,standard,4,1
catman_pilot_v1,P035,judgment,C05,j_treatment,5,human,retain,retain,uncertain,continuous,standard,4,1
catman_pilot_v1,P035,judgment,C04,j_identity,7,human,retain,limited,affirm,continuous,standard,5,1
catman_pilot_v1,P035,judgment,C04,j_likeness,7,human,retain,limited,affirm,continuous,standard,5,1
catman_pilot_v1,P035,judgment,C04,j_relationship,6,human,retain,limited,affirm,continuous,standard,5,1
catman_pilot_v1,P035,judgment,C04,j_obligation,7,human,retain,limited,affirm,continuous,standard,5,1
catman_pilot_v1,P035,judgment,C04,j_treatment,6,human,retain,limited,affirm,continuous,standard,5,1
catman_pilot_v1,P035,judgment,A09,j_identity,5,human,retain,retain,deny,continuous,anchor,6,1
catman_pilot_v1,P035,judgment,A09,j_likeness,7,human,retain,retain,deny,continuous,anchor,6,1
catman_pilot_v1,P035,judgment,A09,j_relationship,3,human,retain,retain,deny,continuous,anchor,6,1
catman_pilot_v1,P035,judgment,A09,j_obligation,2,human,retain,retain,deny,continuous,anchor,6,1
catman_pilot_v1,P035,judgment,A09,j_treatment,1,human,retain,retain,deny,continuous,anchor,6,1
catman_pilot_v1,P035,judgment,A09,v_epistemic,6,human,retain,retain,deny,continuous,anchor,6,1
catman_pilot_v1,P035,judgment,A09,v_normative,5,human,retain,retain,deny,continuous,anchor,6,1
catman_pilot_v1,P035,judgment,C06,j_identity,7,human,retain,retain,affirm,discontinuous,standard,7,1
catman_pilot_v1,P035,judgment,C06,j_likeness,7,human,retain,retain,affirm,discontinuous,standard,7,1
catman_pilot_v1,P035,judgment,C06,j_relationship,6,human,retain,retain,affirm,discontinuous,standard,7,1
catman_pilot_v1,P035,judgment,C06,j_obligation,7,human,retain,retain,affirm,discontinuous,standard,7,1
catman_pilot_v1,P035,judgment,C06,j_treatment,6,human,retain,retain,affirm,discontinuous,standard,7,1
catman_pilot_v1,P035,judgment,C01,j_identity,7,human,retain,retain,affirm,continuous,standard,8,1
catman_pilot_v1,P035,judgment,C01,j_likeness,7,human,retain,retain,affirm,continuous,standard,8,1
catman_pilot_v1,P035,judgment,C01,j_relationship,6,human,retain,retain,affirm,continuous,standard,8,1
catman_pilot_v1,P035,judgment,C01,j_obligation,6,human,retain,retain,affirm,continuous,standard,8,1
catman_pilot_v1,P035,judgment,C01,j_treatment,6,human,retain,retain,affirm,continuous,standard,8,1
catman_pilot_v1,P035,judgment,A10,j_ab,6,cat,retain,retain,affirm,parallel,anchor,9,1
catman_pilot_v1,P035,judgment,A10,j_ac,6,cat,retain,retain,affirm,parallel,anchor,9,1
catman_pilot_v1,P035,judgment,A10,j_bc,5,cat,retain,retain,affirm,parallel,anchor,9,1
catman_pilot_v1,P035,judgment,A10,j_excl,7,cat,retain,retain,affirm,parallel,anchor,9,1
catman_pilot_v1,P035,judgment,A10,j_relationship,3,cat,retain,retain,affirm,parallel,anchor,9,1
catman_pilot_v1,P035,judgment,A10,j_obligation,2,cat,retain,retain,affirm,parallel,anchor,9,1
catman_pilot_v1,P035,judgment,A10,j_treatment,5,cat,retain,retain,affirm,parallel,anchor,9,1
catman_pilot_v1,P035,judgment,C03,j_identity,5,human,lost,retain,affirm,continuous,standard,10,1
catman_pilot_v1,P035,judgment,C03,j_likeness,7,human,lost,retain,affirm,continuous,standard,10,1
catman_pilot_v1,P035,judgment,C03,j_relationship,2,human,lost,retain,affirm,continuous,standard,10,1
catman_pilot_v1,P035,judgment,C03,j_obligation,2,human,lost,retain,affirm,continuous,standard,10,1
catman_pilot_v1,P035,judgment,C03,j_treatment,3,human,lost,retain,affirm,continuous,standard,10,1
catman_pilot_v1,P011,judgment,C02,j_identity,1,cat,retain,retain,affirm,continuous,standard,1,1
catman_pilot_v1,P011,judgment,C02,j_likeness,1,cat,retain,retain,affirm,continuous,standard,1,1
catman_pilot_v1,P011,judgment,C02,j_relationship,2,cat,retain,retain,affirm,continuous,standard,1,1
catman_pilot_v1,P011,judgment,C02,j_obligation,3,cat,retain,retain,affirm,continuous,standard,1,1
catman_pilot_v1,P011,judgment,C02,j_treatment,2,cat,retain,retain,affirm,continuous,standard,1,1
catman_pilot_v1,P011,judgment,C05,j_identity,3,human,retain,retain,uncertain,continuous,standard,2,1
catman_pilot_v1,P011,judgment,C05,j_likeness,5,human,retain,retain,uncertain,continuous,standard,2,1
catman_pilot_v1,P011,judgment,C05,j_relationship,5,human,retain,retain,uncertain,continuous,standard,2,1
catman_pilot_v1,P011,judgment,C05,j_obligation,3,human,retain,retain,uncertain,continuous,standard,2,1
catman_pilot_v1,P011,judgment,C05,j_treatment,5,human,retain,retain,uncertain,continuous,standard,2,1
catman_pilot_v1,P011,judgment,C08,j_identity,6,human,lost,retain,affirm,discontinuous,standard,3,1
catman_pilot_v1,P011,judgment,C08,j_likeness,7,human,lost,retain,affirm,discontinuous,standard,3,1
catman_pilot_v1,P011,judgment,C08,j_relationship,5,human,lost,retain,affirm,discontinuous,standard,3,1
catman_pilot_v1,P011,judgment,C08,j_obligation,3,human,lost,retain,affirm,discontinuous,standard,3,1
catman_pilot_v1,P011,judgment,C08,j_treatment,7,human,lost,retain,affirm,discontinuous,standard,3,1
catman_pilot_v1,P011,judgment,C04,j_identity,7,human,retain,limited,affirm,continuous,standard,4,1
catman_pilot_v1,P011,judgment,C04,j_likeness,7,human,retain,limited,affirm,continuous,standard,4,1
catman_pilot_v1,P011,judgment,C04,j_relationship,7,human,retain,limited,affirm,continuous,standard,4,1
catman_pilot_v1,P011,judgment,C04,j_obligation,6,human,retain,limited,affirm,continuous,standard,4,1
catman_pilot_v1,P011,judgment,C04,j_treatment,7,human,retain,limited,affirm,continuous,standard,4,1
catman_pilot_v1,P011,judgment,A09,j_identity,6,human,retain,retain,deny,continuous,anchor,5,1
catman_pilot_v1,P011,judgment,A09,j_likeness,6,human,retain,retain,deny,continuous,anchor,5,1
catman_pilot_v1,P011,judgment,A09,j_relationship,2,human,retain,retain,deny,continuous,anchor,5,1
catman_pilot_v1,P011,judgment,A09,j_obligation,1,human,retain,retain,deny,continuous,anchor,5,1
catman_pilot_v1,P011,judgment,A09,j_treatment,4,human,retain,retain,deny,continuous,anchor,5,1
catman_pilot_v1,P011,judgment,A09,v_epistemic,2,human,retain,retain,deny,continuous,anchor,5,1
catman_pilot_v1,P011,judgment,A09,v_normative,2,human,retain,retain,deny,continuous,anchor,5,1
catman_pilot_v1,P011,judgment,C07,j_identity,1,cat,retain,retain,affirm,discontinuous,standard,6,1
catman_pilot_v1,P011,judgment,C07,j_likeness,2,cat,retain,retain,affirm,discontinuous,standard,6,1
catman_pilot_v1,P011,judgment,C07,j_relationship,1,cat,retain,retain,affirm,discontinuous,standard,6,1
catman_pilot_v1,P011,judgment,C07,j_obligation,1,cat,retain,retain,affirm,discontinuous,standard,6,1
catman_pilot_v1,P011,judgment,C07,j_treatment,4,cat,retain,retain,affirm,discontinuous,standard,6,1
catman_pilot_v1,P011,judgment,C01,j_identity,7,human,retain,retain,affirm,continuous,standard,7,1
catman_pilot_v1,P011,judgment,C01,j_likeness,7,human,retain,retain,affirm,continuous,standard,7,1
catman_pilot_v1,P011,judgment,C01,j_relationship,7,human,retain,retain,affirm,continuous,standard,7,1
catman_pilot_v1,P011,judgment,C01,j_obligation,7,human,retain,retain,affirm,continuous,standard,7,1
catman_pilot_v1,P011,judgment,C01,j_treatment,7,human,retain,retain,affirm,continuous,standard,7,1
catman_pilot_v1,P011,judgment,C06,j_identity,1,human,retain,retain,affirm,discontinuous,standard,8,1
catman_pilot_v1,P011,judgment,C06,j_likeness,6,human,retain,retain,affirm,discontinuous,standard,8,1
catman_pilot_v1,P011,judgment,C06,j_relationship,1,human,retain,retain,affirm,discontinuous,standard,8,1
catman_pilot_v1,P011,judgment,C06,j_obligation,1,human,retain,retain,affirm,discontinuous,standard,8,1
catman_pilot_v1,P011,judgment,C06,j_treatment,1,human,retain,retain,affirm,discontinuous,standard,8,1
catman_pilot_v1,P011,judgment,C03,j_identity,2,human,lost,retain,affirm,continuous,standard,9,1
catman_pilot_v1,P011,judgment,C03,j_likeness,7,human,lost,retain,affirm,continuous,standard,9,1
catman_pilot_v1,P011,judgment,C03,j_relationship,2,human,lost,retain,affirm,continuous,standard,9,1
catman_pilot_v1,P011,judgment,C03,j_obligation,1,human,lost,retain,affirm,continuous,standard,9,1
catman_pilot_v1,P011,judgment,C03,j_treatment,5,human,lost,retain,affirm,continuous,standard,9,1
catman_pilot_v1,P011,judgment,A10,j_ab,7,cat,retain,retain,affirm,parallel,anchor,10,1
catman_pilot_v1,P011,judgment,A10,j_ac,1,cat,retain,retain,affirm,parallel,anchor,10,1
catman_pilot_v1,P011,judgment,A10,j_bc,1,cat,retain,retain,affirm,parallel,anchor,10,1
catman_pilot_v1,P011,judgment,A10,j_excl,7,cat,retain,retain,affirm,parallel,anchor,10,1
catman_pilot_v1,P011,judgment,A10,j_relationship,7,cat,retain,retain,affirm,parallel,anchor,10,1
catman_pilot_v1,P011,judgment,A10,j_obligation,7,cat,retain,retain,affirm,parallel,anchor,10,1
catman_pilot_v1,P011,judgment,A10,j_treatment,7,cat,retain,retain,affirm,parallel,anchor,10,1
catman_pilot_v1,P049,manipulation,C04,pc_sub,7,human,retain,limited,affirm,continuous,standard,1,1
catman_pilot_v1,P049,manipulation,C04,pc_info,7,human,retain,limited,affirm,continuous,standard,1,1
catman_pilot_v1,P049,manipulation,C04,pc_func,1,human,retain,limited,affirm,continuous,standard,1,1
catman_pilot_v1,P049,manipulation,C04,pc_self,5,human,retain,limited,affirm,continuous,standard,1,1
catman_pilot_v1,P049,manipulation,C04,pc_tran,1,human,retain,limited,affirm,continuous,standard,1,1
catman_pilot_v1,P049,manipulation,C06,pc_sub,7,human,retain,retain,affirm,discontinuous,standard,2,1
catman_pilot_v1,P049,manipulation,C06,pc_info,7,human,retain,retain,affirm,discontinuous,standard,2,1
catman_pilot_v1,P049,manipulation,C06,pc_func,7,human,retain,retain,affirm,discontinuous,standard,2,1
catman_pilot_v1,P049,manipulation,C06,pc_self,7,human,retain,retain,affirm,discontinuous,standard,2,1
catman_pilot_v1,P049,manipulation,C06,pc_tran,7,human,retain,retain,affirm,discontinuous,standard,2,1
catman_pilot_v1,P049,manipulation,C06,k_copy,3,human,retain,retain,affirm,discontinuous,standard,2,1
catman_pilot_v1,P049,manipulation,C06,k_term,4,human,retain,retain,affirm,discontinuous,standard,2,1
catman_pilot_v1,P049,manipulation,C05,pc_sub,7,human,retain,retain,uncertain,continuous,standard,3,1
catman_pilot_v1,P049,manipulation,C05,pc_info,7,human,retain,retain,uncertain,continuous,standard,3,1
catman_pilot_v1,P049,manipulation,C05,pc_func,7,human,retain,retain,uncertain,continuous,standard,3,1
catman_pilot_v1,P049,manipulation,C05,pc_self,3,human,retain,retain,uncertain,continuous,standard,3,1
catman_pilot_v1,P049,manipulation,C05,pc_tran,1,human,retain,retain,uncertain,continuous,standard,3,1
catman_pilot_v1,P049,manipulation,C08,pc_sub,7,human,lost,retain,affirm,discontinuous,standard,4,1
catman_pilot_v1,P049,manipulation,C08,pc_info,1,human,lost,retain,affirm,discontinuous,standard,4,1
catman_pilot_v1,P049,manipulation,C08,pc_func,7,human,lost,retain,affirm,discontinuous,standard,4,1
catman_pilot_v1,P049,manipulation,C08,pc_self,7,human,lost,retain,affirm,discontinuous,standard,4,1
catman_pilot_v1,P049,manipulation,C08,pc_tran,4,human,lost,retain,affirm,discontinuous,standard,4,1
catman_pilot_v1,P049,manipulation,C08,k_copy,1,human,lost,retain,affirm,discontinuous,standard,4,1
catman_pilot_v1,P049,manipulation,C08,k_term,4,human,lost,retain,affirm,discontinuous,standard,4,1
catman_pilot_v1,P049,manipulation,A10,k_copy,3,cat,retain,retain,affirm,parallel,anchor,5,1
catman_pilot_v1,P049,manipulation,A10,k_term,1,cat,retain,retain,affirm,parallel,anchor,5,1
catman_pilot_v1,P049,manipulation,A10,k_coex,7,cat,retain,retain,affirm,parallel,anchor,5,1
catman_pilot_v1,P049,manipulation,A10,pc_sub,1,cat,retain,retain,affirm,parallel,anchor,5,1
catman_pilot_v1,P049,manipulation,A10,pc_info,7,cat,retain,retain,affirm,parallel,anchor,5,1
catman_pilot_v1,P049,manipulation,A10,pc_func,7,cat,retain,retain,affirm,parallel,anchor,5,1
catman_pilot_v1,P049,manipulation,A10,pc_self,7,cat,retain,retain,affirm,parallel,anchor,5,1
catman_pilot_v1,P049,manipulation,A10,pc_tran,4,cat,retain,retain,affirm,parallel,anchor,5,1
catman_pilot_v1,P049,manipulation,C02,pc_sub,1,cat,retain,retain,affirm,continuous,standard,6,1
catman_pilot_v1,P049,manipulation,C02,pc_info,7,cat,retain,retain,affirm,continuous,standard,6,1
catman_pilot_v1,P049,manipulation,C02,pc_func,7,cat,retain,retain,affirm,continuous,standard,6,1
catman_pilot_v1,P049,manipulation,C02,pc_self,7,cat,retain,retain,affirm,continuous,standard,6,1
catman_pilot_v1,P049,manipulation,C02,pc_tran,1,cat,retain,retain,affirm,continuous,standard,6,1
catman_pilot_v1,P049,manipulation,C01,pc_sub,7,human,retain,retain,affirm,continuous,standard,7,1
catman_pilot_v1,P049,manipulation,C01,pc_info,7,human,retain,retain,affirm,continuous,standard,7,1
catman_pilot_v1,P049,manipulation,C01,pc_func,7,human,retain,retain,affirm,continuous,standard,7,1
catman_pilot_v1,P049,manipulation,C01,pc_self,7,human,retain,retain,affirm,continuous,standard,7,1
catman_pilot_v1,P049,manipulation,C01,pc_tran,1,human,retain,retain,affirm,continuous,standard,7,1
catman_pilot_v1,P049,manipulation,A09,pc_sub,7,human,retain,retain,deny,continuous,anchor,8,1
catman_pilot_v1,P049,manipulation,A09,pc_info,7,human,retain,retain,deny,continuous,anchor,8,1
catman_pilot_v1,P049,manipulation,A09,pc_func,7,human,retain,retain,deny,continuous,anchor,8,1
catman_pilot_v1,P049,manipulation,A09,pc_self,1,human,retain,retain,deny,continuous,anchor,8,1
catman_pilot_v1,P049,manipulation,A09,pc_tran,1,human,retain,retain,deny,continuous,anchor,8,1
catman_pilot_v1,P049,manipulation,C03,pc_sub,7,human,lost,retain,affirm,continuous,standard,9,1
catman_pilot_v1,P049,manipulation,C03,pc_info,1,human,lost,retain,affirm,continuous,standard,9,1
catman_pilot_v1,P049,manipulation,C03,pc_func,7,human,lost,retain,affirm,continuous,standard,9,1
catman_pilot_v1,P049,manipulation,C03,pc_self,7,human,lost,retain,affirm,continuous,standard,9,1
catman_pilot_v1,P049,manipulation,C03,pc_tran,1,human,lost,retain,affirm,continuous,standard,9,1
catman_pilot_v1,P049,manipulation,C07,pc_sub,1,cat,retain,retain,affirm,discontinuous,standard,10,1
catman_pilot_v1,P049,manipulation,C07,pc_info,7,cat,retain,retain,affirm,discontinuous,standard,10,1
catman_pilot_v1,P049,manipulation,C07,pc_func,7,cat,retain,retain,affirm,discontinuous,standard,10,1
catman_pilot_v1,P049,manipulation,C07,pc_self,7,cat,retain,retain,affirm,discontinuous,standard,10,1
catman_pilot_v1,P049,manipulation,C07,pc_tran,4,cat,retain,retain,affirm,discontinuous,standard,10,1
catman_pilot_v1,P049,manipulation,C07,k_copy,4,cat,retain,retain,affirm,discontinuous,standard,10,1
catman_pilot_v1,P049,manipulation,C07,k_term,4,cat,retain,retain,affirm,discontinuous,standard,10,1
catman_pilot_v1,P070,judgment,C01,j_identity,6,human,retain,retain,affirm,continuous,standard,1,1
catman_pilot_v1,P070,judgment,C01,j_likeness,6,human,retain,retain,affirm,continuous,standard,1,1
catman_pilot_v1,P070,judgment,C01,j_relationship,6,human,retain,retain,affirm,continuous,standard,1,1
catman_pilot_v1,P070,judgment,C01,j_obligation,7,human,retain,retain,affirm,continuous,standard,1,1
catman_pilot_v1,P070,judgment,C01,j_treatment,4,human,retain,retain,affirm,continuous,standard,1,1
catman_pilot_v1,P070,judgment,C04,j_identity,7,human,retain,limited,affirm,continuous,standard,2,1
catman_pilot_v1,P070,judgment,C04,j_likeness,6,human,retain,limited,affirm,continuous,standard,2,1
catman_pilot_v1,P070,judgment,C04,j_relationship,7,human,retain,limited,affirm,continuous,standard,2,1
catman_pilot_v1,P070,judgment,C04,j_obligation,7,human,retain,limited,affirm,continuous,standard,2,1
catman_pilot_v1,P070,judgment,C04,j_treatment,7,human,retain,limited,affirm,continuous,standard,2,1
catman_pilot_v1,P070,judgment,C02,j_identity,1,cat,retain,retain,affirm,continuous,standard,3,1
catman_pilot_v1,P070,judgment,C02,j_likeness,1,cat,retain,retain,affirm,continuous,standard,3,1
catman_pilot_v1,P070,judgment,C02,j_relationship,2,cat,retain,retain,affirm,continuous,standard,3,1
catman_pilot_v1,P070,judgment,C02,j_obligation,1,cat,retain,retain,affirm,continuous,standard,3,1
catman_pilot_v1,P070,judgment,C02,j_treatment,1,cat,retain,retain,affirm,continuous,standard,3,1
catman_pilot_v1,P070,judgment,C05,j_identity,7,human,retain,retain,uncertain,continuous,standard,4,1
catman_pilot_v1,P070,judgment,C05,j_likeness,7,human,retain,retain,uncertain,continuous,standard,4,1
catman_pilot_v1,P070,judgment,C05,j_relationship,6,human,retain,retain,uncertain,continuous,standard,4,1
catman_pilot_v1,P070,judgment,C05,j_obligation,6,human,retain,retain,uncertain,continuous,standard,4,1
catman_pilot_v1,P070,judgment,C05,j_treatment,6,human,retain,retain,uncertain,continuous,standard,4,1
catman_pilot_v1,P070,judgment,C07,j_identity,1,cat,retain,retain,affirm,discontinuous,standard,5,1
catman_pilot_v1,P070,judgment,C07,j_likeness,1,cat,retain,retain,affirm,discontinuous,standard,5,1
catman_pilot_v1,P070,judgment,C07,j_relationship,1,cat,retain,retain,affirm,discontinuous,standard,5,1
catman_pilot_v1,P070,judgment,C07,j_obligation,1,cat,retain,retain,affirm,discontinuous,standard,5,1
catman_pilot_v1,P070,judgment,C07,j_treatment,1,cat,retain,retain,affirm,discontinuous,standard,5,1
catman_pilot_v1,P070,judgment,C08,j_identity,6,human,lost,retain,affirm,discontinuous,standard,6,1
catman_pilot_v1,P070,judgment,C08,j_likeness,6,human,lost,retain,affirm,discontinuous,standard,6,1
catman_pilot_v1,P070,judgment,C08,j_relationship,7,human,lost,retain,affirm,discontinuous,standard,6,1
catman_pilot_v1,P070,judgment,C08,j_obligation,7,human,lost,retain,affirm,discontinuous,standard,6,1
catman_pilot_v1,P070,judgment,C08,j_treatment,7,human,lost,retain,affirm,discontinuous,standard,6,1
catman_pilot_v1,P070,judgment,A10,j_ab,1,cat,retain,retain,affirm,parallel,anchor,7,1
catman_pilot_v1,P070,judgment,A10,j_ac,1,cat,retain,retain,affirm,parallel,anchor,7,1
catman_pilot_v1,P070,judgment,A10,j_bc,1,cat,retain,retain,affirm,parallel,anchor,7,1
catman_pilot_v1,P070,judgment,A10,j_excl,6,cat,retain,retain,affirm,parallel,anchor,7,1
catman_pilot_v1,P070,judgment,A10,j_relationship,1,cat,retain,retain,affirm,parallel,anchor,7,1
catman_pilot_v1,P070,judgment,A10,j_obligation,1,cat,retain,retain,affirm,parallel,anchor,7,1
catman_pilot_v1,P070,judgment,A10,j_treatment,2,cat,retain,retain,affirm,parallel,anchor,7,1
catman_pilot_v1,P070,judgment,C06,j_identity,5,human,retain,retain,affirm,discontinuous,standard,8,1
catman_pilot_v1,P070,judgment,C06,j_likeness,5,human,retain,retain,affirm,discontinuous,standard,8,1
catman_pilot_v1,P070,judgment,C06,j_relationship,5,human,retain,retain,affirm,discontinuous,standard,8,1
catman_pilot_v1,P070,judgment,C06,j_obligation,6,human,retain,retain,affirm,discontinuous,standard,8,1
catman_pilot_v1,P070,judgment,C06,j_treatment,7,human,retain,retain,affirm,discontinuous,standard,8,1
catman_pilot_v1,P070,judgment,A09,j_identity,6,human,retain,retain,deny,continuous,anchor,9,1
catman_pilot_v1,P070,judgment,A09,j_likeness,7,human,retain,retain,deny,continuous,anchor,9,1
catman_pilot_v1,P070,judgment,A09,j_relationship,7,human,retain,retain,deny,continuous,anchor,9,1
catman_pilot_v1,P070,judgment,A09,j_obligation,7,human,retain,retain,deny,continuous,anchor,9,1
catman_pilot_v1,P070,judgment,A09,j_treatment,7,human,retain,retain,deny,continuous,anchor,9,1
catman_pilot_v1,P070,judgment,A09,v_epistemic,1,human,retain,retain,deny,continuous,anchor,9,1
catman_pilot_v1,P070,judgment,A09,v_normative,1,human,retain,retain,deny,continuous,anchor,9,1
catman_pilot_v1,P070,judgment,C03,j_identity,7,human,lost,retain,affirm,continuous,standard,10,1
catman_pilot_v1,P070,judgment,C03,j_likeness,7,human,lost,retain,affirm,continuous,standard,10,1
catman_pilot_v1,P070,judgment,C03,j_relationship,7,human,lost,retain,affirm,continuous,standard,10,1
catman_pilot_v1,P070,judgment,C03,j_obligation,7,human,lost,retain,affirm,continuous,standard,10,1
catman_pilot_v1,P070,judgment,C03,j_treatment,7,human,lost,retain,affirm,continuous,standard,10,1
catman_pilot_v1,P043,judgment,C05,j_identity,7,human,retain,retain,uncertain,continuous,standard,1,1
catman_pilot_v1,P043,judgment,C05,j_likeness,7,human,retain,retain,uncertain,continuous,standard,1,1
catman_pilot_v1,P043,judgment,C05,j_relationship,7,human,retain,retain,uncertain,continuous,standard,1,1
catman_pilot_v1,P043,judgment,C05,j_obligation,7,human,retain,retain,uncertain,continuous,standard,1,1
catman_pilot_v1,P043,judgment,C05,j_treatment,7,human,retain,retain,uncertain,continuous,standard,1,1
catman_pilot_v1,P043,judgment,C07,j_identity,3,cat,retain,retain,affirm,discontinuous,standard,2,1
catman_pilot_v1,P043,judgment,C07,j_likeness,3,cat,retain,retain,affirm,discontinuous,standard,2,1
catman_pilot_v1,P043,judgment,C07,j_relationship,7,cat,retain,retain,affirm,discontinuous,standard,2,1
catman_pilot_v1,P043,judgment,C07,j_obligation,7,cat,retain,retain,affirm,discontinuous,standard,2,1
catman_pilot_v1,P043,judgment,C07,j_treatment,3,cat,retain,retain,affirm,discontinuous,standard,2,1
catman_pilot_v1,P043,judgment,C03,j_identity,2,human,lost,retain,affirm,continuous,standard,3,1
catman_pilot_v1,P043,judgment,C03,j_likeness,2,human,lost,retain,affirm,continuous,standard,3,1
catman_pilot_v1,P043,judgment,C03,j_relationship,1,human,lost,retain,affirm,continuous,standard,3,1
catman_pilot_v1,P043,judgment,C03,j_obligation,1,human,lost,retain,affirm,continuous,standard,3,1
catman_pilot_v1,P043,judgment,C03,j_treatment,1,human,lost,retain,affirm,continuous,standard,3,1
catman_pilot_v1,P043,judgment,C08,j_identity,6,human,lost,retain,affirm,discontinuous,standard,4,1
catman_pilot_v1,P043,judgment,C08,j_likeness,6,human,lost,retain,affirm,discontinuous,standard,4,1
catman_pilot_v1,P043,judgment,C08,j_relationship,2,human,lost,retain,affirm,discontinuous,standard,4,1
catman_pilot_v1,P043,judgment,C08,j_obligation,1,human,lost,retain,affirm,discontinuous,standard,4,1
catman_pilot_v1,P043,judgment,C08,j_treatment,6,human,lost,retain,affirm,discontinuous,standard,4,1
catman_pilot_v1,P043,judgment,A09,j_identity,6,human,retain,retain,deny,continuous,anchor,5,1
catman_pilot_v1,P043,judgment,A09,j_likeness,6,human,retain,retain,deny,continuous,anchor,5,1
catman_pilot_v1,P043,judgment,A09,j_relationship,5,human,retain,retain,deny,continuous,anchor,5,1
catman_pilot_v1,P043,judgment,A09,j_obligation,5,human,retain,retain,deny,continuous,anchor,5,1
catman_pilot_v1,P043,judgment,A09,j_treatment,6,human,retain,retain,deny,continuous,anchor,5,1
catman_pilot_v1,P043,judgment,A09,v_epistemic,7,human,retain,retain,deny,continuous,anchor,5,1
catman_pilot_v1,P043,judgment,A09,v_normative,6,human,retain,retain,deny,continuous,anchor,5,1
catman_pilot_v1,P043,judgment,C02,j_identity,2,cat,retain,retain,affirm,continuous,standard,6,1
catman_pilot_v1,P043,judgment,C02,j_likeness,2,cat,retain,retain,affirm,continuous,standard,6,1
catman_pilot_v1,P043,judgment,C02,j_relationship,2,cat,retain,retain,affirm,continuous,standard,6,1
catman_pilot_v1,P043,judgment,C02,j_obligation,2,cat,retain,retain,affirm,continuous,standard,6,1
catman_pilot_v1,P043,judgment,C02,j_treatment,3,cat,retain,retain,affirm,continuous,standard,6,1
catman_pilot_v1,P043,judgment,A10,j_ab,7,cat,retain,retain,affirm,parallel,anchor,7,1
catman_pilot_v1,P043,judgment,A10,j_ac,1,cat,retain,retain,affirm,parallel,anchor,7,1
catman_pilot_v1,P043,judgment,A10,j_bc,3,cat,retain,retain,affirm,parallel,anchor,7,1
catman_pilot_v1,P043,judgment,A10,j_excl,7,cat,retain,retain,affirm,parallel,anchor,7,1
catman_pilot_v1,P043,judgment,A10,j_relationship,7,cat,retain,retain,affirm,parallel,anchor,7,1
catman_pilot_v1,P043,judgment,A10,j_obligation,7,cat,retain,retain,affirm,parallel,anchor,7,1
catman_pilot_v1,P043,judgment,A10,j_treatment,7,cat,retain,retain,affirm,parallel,anchor,7,1
catman_pilot_v1,P043,judgment,C01,j_identity,2,human,retain,retain,affirm,continuous,standard,8,1
catman_pilot_v1,P043,judgment,C01,j_likeness,2,human,retain,retain,affirm,continuous,standard,8,1
catman_pilot_v1,P043,judgment,C01,j_relationship,1,human,retain,retain,affirm,continuous,standard,8,1
catman_pilot_v1,P043,judgment,C01,j_obligation,1,human,retain,retain,affirm,continuous,standard,8,1
catman_pilot_v1,P043,judgment,C01,j_treatment,1,human,retain,retain,affirm,continuous,standard,8,1
catman_pilot_v1,P043,judgment,C06,j_identity,7,human,retain,retain,affirm,discontinuous,standard,9,1
catman_pilot_v1,P043,judgment,C06,j_likeness,7,human,retain,retain,affirm,discontinuous,standard,9,1
catman_pilot_v1,P043,judgment,C06,j_relationship,7,human,retain,retain,affirm,discontinuous,standard,9,1
catman_pilot_v1,P043,judgment,C06,j_obligation,7,human,retain,retain,affirm,discontinuous,standard,9,1
catman_pilot_v1,P043,judgment,C06,j_treatment,7,human,retain,retain,affirm,discontinuous,standard,9,1
catman_pilot_v1,P043,judgment,C04,j_identity,1,human,retain,limited,affirm,continuous,standard,10,1
catman_pilot_v1,P043,judgment,C04,j_likeness,1,human,retain,limited,affirm,continuous,standard,10,1
catman_pilot_v1,P043,judgment,C04,j_relationship,2,human,retain,limited,affirm,continuous,standard,10,1
catman_pilot_v1,P043,judgment,C04,j_obligation,2,human,retain,limited,affirm,continuous,standard,10,1
catman_pilot_v1,P043,judgment,C04,j_treatment,1,human,retain,limited,affirm,continuous,standard,10,1
catman_pilot_v1,P059,manipulation,C05,pc_sub,7,human,retain,retain,uncertain,continuous,standard,1,1
catman_pilot_v1,P059,manipulation,C05,pc_info,7,human,retain,retain,uncertain,continuous,standard,1,1
catman_pilot_v1,P059,manipulation,C05,pc_func,7,human,retain,retain,uncertain,continuous,standard,1,1
catman_pilot_v1,P059,manipulation,C05,pc_self,1,human,retain,retain,uncertain,continuous,standard,1,1
catman_pilot_v1,P059,manipulation,C05,pc_tran,7,human,retain,retain,uncertain,continuous,standard,1,1
catman_pilot_v1,P059,manipulation,C08,pc_sub,7,human,lost,retain,affirm,discontinuous,standard,2,1
catman_pilot_v1,P059,manipulation,C08,pc_info,1,human,lost,retain,affirm,discontinuous,standard,2,1
catman_pilot_v1,P059,manipulation,C08,pc_func,7,human,lost,retain,affirm,discontinuous,standard,2,1
catman_pilot_v1,P059,manipulation,C08,pc_self,7,human,lost,retain,affirm,discontinuous,standard,2,1
catman_pilot_v1,P059,manipulation,C08,pc_tran,1,human,lost,retain,affirm,discontinuous,standard,2,1
catman_pilot_v1,P059,manipulation,C08,k_copy,2,human,lost,retain,affirm,discontinuous,standard,2,1
catman_pilot_v1,P059,manipulation,C08,k_term,2,human,lost,retain,affirm,discontinuous,standard,2,1
catman_pilot_v1,P059,manipulation,C03,pc_sub,7,human,lost,retain,affirm,continuous,standard,3,1
catman_pilot_v1,P059,manipulation,C03,pc_info,1,human,lost,retain,affirm,continuous,standard,3,1
catman_pilot_v1,P059,manipulation,C03,pc_func,7,human,lost,retain,affirm,continuous,standard,3,1
catman_pilot_v1,P059,manipulation,C03,pc_self,7,human,lost,retain,affirm,continuous,standard,3,1
catman_pilot_v1,P059,manipulation,C03,pc_tran,7,human,lost,retain,affirm,continuous,standard,3,1
catman_pilot_v1,P059,manipulation,C04,pc_sub,7,human,retain,limited,affirm,continuous,standard,4,1
catman_pilot_v1,P059,manipulation,C04,pc_info,7,human,retain,limited,affirm,continuous,standard,4,1
catman_pilot_v1,P059,manipulation,C04,pc_func,2,human,retain,limited,affirm,continuous,standard,4,1
catman_pilot_v1,P059,manipulation,C04,pc_self,7,human,retain,limited,affirm,continuous,standard,4,1
catman_pilot_v1,P059,manipulation,C04,pc_tran,7,human,retain,limited,affirm,continuous,standard,4,1
catman_pilot_v1,P059,manipulation,C02,pc_sub,1,cat,retain,retain,affirm,continuous,standard,5,1
catman_pilot_v1,P059,manipulation,C02,pc_info,7,cat,retain,retain,affirm,continuous,standard,5,1
catman_pilot_v1,P059,manipulation,C02,pc_func,5,cat,retain,retain,affirm,continuous,standard,5,1
catman_pilot_v1,P059,manipulation,C02,pc_self,7,cat,retain,retain,affirm,continuous,standard,5,1
catman_pilot_v1,P059,manipulation,C02,pc_tran,7,cat,retain,retain,affirm,continuous,standard,5,1
catman_pilot_v1,P059,manipulation,C01,pc_sub,7,human,retain,retain,affirm,continuous,standard,6,1
catman_pilot_v1,P059,manipulation,C01,pc_info,7,human,retain,retain,affirm,continuous,standard,6,1
catman_pilot_v1,P059,manipulation,C01,pc_func,7,human,retain,retain,affirm,continuous,standard,6,1
catman_pilot_v1,P059,manipulation,C01,pc_self,7,human,retain,retain,affirm,continuous,standard,6,1
catman_pilot_v1,P059,manipulation,C01,pc_tran,7,human,retain,retain,affirm,continuous,standard,6,1
catman_pilot_v1,P059,manipulation,A09,pc_sub,7,human,retain,retain,deny,continuous,anchor,7,1
catman_pilot_v1,P059,manipulation,A09,pc_info,7,human,retain,retain,deny,continuous,anchor,7,1
catman_pilot_v1,P059,manipulation,A09,pc_func,5,human,retain,retain,deny,continuous,anchor,7,1
catman_pilot_v1,P059,manipulation,A09,pc_self,1,human,retain,retain,deny,continuous,anchor,7,1
catman_pilot_v1,P059,manipulation,A09,pc_tran,7,human,retain,retain,deny,continuous,anchor,7,1
catman_pilot_v1,P059,manipulation,C06,pc_sub,7,human,retain,retain,affirm,discontinuous,standard,8,1
catman_pilot_v1,P059,manipulation,C06,pc_info,7,human,retain,retain,affirm,discontinuous,standard,8,1
catman_pilot_v1,P059,manipulation,C06,pc_func,7,human,retain,retain,affirm,discontinuous,standard,8,1
catman_pilot_v1,P059,manipulation,C06,pc_self,7,human,retain,retain,affirm,discontinuous,standard,8,1
catman_pilot_v1,P059,manipulation,C06,pc_tran,1,human,retain,retain,affirm,discontinuous,standard,8,1
catman_pilot_v1,P059,manipulation,C06,k_copy,3,human,retain,retain,affirm,discontinuous,standard,8,1
catman_pilot_v1,P059,manipulation,C06,k_term,2,human,retain,retain,affirm,discontinuous,standard,8,1
catman_pilot_v1,P059,manipulation,A10,k_copy,3,cat,retain,retain,affirm,parallel,anchor,9,1
catman_pilot_v1,P059,manipulation,A10,k_term,2,cat,retain,retain,affirm,parallel,anchor,9,1
catman_pilot_v1,P059,manipulation,A10,k_coex,7,cat,retain,retain,affirm,parallel,anchor,9,1
catman_pilot_v1,P059,manipulation,A10,pc_sub,6,cat,retain,retain,affirm,parallel,anchor,9,1
catman_pilot_v1,P059,manipulation,A10,pc_info,6,cat,retain,retain,affirm,parallel,anchor,9,1
catman_pilot_v1,P059,manipulation,A10,pc_func,6,cat,retain,retain,affirm,parallel,anchor,9,1
catman_pilot_v1,P059,manipulation,A10,pc_self,6,cat,retain,retain,affirm,parallel,anchor,9,1
catman_pilot_v1,P059,manipulation,A10,pc_tran,3,cat,retain,retain,affirm,parallel,anchor,9,1
catman_pilot_v1,P059,manipulation,C07,pc_sub,1,cat,retain,retain,affirm,discontinuous,standard,10,1
catman_pilot_v1,P059,manipulation,C07,pc_info,7,cat,retain,retain,affirm,discontinuous,standard,10,1
catman_pilot_v1,P059,manipulation,C07,pc_func,5,cat,retain,retain,affirm,discontinuous,standard,10,1
catman_pilot_v1,P059,manipulation,C07,pc_self,7,cat,retain,retain,affirm,discontinuous,standard,10,1
catman_pilot_v1,P059,manipulation,C07,pc_tran,1,cat,retain,retain,affirm,discontinuous,standard,10,1
catman_pilot_v1,P059,manipulation,C07,k_copy,5,cat,retain,retain,affirm,discontinuous,standard,10,1
catman_pilot_v1,P059,manipulation,C07,k_term,2,cat,retain,retain,affirm,discontinuous,standard,10,1
catman_pilot_v1,P020,manipulation,C02,pc_sub,2,cat,retain,retain,affirm,continuous,standard,1,1
catman_pilot_v1,P020,manipulation,C02,pc_info,6,cat,retain,retain,affirm,continuous,standard,1,1
catman_pilot_v1,P020,manipulation,C02,pc_func,6,cat,retain,retain,affirm,continuous,standard,1,1
catman_pilot_v1,P020,manipulation,C02,pc_self,6,cat,retain,retain,affirm,continuous,standard,1,1
catman_pilot_v1,P020,manipulation,C02,pc_tran,6,cat,retain,retain,affirm,continuous,standard,1,1
catman_pilot_v1,P020,manipulation,C05,pc_sub,6,human,retain,retain,uncertain,continuous,standard,2,1
catman_pilot_v1,P020,manipulation,C05,pc_info,6,human,retain,retain,uncertain,continuous,standard,2,1
catman_pilot_v1,P020,manipulation,C05,pc_func,6,human,retain,retain,uncertain,continuous,standard,2,1
catman_pilot_v1,P020,manipulation,C05,pc_self,5,human,retain,retain,uncertain,continuous,standard,2,1
catman_pilot_v1,P020,manipulation,C05,pc_tran,6,human,retain,retain,uncertain,continuous,standard,2,1
catman_pilot_v1,P020,manipulation,C01,pc_sub,6,human,retain,retain,affirm,continuous,standard,3,1
catman_pilot_v1,P020,manipulation,C01,pc_info,6,human,retain,retain,affirm,continuous,standard,3,1
catman_pilot_v1,P020,manipulation,C01,pc_func,6,human,retain,retain,affirm,continuous,standard,3,1
catman_pilot_v1,P020,manipulation,C01,pc_self,6,human,retain,retain,affirm,continuous,standard,3,1
catman_pilot_v1,P020,manipulation,C01,pc_tran,6,human,retain,retain,affirm,continuous,standard,3,1
catman_pilot_v1,P020,manipulation,C08,pc_sub,6,human,lost,retain,affirm,discontinuous,standard,4,1
catman_pilot_v1,P020,manipulation,C08,pc_info,2,human,lost,retain,affirm,discontinuous,standard,4,1
catman_pilot_v1,P020,manipulation,C08,pc_func,6,human,lost,retain,affirm,discontinuous,standard,4,1
catman_pilot_v1,P020,manipulation,C08,pc_self,2,human,lost,retain,affirm,discontinuous,standard,4,1
catman_pilot_v1,P020,manipulation,C08,pc_tran,2,human,lost,retain,affirm,discontinuous,standard,4,1
catman_pilot_v1,P020,manipulation,C08,k_copy,6,human,lost,retain,affirm,discontinuous,standard,4,1
catman_pilot_v1,P020,manipulation,C08,k_term,4,human,lost,retain,affirm,discontinuous,standard,4,1
catman_pilot_v1,P020,manipulation,C04,pc_sub,6,human,retain,limited,affirm,continuous,standard,5,1
catman_pilot_v1,P020,manipulation,C04,pc_info,6,human,retain,limited,affirm,continuous,standard,5,1
catman_pilot_v1,P020,manipulation,C04,pc_func,2,human,retain,limited,affirm,continuous,standard,5,1
catman_pilot_v1,P020,manipulation,C04,pc_self,2,human,retain,limited,affirm,continuous,standard,5,1
catman_pilot_v1,P020,manipulation,C04,pc_tran,4,human,retain,limited,affirm,continuous,standard,5,1
catman_pilot_v1,P020,manipulation,C03,pc_sub,6,human,lost,retain,affirm,continuous,standard,6,1
catman_pilot_v1,P020,manipulation,C03,pc_info,2,human,lost,retain,affirm,continuous,standard,6,1
catman_pilot_v1,P020,manipulation,C03,pc_func,6,human,lost,retain,affirm,continuous,standard,6,1
catman_pilot_v1,P020,manipulation,C03,pc_self,6,human,lost,retain,affirm,continuous,standard,6,1
catman_pilot_v1,P020,manipulation,C03,pc_tran,6,human,lost,retain,affirm,continuous,standard,6,1
catman_pilot_v1,P020,manipulation,A10,k_copy,6,cat,retain,retain,affirm,parallel,anchor,7,1
catman_pilot_v1,P020,manipulation,A10,k_term,5,cat,retain,retain,affirm,parallel,anchor,7,1
catman_pilot_v1,P020,manipulation,A10,k_coex,6,cat,retain,retain,affirm,parallel,anchor,7,1
catman_pilot_v1,P020,manipulation,A10,pc_sub,6,cat,retain,retain,affirm,parallel,anchor,7,1
catman_pilot_v1,P020,manipulation,A10,pc_info,6,cat,retain,retain,affirm,parallel,anchor,7,1
catman_pilot_v1,P020,manipulation,A10,pc_func,6,cat,retain,retain,affirm,parallel,anchor,7,1
catman_pilot_v1,P020,manipulation,A10,pc_self,6,cat,retain,retain,affirm,parallel,anchor,7,1
catman_pilot_v1,P020,manipulation,A10,pc_tran,6,cat,retain,retain,affirm,parallel,anchor,7,1
catman_pilot_v1,P020,manipulation,C07,pc_sub,2,cat,retain,retain,affirm,discontinuous,standard,8,1
catman_pilot_v1,P020,manipulation,C07,pc_info,6,cat,retain,retain,affirm,discontinuous,standard,8,1
catman_pilot_v1,P020,manipulation,C07,pc_func,6,cat,retain,retain,affirm,discontinuous,standard,8,1
catman_pilot_v1,P020,manipulation,C07,pc_self,6,cat,retain,retain,affirm,discontinuous,standard,8,1
catman_pilot_v1,P020,manipulation,C07,pc_tran,4,cat,retain,retain,affirm,discontinuous,standard,8,1
catman_pilot_v1,P020,manipulation,C07,k_copy,6,cat,retain,retain,affirm,discontinuous,standard,8,1
catman_pilot_v1,P020,manipulation,C07,k_term,2,cat,retain,retain,affirm,discontinuous,standard,8,1
catman_pilot_v1,P020,manipulation,C06,pc_sub,6,human,retain,retain,affirm,discontinuous,standard,9,1
catman_pilot_v1,P020,manipulation,C06,pc_info,6,human,retain,retain,affirm,discontinuous,standard,9,1
catman_pilot_v1,P020,manipulation,C06,pc_func,6,human,retain,retain,affirm,discontinuous,standard,9,1
catman_pilot_v1,P020,manipulation,C06,pc_self,6,human,retain,retain,affirm,discontinuous,standard,9,1
catman_pilot_v1,P020,manipulation,C06,pc_tran,6,human,retain,retain,affirm,discontinuous,standard,9,1
catman_pilot_v1,P020,manipulation,C06,k_copy,6,human,retain,retain,affirm,discontinuous,standard,9,1
catman_pilot_v1,P020,manipulation,C06,k_term,2,human,retain,retain,affirm,discontinuous,standard,9,1
catman_pilot_v1,P020,manipulation,A09,pc_sub,6,human,retain,retain,deny,continuous,anchor,10,1
catman_pilot_v1,P020,manipulation,A09,pc_info,6,human,retain,retain,deny,continuous,anchor,10,1
catman_pilot_v1,P020,manipulation,A09,pc_func,6,human,retain,retain,deny,continuous,anchor,10,1
catman_pilot_v1,P020,manipulation,A09,pc_self,6,human,retain,retain,deny,continuous,anchor,10,1
catman_pilot_v1,P020,manipulation,A09,pc_tran,6,human,retain,retain,deny,continuous,anchor,10,1
catman_pilot_v1,P051,judgment,C03,j_identity,4,human,lost,retain,affirm,continuous,standard,1,1
catman_pilot_v1,P051,judgment,C03,j_likeness,6,human,lost,retain,affirm,continuous,standard,1,1
catman_pilot_v1,P051,judgment,C03,j_relationship,2,human,lost,retain,affirm,continuous,standard,1,1
catman_pilot_v1,P051,judgment,C03,j_obligation,3,human,lost,retain,affirm,continuous,standard,1,1
catman_pilot_v1,P051,judgment,C03,j_treatment,5,human,lost,retain,affirm,continuous,standard,1,1
catman_pilot_v1,P051,judgment,C06,j_identity,5,human,retain,retain,affirm,discontinuous,standard,2,1
catman_pilot_v1,P051,judgment,C06,j_likeness,7,human,retain,retain,affirm,discontinuous,standard,2,1
catman_pilot_v1,P051,judgment,C06,j_relationship,6,human,retain,retain,affirm,discontinuous,standard,2,1
catman_pilot_v1,P051,judgment,C06,j_obligation,6,human,retain,retain,affirm,discontinuous,standard,2,1
catman_pilot_v1,P051,judgment,C06,j_treatment,7,human,retain,retain,affirm,discontinuous,standard,2,1
catman_pilot_v1,P051,judgment,C05,j_identity,5,human,retain,retain,uncertain,continuous,standard,3,1
catman_pilot_v1,P051,judgment,C05,j_likeness,7,human,retain,retain,uncertain,continuous,standard,3,1
catman_pilot_v1,P051,judgment,C05,j_relationship,5,human,retain,retain,uncertain,continuous,standard,3,1
catman_pilot_v1,P051,judgment,C05,j_obligation,6,human,retain,retain,uncertain,continuous,standard,3,1
catman_pilot_v1,P051,judgment,C05,j_treatment,6,human,retain,retain,uncertain,continuous,standard,3,1
catman_pilot_v1,P051,judgment,C02,j_identity,5,cat,retain,retain,affirm,continuous,standard,4,1
catman_pilot_v1,P051,judgment,C02,j_likeness,1,cat,retain,retain,affirm,continuous,standard,4,1
catman_pilot_v1,P051,judgment,C02,j_relationship,5,cat,retain,retain,affirm,continuous,standard,4,1
catman_pilot_v1,P051,judgment,C02,j_obligation,5,cat,retain,retain,affirm,continuous,standard,4,1
catman_pilot_v1,P051,judgment,C02,j_treatment,3,cat,retain,retain,affirm,continuous,standard,4,1
catman_pilot_v1,P051,judgment,C01,j_identity,7,human,retain,retain,affirm,continuous,standard,5,1
catman_pilot_v1,P051,judgment,C01,j_likeness,6,human,retain,retain,affirm,continuous,standard,5,1
catman_pilot_v1,P051,judgment,C01,j_relationship,6,human,retain,retain,affirm,continuous,standard,5,1
catman_pilot_v1,P051,judgment,C01,j_obligation,6,human,retain,retain,affirm,continuous,standard,5,1
catman_pilot_v1,P051,judgment,C01,j_treatment,5,human,retain,retain,affirm,continuous,standard,5,1
catman_pilot_v1,P051,judgment,C07,j_identity,4,cat,retain,retain,affirm,discontinuous,standard,6,1
catman_pilot_v1,P051,judgment,C07,j_likeness,1,cat,retain,retain,affirm,discontinuous,standard,6,1
catman_pilot_v1,P051,judgment,C07,j_relationship,6,cat,retain,retain,affirm,discontinuous,standard,6,1
catman_pilot_v1,P051,judgment,C07,j_obligation,5,cat,retain,retain,affirm,discontinuous,standard,6,1
catman_pilot_v1,P051,judgment,C07,j_treatment,5,cat,retain,retain,affirm,discontinuous,standard,6,1
catman_pilot_v1,P051,judgment,C04,j_identity,6,human,retain,limited,affirm,continuous,standard,7,1
catman_pilot_v1,P051,judgment,C04,j_likeness,7,human,retain,limited,affirm,continuous,standard,7,1
catman_pilot_v1,P051,judgment,C04,j_relationship,6,human,retain,limited,affirm,continuous,standard,7,1
catman_pilot_v1,P051,judgment,C04,j_obligation,5,human,retain,limited,affirm,continuous,standard,7,1
catman_pilot_v1,P051,judgment,C04,j_treatment,6,human,retain,limited,affirm,continuous,standard,7,1
catman_pilot_v1,P051,judgment,C08,j_identity,2,human,lost,retain,affirm,discontinuous,standard,8,1
catman_pilot_v1,P051,judgment,C08,j_likeness,6,human,lost,retain,affirm,discontinuous,standard,8,1
catman_pilot_v1,P051,judgment,C08,j_relationship,3,human,lost,retain,affirm,discontinuous,standard,8,1
catman_pilot_v1,P051,judgment,C08,j_obligation,2,human,lost,retain,affirm,discontinuous,standard,8,1
catman_pilot_v1,P051,judgment,C08,j_treatment,5,human,lost,retain,affirm,discontinuous,standard,8,1
catman_pilot_v1,P051,judgment,A10,j_ab,7,cat,retain,retain,affirm,parallel,anchor,9,1
catman_pilot_v1,P051,judgment,A10,j_ac,3,cat,retain,retain,affirm,parallel,anchor,9,1
catman_pilot_v1,P051,judgment,A10,j_bc,1,cat,retain,retain,affirm,parallel,anchor,9,1
catman_pilot_v1,P051,judgment,A10,j_excl,5,cat,retain,retain,affirm,parallel,anchor,9,1
catman_pilot_v1,P051,judgment,A10,j_relationship,5,cat,retain,retain,affirm,parallel,anchor,9,1
catman_pilot_v1,P051,judgment,A10,j_obligation,4,cat,retain,retain,affirm,parallel,anchor,9,1
catman_pilot_v1,P051,judgment,A10,j_treatment,4,cat,retain,retain,affirm,parallel,anchor,9,1
catman_pilot_v1,P051,judgment,A09,j_identity,4,human,retain,retain,deny,continuous,anchor,10,1
catman_pilot_v1,P051,judgment,A09,j_likeness,7,human,retain,retain,deny,continuous,anchor,10,1
catman_pilot_v1,P051,judgment,A09,j_relationship,3,human,retain,retain,deny,continuous,anchor,10,1
catman_pilot_v1,P051,judgment,A09,j_obligation,3,human,retain,retain,deny,continuous,anchor,10,1
catman_pilot_v1,P051,judgment,A09,j_treatment,2,human,retain,retain,deny,continuous,anchor,10,1
catman_pilot_v1,P051,judgment,A09,v_epistemic,5,human,retain,retain,deny,continuous,anchor,10,1
catman_pilot_v1,P051,judgment,A09,v_normative,6,human,retain,retain,deny,continuous,anchor,10,1
catman_pilot_v1,P004,manipulation,C02,pc_sub,1,cat,retain,retain,affirm,continuous,standard,1,1
catman_pilot_v1,P004,manipulation,C02,pc_info,7,cat,retain,retain,affirm,continuous,standard,1,1
catman_pilot_v1,P004,manipulation,C02,pc_func,7,cat,retain,retain,affirm,continuous,standard,1,1
catman_pilot_v1,P004,manipulation,C02,pc_self,7,cat,retain,retain,affirm,continuous,standard,1,1
catman_pilot_v1,P004,manipulation,C02,pc_tran,7,cat,retain,retain,affirm,continuous,standard,1,1
catman_pilot_v1,P004,manipulation,C06,pc_sub,7,human,retain,retain,affirm,discontinuous,standard,2,1
catman_pilot_v1,P004,manipulation,C06,pc_info,7,human,retain,retain,affirm,discontinuous,standard,2,1
catman_pilot_v1,P004,manipulation,C06,pc_func,7,human,retain,retain,affirm,discontinuous,standard,2,1
catman_pilot_v1,P004,manipulation,C06,pc_self,7,human,retain,retain,affirm,discontinuous,standard,2,1
catman_pilot_v1,P004,manipulation,C06,pc_tran,7,human,retain,retain,affirm,discontinuous,standard,2,1
catman_pilot_v1,P004,manipulation,C06,k_copy,1,human,retain,retain,affirm,discontinuous,standard,2,1
catman_pilot_v1,P004,manipulation,C06,k_term,1,human,retain,retain,affirm,discontinuous,standard,2,1
catman_pilot_v1,P004,manipulation,C08,pc_sub,7,human,lost,retain,affirm,discontinuous,standard,3,1
catman_pilot_v1,P004,manipulation,C08,pc_info,1,human,lost,retain,affirm,discontinuous,standard,3,1
catman_pilot_v1,P004,manipulation,C08,pc_func,7,human,lost,retain,affirm,discontinuous,standard,3,1
catman_pilot_v1,P004,manipulation,C08,pc_self,1,human,lost,retain,affirm,discontinuous,standard,3,1
catman_pilot_v1,P004,manipulation,C08,pc_tran,1,human,lost,retain,affirm,discontinuous,standard,3,1
catman_pilot_v1,P004,manipulation,C08,k_copy,4,human,lost,retain,affirm,discontinuous,standard,3,1
catman_pilot_v1,P004,manipulation,C08,k_term,4,human,lost,retain,affirm,discontinuous,standard,3,1
catman_pilot_v1,P004,manipulation,C07,pc_sub,1,cat,retain,retain,affirm,discontinuous,standard,4,1
catman_pilot_v1,P004,manipulation,C07,pc_info,7,cat,retain,retain,affirm,discontinuous,standard,4,1
catman_pilot_v1,P004,manipulation,C07,pc_func,7,cat,retain,retain,affirm,discontinuous,standard,4,1
catman_pilot_v1,P004,manipulation,C07,pc_self,7,cat,retain,retain,affirm,discontinuous,standard,4,1
catman_pilot_v1,P004,manipulation,C07,pc_tran,1,cat,retain,retain,affirm,discontinuous,standard,4,1
catman_pilot_v1,P004,manipulation,C07,k_copy,1,cat,retain,retain,affirm,discontinuous,standard,4,1
catman_pilot_v1,P004,manipulation,C07,k_term,4,cat,retain,retain,affirm,discontinuous,standard,4,1
catman_pilot_v1,P004,manipulation,A09,pc_sub,7,human,retain,retain,deny,continuous,anchor,5,1
catman_pilot_v1,P004,manipulation,A09,pc_info,7,human,retain,retain,deny,continuous,anchor,5,1
catman_pilot_v1,P004,manipulation,A09,pc_func,7,human,retain,retain,deny,continuous,anchor,5,1
catman_pilot_v1,P004,manipulation,A09,pc_self,7,human,retain,retain,deny,continuous,anchor,5,1
catman_pilot_v1,P004,manipulation,A09,pc_tran,7,human,retain,retain,deny,continuous,anchor,5,1
catman_pilot_v1,P004,manipulation,C03,pc_sub,7,human,lost,retain,affirm,continuous,standard,6,1
catman_pilot_v1,P004,manipulation,C03,pc_info,1,human,lost,retain,affirm,continuous,standard,6,1
catman_pilot_v1,P004,manipulation,C03,pc_func,7,human,lost,retain,affirm,continuous,standard,6,1
catman_pilot_v1,P004,manipulation,C03,pc_self,1,human,lost,retain,affirm,continuous,standard,6,1
catman_pilot_v1,P004,manipulation,C03,pc_tran,7,human,lost,retain,affirm,continuous,standard,6,1
catman_pilot_v1,P004,manipulation,C01,pc_sub,7,human,retain,retain,affirm,continuous,standard,7,1
catman_pilot_v1,P004,manipulation,C01,pc_info,7,human,retain,retain,affirm,continuous,standard,7,1
catman_pilot_v1,P004,manipulation,C01,pc_func,7,human,retain,retain,affirm,continuous,standard,7,1
catman_pilot_v1,P004,manipulation,C01,pc_self,7,human,retain,retain,affirm,continuous,standard,7,1
catman_pilot_v1,P004,manipulation,C01,pc_tran,7,human,retain,retain,affirm,continuous,standard,7,1
catman_pilot_v1,P004,manipulation,C05,pc_sub,7,human,retain,retain,uncertain,continuous,standard,8,1
catman_pilot_v1,P004,manipulation,C05,pc_info,7,human,retain,retain,uncertain,continuous,standard,8,1
catman_pilot_v1,P004,manipulation,C05,pc_func,7,human,retain,retain,uncertain,continuous,standard,8,1
catman_pilot_v1,P004,manipulation,C05,pc_self,1,human,retain,retain,uncertain,continuous,standard,8,1
catman_pilot_v1,P004,manipulation,C05,pc_tran,7,human,retain,retain,uncertain,continuous,standard,8,1
catman_pilot_v1,P004,manipulation,C04,pc_sub,7,human,retain,limited,affirm,continuous,standard,9,1
catman_pilot_v1,P004,manipulation,C04,pc_info,7,human,retain,limited,affirm,continuous,standard,9,1
catman_pilot_v1,P004,manipulation,C04,pc_func,1,human,retain,limited,affirm,continuous,standard,9,1
catman_pilot_v1,P004,manipulation,C04,pc_self,7,human,retain,limited,affirm,continuous,standard,9,1
catman_pilot_v1,P004,manipulation,C04,pc_tran,7,human,retain,limited,affirm,continuous,standard,9,1
catman_pilot_v1,P004,manipulation,A10,k_copy,4,cat,retain,retain,affirm,parallel,anchor,10,1
catman_pilot_v1,P004,manipulation,A10,k_term,1,cat,retain,retain,affirm,parallel,anchor,10,1
catman_pilot_v1,P004,manipulation,A10,k_coex,7,cat,retain,retain,affirm,parallel,anchor,10,1
catman_pilot_v1,P004,manipulation,A10,pc_sub,1,cat,retain,retain,affirm,parallel,anchor,10,1
catman_pilot_v1,P004,manipulation,A10,pc_info,7,cat,retain,retain,affirm,parallel,anchor,10,1
catman_pilot_v1,P004,manipulation,A10,pc_func,7,cat,retain,retain,affirm,parallel,anchor,10,1
catman_pilot_v1,P004,manipulation,A10,pc_self,7,cat,retain,retain,affirm,parallel,anchor,10,1
catman_pilot_v1,P004,manipulation,A10,pc_tran,7,cat,retain,retain,affirm,parallel,anchor,10,1
catman_pilot_v1,P038,judgment,C05,j_identity,6,human,retain,retain,uncertain,continuous,standard,1,1
catman_pilot_v1,P038,judgment,C05,j_likeness,6,human,retain,retain,uncertain,continuous,standard,1,1
catman_pilot_v1,P038,judgment,C05,j_relationship,7,human,retain,retain,uncertain,continuous,standard,1,1
catman_pilot_v1,P038,judgment,C05,j_obligation,6,human,retain,retain,uncertain,continuous,standard,1,1
catman_pilot_v1,P038,judgment,C05,j_treatment,6,human,retain,retain,uncertain,continuous,standard,1,1
catman_pilot_v1,P038,judgment,C04,j_identity,5,human,retain,limited,affirm,continuous,standard,2,1
catman_pilot_v1,P038,judgment,C04,j_likeness,5,human,retain,limited,affirm,continuous,standard,2,1
catman_pilot_v1,P038,judgment,C04,j_relationship,5,human,retain,limited,affirm,continuous,standard,2,1
catman_pilot_v1,P038,judgment,C04,j_obligation,6,human,retain,limited,affirm,continuous,standard,2,1
catman_pilot_v1,P038,judgment,C04,j_treatment,6,human,retain,limited,affirm,continuous,standard,2,1
catman_pilot_v1,P038,judgment,C02,j_identity,5,cat,retain,retain,affirm,continuous,standard,3,1
catman_pilot_v1,P038,judgment,C02,j_likeness,5,cat,retain,retain,affirm,continuous,standard,3,1
catman_pilot_v1,P038,judgment,C02,j_relationship,5,cat,retain,retain,affirm,continuous,standard,3,1
catman_pilot_v1,P038,judgment,C02,j_obligation,6,cat,retain,retain,affirm,continuous,standard,3,1
catman_pilot_v1,P038,judgment,C02,j_treatment,5,cat,retain,retain,affirm,continuous,standard,3,1
catman_pilot_v1,P038,judgment,C07,j_identity,3,cat,retain,retain,affirm,discontinuous,standard,4,1
catman_pilot_v1,P038,judgment,C07,j_likeness,5,cat,retain,retain,affirm,discontinuous,standard,4,1
catman_pilot_v1,P038,judgment,C07,j_relationship,5,cat,retain,retain,affirm,discontinuous,standard,4,1
catman_pilot_v1,P038,judgment,C07,j_obligation,5,cat,retain,retain,affirm,discontinuous,standard,4,1
catman_pilot_v1,P038,judgment,C07,j_treatment,4,cat,retain,retain,affirm,discontinuous,standard,4,1
catman_pilot_v1,P038,judgment,A09,j_identity,6,human,retain,retain,deny,continuous,anchor,5,1
catman_pilot_v1,P038,judgment,A09,j_likeness,6,human,retain,retain,deny,continuous,anchor,5,1
catman_pilot_v1,P038,judgment,A09,j_relationship,6,human,retain,retain,deny,continuous,anchor,5,1
catman_pilot_v1,P038,judgment,A09,j_obligation,7,human,retain,retain,deny,continuous,anchor,5,1
catman_pilot_v1,P038,judgment,A09,j_treatment,6,human,retain,retain,deny,continuous,anchor,5,1
catman_pilot_v1,P038,judgment,A09,v_epistemic,2,human,retain,retain,deny,continuous,anchor,5,1
catman_pilot_v1,P038,judgment,A09,v_normative,5,human,retain,retain,deny,continuous,anchor,5,1
catman_pilot_v1,P038,judgment,A10,j_ab,6,cat,retain,retain,affirm,parallel,anchor,6,1
catman_pilot_v1,P038,judgment,A10,j_ac,2,cat,retain,retain,affirm,parallel,anchor,6,1
catman_pilot_v1,P038,judgment,A10,j_bc,1,cat,retain,retain,affirm,parallel,anchor,6,1
catman_pilot_v1,P038,judgment,A10,j_excl,7,cat,retain,retain,affirm,parallel,anchor,6,1
catman_pilot_v1,P038,judgment,A10,j_relationship,3,cat,retain,retain,affirm,parallel,anchor,6,1
catman_pilot_v1,P038,judgment,A10,j_obligation,4,cat,retain,retain,affirm,parallel,anchor,6,1
catman_pilot_v1,P038,judgment,A10,j_treatment,3,cat,retain,retain,affirm,parallel,anchor,6,1
catman_pilot_v1,P038,judgment,C01,j_identity,6,human,retain,retain,affirm,continuous,standard,7,1
catman_pilot_v1,P038,judgment,C01,j_likeness,7,human,retain,retain,affirm,continuous,standard,7,1
catman_pilot_v1,P038,judgment,C01,j_relationship,7,human,retain,retain,affirm,continuous,standard,7,1
catman_pilot_v1,P038,judgment,C01,j_obligation,6,human,retain,retain,affirm,continuous,standard,7,1
catman_pilot_v1,P038,judgment,C01,j_treatment,6,human,retain,retain,affirm,continuous,standard,7,1
catman_pilot_v1,P038,judgment,C08,j_identity,2,human,lost,retain,affirm,discontinuous,standard,8,1
catman_pilot_v1,P038,judgment,C08,j_likeness,2,human,lost,retain,affirm,discontinuous,standard,8,1
catman_pilot_v1,P038,judgment,C08,j_relationship,1,human,lost,retain,affirm,discontinuous,standard,8,1
catman_pilot_v1,P038,judgment,C08,j_obligation,3,human,lost,retain,affirm,discontinuous,standard,8,1
catman_pilot_v1,P038,judgment,C08,j_treatment,2,human,lost,retain,affirm,discontinuous,standard,8,1
catman_pilot_v1,P038,judgment,C06,j_identity,5,human,retain,retain,affirm,discontinuous,standard,9,1
catman_pilot_v1,P038,judgment,C06,j_likeness,5,human,retain,retain,affirm,discontinuous,standard,9,1
catman_pilot_v1,P038,judgment,C06,j_relationship,5,human,retain,retain,affirm,discontinuous,standard,9,1
catman_pilot_v1,P038,judgment,C06,j_obligation,6,human,retain,retain,affirm,discontinuous,standard,9,1
catman_pilot_v1,P038,judgment,C06,j_treatment,5,human,retain,retain,affirm,discontinuous,standard,9,1
catman_pilot_v1,P038,judgment,C03,j_identity,2,human,lost,retain,affirm,continuous,standard,10,1
catman_pilot_v1,P038,judgment,C03,j_likeness,2,human,lost,retain,affirm,continuous,standard,10,1
catman_pilot_v1,P038,judgment,C03,j_relationship,1,human,lost,retain,affirm,continuous,standard,10,1
catman_pilot_v1,P038,judgment,C03,j_obligation,1,human,lost,retain,affirm,continuous,standard,10,1
catman_pilot_v1,P038,judgment,C03,j_treatment,3,human,lost,retain,affirm,continuous,standard,10,1
catman_pilot_v1,P085,manipulation,C04,pc_sub,7,human,retain,limited,affirm,continuous,standard,1,1
catman_pilot_v1,P085,manipulation,C04,pc_info,7,human,retain,limited,affirm,continuous,standard,1,1
catman_pilot_v1,P085,manipulation,C04,pc_func,2,human,retain,limited,affirm,continuous,standard,1,1
catman_pilot_v1,P085,manipulation,C04,pc_self,6,human,retain,limited,affirm,continuous,standard,1,1
catman_pilot_v1,P085,manipulation,C04,pc_tran,6,human,retain,limited,affirm,continuous,standard,1,1
catman_pilot_v1,P085,manipulation,C02,pc_sub,1,cat,retain,retain,affirm,continuous,standard,2,1
catman_pilot_v1,P085,manipulation,C02,pc_info,7,cat,retain,retain,affirm,continuous,standard,2,1
catman_pilot_v1,P085,manipulation,C02,pc_func,7,cat,retain,retain,affirm,continuous,standard,2,1
catman_pilot_v1,P085,manipulation,C02,pc_self,7,cat,retain,retain,affirm,continuous,standard,2,1
catman_pilot_v1,P085,manipulation,C02,pc_tran,7,cat,retain,retain,affirm,continuous,standard,2,1
catman_pilot_v1,P085,manipulation,C06,pc_sub,7,human,retain,retain,affirm,discontinuous,standard,3,1
catman_pilot_v1,P085,manipulation,C06,pc_info,7,human,retain,retain,affirm,discontinuous,standard,3,1
catman_pilot_v1,P085,manipulation,C06,pc_func,7,human,retain,retain,affirm,discontinuous,standard,3,1
catman_pilot_v1,P085,manipulation,C06,pc_self,5,human,retain,retain,affirm,discontinuous,standard,3,1
catman_pilot_v1,P085,manipulation,C06,pc_tran,1,human,retain,retain,affirm,discontinuous,standard,3,1
catman_pilot_v1,P085,manipulation,C06,k_copy,4,human,retain,retain,affirm,discontinuous,standard,3,1
catman_pilot_v1,P085,manipulation,C06,k_term,4,human,retain,retain,affirm,discontinuous,standard,3,1
catman_pilot_v1,P085,manipulation,C08,pc_sub,7,human,lost,retain,affirm,discontinuous,standard,4,1
catman_pilot_v1,P085,manipulation,C08,pc_info,1,human,lost,retain,affirm,discontinuous,standard,4,1
catman_pilot_v1,P085,manipulation,C08,pc_func,5,human,lost,retain,affirm,discontinuous,standard,4,1
catman_pilot_v1,P085,manipulation,C08,pc_self,3,human,lost,retain,affirm,discontinuous,standard,4,1
catman_pilot_v1,P085,manipulation,C08,pc_tran,1,human,lost,retain,affirm,discontinuous,standard,4,1
catman_pilot_v1,P085,manipulation,C08,k_copy,5,human,lost,retain,affirm,discontinuous,standard,4,1
catman_pilot_v1,P085,manipulation,C08,k_term,2,human,lost,retain,affirm,discontinuous,standard,4,1
catman_pilot_v1,P085,manipulation,C01,pc_sub,7,human,retain,retain,affirm,continuous,standard,5,1
catman_pilot_v1,P085,manipulation,C01,pc_info,7,human,retain,retain,affirm,continuous,standard,5,1
catman_pilot_v1,P085,manipulation,C01,pc_func,7,human,retain,retain,affirm,continuous,standard,5,1
catman_pilot_v1,P085,manipulation,C01,pc_self,7,human,retain,retain,affirm,continuous,standard,5,1
catman_pilot_v1,P085,manipulation,C01,pc_tran,7,human,retain,retain,affirm,continuous,standard,5,1
catman_pilot_v1,P085,manipulation,A10,k_copy,5,cat,retain,retain,affirm,parallel,anchor,6,1
catman_pilot_v1,P085,manipulation,A10,k_term,2,cat,retain,retain,affirm,parallel,anchor,6,1
catman_pilot_v1,P085,manipulation,A10,k_coex,7,cat,retain,retain,affirm,parallel,anchor,6,1
catman_pilot_v1,P085,manipulation,A10,pc_sub,7,cat,retain,retain,affirm,parallel,anchor,6,1
catman_pilot_v1,P085,manipulation,A10,pc_info,7,cat,retain,retain,affirm,parallel,anchor,6,1
catman_pilot_v1,P085,manipulation,A10,pc_func,7,cat,retain,retain,affirm,parallel,anchor,6,1
catman_pilot_v1,P085,manipulation,A10,pc_self,7,cat,retain,retain,affirm,parallel,anchor,6,1
catman_pilot_v1,P085,manipulation,A10,pc_tran,2,cat,retain,retain,affirm,parallel,anchor,6,1
catman_pilot_v1,P085,manipulation,A09,pc_sub,7,human,retain,retain,deny,continuous,anchor,7,1
catman_pilot_v1,P085,manipulation,A09,pc_info,7,human,retain,retain,deny,continuous,anchor,7,1
catman_pilot_v1,P085,manipulation,A09,pc_func,7,human,retain,retain,deny,continuous,anchor,7,1
catman_pilot_v1,P085,manipulation,A09,pc_self,3,human,retain,retain,deny,continuous,anchor,7,1
catman_pilot_v1,P085,manipulation,A09,pc_tran,7,human,retain,retain,deny,continuous,anchor,7,1
catman_pilot_v1,P085,manipulation,C05,pc_sub,7,human,retain,retain,uncertain,continuous,standard,8,1
catman_pilot_v1,P085,manipulation,C05,pc_info,7,human,retain,retain,uncertain,continuous,standard,8,1
catman_pilot_v1,P085,manipulation,C05,pc_func,7,human,retain,retain,uncertain,continuous,standard,8,1
catman_pilot_v1,P085,manipulation,C05,pc_self,3,human,retain,retain,uncertain,continuous,standard,8,1
catman_pilot_v1,P085,manipulation,C05,pc_tran,7,human,retain,retain,uncertain,continuous,standard,8,1
catman_pilot_v1,P085,manipulation,C03,pc_sub,7,human,lost,retain,affirm,continuous,standard,9,1
catman_pilot_v1,P085,manipulation,C03,pc_info,1,human,lost,retain,affirm,continuous,standard,9,1
catman_pilot_v1,P085,manipulation,C03,pc_func,6,human,lost,retain,affirm,continuous,standard,9,1
catman_pilot_v1,P085,manipulation,C03,pc_self,5,human,lost,retain,affirm,continuous,standard,9,1
catman_pilot_v1,P085,manipulation,C03,pc_tran,7,human,lost,retain,affirm,continuous,standard,9,1
catman_pilot_v1,P085,manipulation,C07,pc_sub,1,cat,retain,retain,affirm,discontinuous,standard,10,1
catman_pilot_v1,P085,manipulation,C07,pc_info,7,cat,retain,retain,affirm,discontinuous,standard,10,1
catman_pilot_v1,P085,manipulation,C07,pc_func,6,cat,retain,retain,affirm,discontinuous,standard,10,1
catman_pilot_v1,P085,manipulation,C07,pc_self,6,cat,retain,retain,affirm,discontinuous,standard,10,1
catman_pilot_v1,P085,manipulation,C07,pc_tran,1,cat,retain,retain,affirm,discontinuous,standard,10,1
catman_pilot_v1,P085,manipulation,C07,k_copy,5,cat,retain,retain,affirm,discontinuous,standard,10,1
catman_pilot_v1,P085,manipulation,C07,k_term,2,cat,retain,retain,affirm,discontinuous,standard,10,1
catman_pilot_v1,P019,manipulation,C08,pc_sub,6,human,lost,retain,affirm,discontinuous,standard,1,1
catman_pilot_v1,P019,manipulation,C08,pc_info,1,human,lost,retain,affirm,discontinuous,standard,1,1
catman_pilot_v1,P019,manipulation,C08,pc_func,6,human,lost,retain,affirm,discontinuous,standard,1,1
catman_pilot_v1,P019,manipulation,C08,pc_self,6,human,lost,retain,affirm,discontinuous,standard,1,1
catman_pilot_v1,P019,manipulation,C08,pc_tran,1,human,lost,retain,affirm,discontinuous,standard,1,1
catman_pilot_v1,P019,manipulation,C08,k_copy,3,human,lost,retain,affirm,discontinuous,standard,1,1
catman_pilot_v1,P019,manipulation,C08,k_term,7,human,lost,retain,affirm,discontinuous,standard,1,1
catman_pilot_v1,P019,manipulation,C02,pc_sub,1,cat,retain,retain,affirm,continuous,standard,2,1
catman_pilot_v1,P019,manipulation,C02,pc_info,6,cat,retain,retain,affirm,continuous,standard,2,1
catman_pilot_v1,P019,manipulation,C02,pc_func,6,cat,retain,retain,affirm,continuous,standard,2,1
catman_pilot_v1,P019,manipulation,C02,pc_self,5,cat,retain,retain,affirm,continuous,standard,2,1
catman_pilot_v1,P019,manipulation,C02,pc_tran,6,cat,retain,retain,affirm,continuous,standard,2,1
catman_pilot_v1,P019,manipulation,C03,pc_sub,6,human,lost,retain,affirm,continuous,standard,3,1
catman_pilot_v1,P019,manipulation,C03,pc_info,1,human,lost,retain,affirm,continuous,standard,3,1
catman_pilot_v1,P019,manipulation,C03,pc_func,6,human,lost,retain,affirm,continuous,standard,3,1
catman_pilot_v1,P019,manipulation,C03,pc_self,3,human,lost,retain,affirm,continuous,standard,3,1
catman_pilot_v1,P019,manipulation,C03,pc_tran,5,human,lost,retain,affirm,continuous,standard,3,1
catman_pilot_v1,P019,manipulation,C01,pc_sub,6,human,retain,retain,affirm,continuous,standard,4,1
catman_pilot_v1,P019,manipulation,C01,pc_info,6,human,retain,retain,affirm,continuous,standard,4,1
catman_pilot_v1,P019,manipulation,C01,pc_func,6,human,retain,retain,affirm,continuous,standard,4,1
catman_pilot_v1,P019,manipulation,C01,pc_self,6,human,retain,retain,affirm,continuous,standard,4,1
catman_pilot_v1,P019,manipulation,C01,pc_tran,6,human,retain,retain,affirm,continuous,standard,4,1
catman_pilot_v1,P019,manipulation,C06,pc_sub,6,human,retain,retain,affirm,discontinuous,standard,5,1
catman_pilot_v1,P019,manipulation,C06,pc_info,6,human,retain,retain,affirm,discontinuous,standard,5,1
catman_pilot_v1,P019,manipulation,C06,pc_func,6,human,retain,retain,affirm,discontinuous,standard,5,1
catman_pilot_v1,P019,manipulation,C06,pc_self,5,human,retain,retain,affirm,discontinuous,standard,5,1
catman_pilot_v1,P019,manipulation,C06,pc_tran,1,human,retain,retain,affirm,discontinuous,standard,5,1
catman_pilot_v1,P019,manipulation,C06,k_copy,5,human,retain,retain,affirm,discontinuous,standard,5,1
catman_pilot_v1,P019,manipulation,C06,k_term,6,human,retain,retain,affirm,discontinuous,standard,5,1
catman_pilot_v1,P019,manipulation,C04,pc_sub,6,human,retain,limited,affirm,continuous,standard,6,1
catman_pilot_v1,P019,manipulation,C04,pc_info,6,human,retain,limited,affirm,continuous,standard,6,1
catman_pilot_v1,P019,manipulation,C04,pc_func,1,human,retain,limited,affirm,continuous,standard,6,1
catman_pilot_v1,P019,manipulation,C04,pc_self,5,human,retain,limited,affirm,continuous,standard,6,1
catman_pilot_v1,P019,manipulation,C04,pc_tran,6,human,retain,limited,affirm,continuous,standard,6,1
catman_pilot_v1,P019,manipulation,C05,pc_sub,6,human,retain,retain,uncertain,continuous,standard,7,1
catman_pilot_v1,P019,manipulation,C05,pc_info,6,human,retain,retain,uncertain,continuous,standard,7,1
catman_pilot_v1,P019,manipulation,C05,pc_func,6,human,retain,retain,uncertain,continuous,standard,7,1
catman_pilot_v1,P019,manipulation,C05,pc_self,2,human,retain,retain,uncertain,continuous,standard,7,1
catman_pilot_v1,P019,manipulation,C05,pc_tran,6,human,retain,retain,uncertain,continuous,standard,7,1
catman_pilot_v1,P019,manipulation,A09,pc_sub,6,human,retain,retain,deny,continuous,anchor,8,1
catman_pilot_v1,P019,manipulation,A09,pc_info,6,human,retain,retain,deny,continuous,anchor,8,1
catman_pilot_v1,P019,manipulation,A09,pc_func,6,human,retain,retain,deny,continuous,anchor,8,1
catman_pilot_v1,P019,manipulation,A09,pc_self,1,human,retain,retain,deny,continuous,anchor,8,1
catman_pilot_v1,P019,manipulation,A09,pc_tran,6,human,retain,retain,deny,continuous,anchor,8,1
catman_pilot_v1,P019,manipulation,C07,pc_sub,1,cat,retain,retain,affirm,discontinuous,standard,9,1
catman_pilot_v1,P019,manipulation,C07,pc_info,6,cat,retain,retain,affirm,discontinuous,standard,9,1
catman_pilot_v1,P019,manipulation,C07,pc_func,6,cat,retain,retain,affirm,discontinuous,standard,9,1
catman_pilot_v1,P019,manipulation,C07,pc_self,3,cat,retain,retain,affirm,discontinuous,standard,9,1
catman_pilot_v1,P019,manipulation,C07,pc_tran,1,cat,retain,retain,affirm,discontinuous,standard,9,1
catman_pilot_v1,P019,manipulation,C07,k_copy,5,cat,retain,retain,affirm,discontinuous,standard,9,1
catman_pilot_v1,P019,manipulation,C07,k_term,7,cat,retain,retain,affirm,discontinuous,standard,9,1
catman_pilot_v1,P019,manipulation,A10,k_copy,7,cat,retain,retain,affirm,parallel,anchor,10,1
catman_pilot_v1,P019,manipulation,A10,k_term,1,cat,retain,retain,affirm,parallel,anchor,10,1
catman_pilot_v1,P019,manipulation,A10,k_coex,7,cat,retain,retain,affirm,parallel,anchor,10,1
catman_pilot_v1,P019,manipulation,A10,pc_sub,1,cat,retain,retain,affirm,parallel,anchor,10,1
catman_pilot_v1,P019,manipulation,A10,pc_info,6,cat,retain,retain,affirm,parallel,anchor,10,1
catman_pilot_v1,P019,manipulation,A10,pc_func,6,cat,retain,retain,affirm,parallel,anchor,10,1
catman_pilot_v1,P019,manipulation,A10,pc_self,5,cat,retain,retain,affirm,parallel,anchor,10,1
catman_pilot_v1,P019,manipulation,A10,pc_tran,5,cat,retain,retain,affirm,parallel,anchor,10,1
catman_pilot_v1,P052,manipulation,C05,pc_sub,7,human,retain,retain,uncertain,continuous,standard,1,1
catman_pilot_v1,P052,manipulation,C05,pc_info,7,human,retain,retain,uncertain,continuous,standard,1,1
catman_pilot_v1,P052,manipulation,C05,pc_func,7,human,retain,retain,uncertain,continuous,standard,1,1
catman_pilot_v1,P052,manipulation,C05,pc_self,3,human,retain,retain,uncertain,continuous,standard,1,1
catman_pilot_v1,P052,manipulation,C05,pc_tran,4,human,retain,retain,uncertain,continuous,standard,1,1
catman_pilot_v1,P052,manipulation,C08,pc_sub,7,human,lost,retain,affirm,discontinuous,standard,2,1
catman_pilot_v1,P052,manipulation,C08,pc_info,1,human,lost,retain,affirm,discontinuous,standard,2,1
catman_pilot_v1,P052,manipulation,C08,pc_func,7,human,lost,retain,affirm,discontinuous,standard,2,1
catman_pilot_v1,P052,manipulation,C08,pc_self,7,human,lost,retain,affirm,discontinuous,standard,2,1
catman_pilot_v1,P052,manipulation,C08,pc_tran,1,human,lost,retain,affirm,discontinuous,standard,2,1
catman_pilot_v1,P052,manipulation,C08,k_copy,7,human,lost,retain,affirm,discontinuous,standard,2,1
catman_pilot_v1,P052,manipulation,C08,k_term,6,human,lost,retain,affirm,discontinuous,standard,2,1
catman_pilot_v1,P052,manipulation,C06,pc_sub,7,human,retain,retain,affirm,discontinuous,standard,3,1
catman_pilot_v1,P052,manipulation,C06,pc_info,7,human,retain,retain,affirm,discontinuous,standard,3,1
catman_pilot_v1,P052,manipulation,C06,pc_func,7,human,retain,retain,affirm,discontinuous,standard,3,1
catman_pilot_v1,P052,manipulation,C06,pc_self,7,human,retain,retain,affirm,discontinuous,standard,3,1
catman_pilot_v1,P052,manipulation,C06,pc_tran,1,human,retain,retain,affirm,discontinuous,standard,3,1
catman_pilot_v1,P052,manipulation,C06,k_copy,6,human,retain,retain,affirm,discontinuous,standard,3,1
catman_pilot_v1,P052,manipulation,C06,k_term,5,human,retain,retain,affirm,discontinuous,standard,3,1
catman_pilot_v1,P052,manipulation,C04,pc_sub,7,human,retain,limited,affirm,continuous,standard,4,1
catman_pilot_v1,P052,manipulation,C04,pc_info,7,human,retain,limited,affirm,continuous,standard,4,1
catman_pilot_v1,P052,manipulation,C04,pc_func,1,human,retain,limited,affirm,continuous,standard,4,1
catman_pilot_v1,P052,manipulation,C04,pc_self,7,human,retain,limited,affirm,continuous,standard,4,1
catman_pilot_v1,P052,manipulation,C04,pc_tran,7,human,retain,limited,affirm,continuous,standard,4,1
catman_pilot_v1,P052,manipulation,C02,pc_sub,1,cat,retain,retain,affirm,continuous,standard,5,1
catman_pilot_v1,P052,manipulation,C02,pc_info,7,cat,retain,retain,affirm,continuous,standard,5,1
catman_pilot_v1,P052,manipulation,C02,pc_func,7,cat,retain,retain,affirm,continuous,standard,5,1
catman_pilot_v1,P052,manipulation,C02,pc_self,7,cat,retain,retain,affirm,continuous,standard,5,1
catman_pilot_v1,P052,manipulation,C02,pc_tran,7,cat,retain,retain,affirm,continuous,standard,5,1
catman_pilot_v1,P052,manipulation,C07,pc_sub,1,cat,retain,retain,affirm,discontinuous,standard,6,1
catman_pilot_v1,P052,manipulation,C07,pc_info,7,cat,retain,retain,affirm,discontinuous,standard,6,1
catman_pilot_v1,P052,manipulation,C07,pc_func,7,cat,retain,retain,affirm,discontinuous,standard,6,1
catman_pilot_v1,P052,manipulation,C07,pc_self,7,cat,retain,retain,affirm,discontinuous,standard,6,1
catman_pilot_v1,P052,manipulation,C07,pc_tran,1,cat,retain,retain,affirm,discontinuous,standard,6,1
catman_pilot_v1,P052,manipulation,C07,k_copy,1,cat,retain,retain,affirm,discontinuous,standard,6,1
catman_pilot_v1,P052,manipulation,C07,k_term,7,cat,retain,retain,affirm,discontinuous,standard,6,1
catman_pilot_v1,P052,manipulation,A10,k_copy,1,cat,retain,retain,affirm,parallel,anchor,7,1
catman_pilot_v1,P052,manipulation,A10,k_term,1,cat,retain,retain,affirm,parallel,anchor,7,1
catman_pilot_v1,P052,manipulation,A10,k_coex,7,cat,retain,retain,affirm,parallel,anchor,7,1
catman_pilot_v1,P052,manipulation,A10,pc_sub,1,cat,retain,retain,affirm,parallel,anchor,7,1
catman_pilot_v1,P052,manipulation,A10,pc_info,7,cat,retain,retain,affirm,parallel,anchor,7,1
catman_pilot_v1,P052,manipulation,A10,pc_func,7,cat,retain,retain,affirm,parallel,anchor,7,1
catman_pilot_v1,P052,manipulation,A10,pc_self,7,cat,retain,retain,affirm,parallel,anchor,7,1
catman_pilot_v1,P052,manipulation,A10,pc_tran,1,cat,retain,retain,affirm,parallel,anchor,7,1
catman_pilot_v1,P052,manipulation,A09,pc_sub,7,human,retain,retain,deny,continuous,anchor,8,1
catman_pilot_v1,P052,manipulation,A09,pc_info,7,human,retain,retain,deny,continuous,anchor,8,1
catman_pilot_v1,P052,manipulation,A09,pc_func,7,human,retain,retain,deny,continuous,anchor,8,1
catman_pilot_v1,P052,manipulation,A09,pc_self,1,human,retain,retain,deny,continuous,anchor,8,1
catman_pilot_v1,P052,manipulation,A09,pc_tran,7,human,retain,retain,deny,continuous,anchor,8,1
catman_pilot_v1,P052,manipulation,C03,pc_sub,7,human,lost,retain,affirm,continuous,standard,9,1
catman_pilot_v1,P052,manipulation,C03,pc_info,1,human,lost,retain,affirm,continuous,standard,9,1
catman_pilot_v1,P052,manipulation,C03,pc_func,7,human,lost,retain,affirm,continuous,standard,9,1
catman_pilot_v1,P052,manipulation,C03,pc_self,7,human,lost,retain,affirm,continuous,standard,9,1
catman_pilot_v1,P052,manipulation,C03,pc_tran,7,human,lost,retain,affirm,continuous,standard,9,1
catman_pilot_v1,P052,manipulation,C01,pc_sub,7,human,retain,retain,affirm,continuous,standard,10,1
catman_pilot_v1,P052,manipulation,C01,pc_info,7,human,retain,retain,affirm,continuous,standard,10,1
catman_pilot_v1,P052,manipulation,C01,pc_func,7,human,retain,retain,affirm,continuous,standard,10,1
catman_pilot_v1,P052,manipulation,C01,pc_self,7,human,retain,retain,affirm,continuous,standard,10,1
catman_pilot_v1,P052,manipulation,C01,pc_tran,7,human,retain,retain,affirm,continuous,standard,10,1
catman_pilot_v1,P009,manipulation,C06,pc_sub,6,human,retain,retain,affirm,discontinuous,standard,1,1
catman_pilot_v1,P009,manipulation,C06,pc_info,6,human,retain,retain,affirm,discontinuous,standard,1,1
catman_pilot_v1,P009,manipulation,C06,pc_func,6,human,retain,retain,affirm,discontinuous,standard,1,1
catman_pilot_v1,P009,manipulation,C06,pc_self,6,human,retain,retain,affirm,discontinuous,standard,1,1
catman_pilot_v1,P009,manipulation,C06,pc_tran,4,human,retain,retain,affirm,discontinuous,standard,1,1
catman_pilot_v1,P009,manipulation,C06,k_copy,6,human,retain,retain,affirm,discontinuous,standard,1,1
catman_pilot_v1,P009,manipulation,C06,k_term,4,human,retain,retain,affirm,discontinuous,standard,1,1
catman_pilot_v1,P009,manipulation,C03,pc_sub,6,human,lost,retain,affirm,continuous,standard,2,1
catman_pilot_v1,P009,manipulation,C03,pc_info,1,human,lost,retain,affirm,continuous,standard,2,1
catman_pilot_v1,P009,manipulation,C03,pc_func,6,human,lost,retain,affirm,continuous,standard,2,1
catman_pilot_v1,P009,manipulation,C03,pc_self,6,human,lost,retain,affirm,continuous,standard,2,1
catman_pilot_v1,P009,manipulation,C03,pc_tran,6,human,lost,retain,affirm,continuous,standard,2,1
catman_pilot_v1,P009,manipulation,C05,pc_sub,6,human,retain,retain,uncertain,continuous,standard,3,1
catman_pilot_v1,P009,manipulation,C05,pc_info,6,human,retain,retain,uncertain,continuous,standard,3,1
catman_pilot_v1,P009,manipulation,C05,pc_func,6,human,retain,retain,uncertain,continuous,standard,3,1
catman_pilot_v1,P009,manipulation,C05,pc_self,4,human,retain,retain,uncertain,continuous,standard,3,1
catman_pilot_v1,P009,manipulation,C05,pc_tran,6,human,retain,retain,uncertain,continuous,standard,3,1
catman_pilot_v1,P009,manipulation,C08,pc_sub,6,human,lost,retain,affirm,discontinuous,standard,4,1
catman_pilot_v1,P009,manipulation,C08,pc_info,6,human,lost,retain,affirm,discontinuous,standard,4,1
catman_pilot_v1,P009,manipulation,C08,pc_func,6,human,lost,retain,affirm,discontinuous,standard,4,1
catman_pilot_v1,P009,manipulation,C08,pc_self,6,human,lost,retain,affirm,discontinuous,standard,4,1
catman_pilot_v1,P009,manipulation,C08,pc_tran,2,human,lost,retain,affirm,discontinuous,standard,4,1
catman_pilot_v1,P009,manipulation,C08,k_copy,6,human,lost,retain,affirm,discontinuous,standard,4,1
catman_pilot_v1,P009,manipulation,C08,k_term,6,human,lost,retain,affirm,discontinuous,standard,4,1
catman_pilot_v1,P009,manipulation,A09,pc_sub,6,human,retain,retain,deny,continuous,anchor,5,1
catman_pilot_v1,P009,manipulation,A09,pc_info,6,human,retain,retain,deny,continuous,anchor,5,1
catman_pilot_v1,P009,manipulation,A09,pc_func,6,human,retain,retain,deny,continuous,anchor,5,1
catman_pilot_v1,P009,manipulation,A09,pc_self,2,human,retain,retain,deny,continuous,anchor,5,1
catman_pilot_v1,P009,manipulation,A09,pc_tran,6,human,retain,retain,deny,continuous,anchor,5,1
catman_pilot_v1,P009,manipulation,C07,pc_sub,6,cat,retain,retain,affirm,discontinuous,standard,6,1
catman_pilot_v1,P009,manipulation,C07,pc_info,6,cat,retain,retain,affirm,discontinuous,standard,6,1
catman_pilot_v1,P009,manipulation,C07,pc_func,6,cat,retain,retain,affirm,discontinuous,standard,6,1
catman_pilot_v1,P009,manipulation,C07,pc_self,6,cat,retain,retain,affirm,discontinuous,standard,6,1
catman_pilot_v1,P009,manipulation,C07,pc_tran,2,cat,retain,retain,affirm,discontinuous,standard,6,1
catman_pilot_v1,P009,manipulation,C07,k_copy,6,cat,retain,retain,affirm,discontinuous,standard,6,1
catman_pilot_v1,P009,manipulation,C07,k_term,4,cat,retain,retain,affirm,discontinuous,standard,6,1
catman_pilot_v1,P009,manipulation,C02,pc_sub,6,cat,retain,retain,affirm,continuous,standard,7,1
catman_pilot_v1,P009,manipulation,C02,pc_info,6,cat,retain,retain,affirm,continuous,standard,7,1
catman_pilot_v1,P009,manipulation,C02,pc_func,6,cat,retain,retain,affirm,continuous,standard,7,1
catman_pilot_v1,P009,manipulation,C02,pc_self,6,cat,retain,retain,affirm,continuous,standard,7,1
catman_pilot_v1,P009,manipulation,C02,pc_tran,6,cat,retain,retain,affirm,continuous,standard,7,1
catman_pilot_v1,P009,manipulation,C01,pc_sub,6,human,retain,retain,affirm,continuous,standard,8,1
catman_pilot_v1,P009,manipulation,C01,pc_info,6,human,retain,retain,affirm,continuous,standard,8,1
catman_pilot_v1,P009,manipulation,C01,pc_func,6,human,retain,retain,affirm,continuous,standard,8,1
catman_pilot_v1,P009,manipulation,C01,pc_self,6,human,retain,retain,affirm,continuous,standard,8,1
catman_pilot_v1,P009,manipulation,C01,pc_tran,6,human,retain,retain,affirm,continuous,standard,8,1
catman_pilot_v1,P009,manipulation,C04,pc_sub,6,human,retain,limited,affirm,continuous,standard,9,1
catman_pilot_v1,P009,manipulation,C04,pc_info,6,human,retain,limited,affirm,continuous,standard,9,1
catman_pilot_v1,P009,manipulation,C04,pc_func,3,human,retain,limited,affirm,continuous,standard,9,1
catman_pilot_v1,P009,manipulation,C04,pc_self,6,human,retain,limited,affirm,continuous,standard,9,1
catman_pilot_v1,P009,manipulation,C04,pc_tran,6,human,retain,limited,affirm,continuous,standard,9,1
catman_pilot_v1,P009,manipulation,A10,k_copy,4,cat,retain,retain,affirm,parallel,anchor,10,1
catman_pilot_v1,P009,manipulation,A10,k_term,3,cat,retain,retain,affirm,parallel,anchor,10,1
catman_pilot_v1,P009,manipulation,A10,k_coex,6,cat,retain,retain,affirm,parallel,anchor,10,1
catman_pilot_v1,P009,manipulation,A10,pc_sub,3,cat,retain,retain,affirm,parallel,anchor,10,1
catman_pilot_v1,P009,manipulation,A10,pc_info,5,cat,retain,retain,affirm,parallel,anchor,10,1
catman_pilot_v1,P009,manipulation,A10,pc_func,4,cat,retain,retain,affirm,parallel,anchor,10,1
catman_pilot_v1,P009,manipulation,A10,pc_self,4,cat,retain,retain,affirm,parallel,anchor,10,1
catman_pilot_v1,P009,manipulation,A10,pc_tran,3,cat,retain,retain,affirm,parallel,anchor,10,1
catman_pilot_v1,P022,manipulation,C05,pc_sub,5,human,retain,retain,uncertain,continuous,standard,1,1
catman_pilot_v1,P022,manipulation,C05,pc_info,6,human,retain,retain,uncertain,continuous,standard,1,1
catman_pilot_v1,P022,manipulation,C05,pc_func,6,human,retain,retain,uncertain,continuous,standard,1,1
catman_pilot_v1,P022,manipulation,C05,pc_self,3,human,retain,retain,uncertain,continuous,standard,1,1
catman_pilot_v1,P022,manipulation,C05,pc_tran,1,human,retain,retain,uncertain,continuous,standard,1,1
catman_pilot_v1,P022,manipulation,C03,pc_sub,6,human,lost,retain,affirm,continuous,standard,2,1
catman_pilot_v1,P022,manipulation,C03,pc_info,1,human,lost,retain,affirm,continuous,standard,2,1
catman_pilot_v1,P022,manipulation,C03,pc_func,1,human,lost,retain,affirm,continuous,standard,2,1
catman_pilot_v1,P022,manipulation,C03,pc_self,5,human,lost,retain,affirm,continuous,standard,2,1
catman_pilot_v1,P022,manipulation,C03,pc_tran,2,human,lost,retain,affirm,continuous,standard,2,1
catman_pilot_v1,P022,manipulation,C08,pc_sub,6,human,lost,retain,affirm,discontinuous,standard,3,1
catman_pilot_v1,P022,manipulation,C08,pc_info,1,human,lost,retain,affirm,discontinuous,standard,3,1
catman_pilot_v1,P022,manipulation,C08,pc_func,6,human,lost,retain,affirm,discontinuous,standard,3,1
catman_pilot_v1,P022,manipulation,C08,pc_self,4,human,lost,retain,affirm,discontinuous,standard,3,1
catman_pilot_v1,P022,manipulation,C08,pc_tran,2,human,lost,retain,affirm,discontinuous,standard,3,1
catman_pilot_v1,P022,manipulation,C08,k_copy,5,human,lost,retain,affirm,discontinuous,standard,3,1
catman_pilot_v1,P022,manipulation,C08,k_term,3,human,lost,retain,affirm,discontinuous,standard,3,1
catman_pilot_v1,P022,manipulation,C07,pc_sub,1,cat,retain,retain,affirm,discontinuous,standard,4,1
catman_pilot_v1,P022,manipulation,C07,pc_info,7,cat,retain,retain,affirm,discontinuous,standard,4,1
catman_pilot_v1,P022,manipulation,C07,pc_func,7,cat,retain,retain,affirm,discontinuous,standard,4,1
catman_pilot_v1,P022,manipulation,C07,pc_self,4,cat,retain,retain,affirm,discontinuous,standard,4,1
catman_pilot_v1,P022,manipulation,C07,pc_tran,2,cat,retain,retain,affirm,discontinuous,standard,4,1
catman_pilot_v1,P022,manipulation,C07,k_copy,5,cat,retain,retain,affirm,discontinuous,standard,4,1
catman_pilot_v1,P022,manipulation,C07,k_term,2,cat,retain,retain,affirm,discontinuous,standard,4,1
catman_pilot_v1,P022,manipulation,C06,pc_sub,7,human,retain,retain,affirm,discontinuous,standard,5,1
catman_pilot_v1,P022,manipulation,C06,pc_info,7,human,retain,retain,affirm,discontinuous,standard,5,1
catman_pilot_v1,P022,manipulation,C06,pc_func,7,human,retain,retain,affirm,discontinuous,standard,5,1
catman_pilot_v1,P022,manipulation,C06,pc_self,6,human,retain,retain,affirm,discontinuous,standard,5,1
catman_pilot_v1,P022,manipulation,C06,pc_tran,4,human,retain,retain,affirm,discontinuous,standard,5,1
catman_pilot_v1,P022,manipulation,C06,k_copy,2,human,retain,retain,affirm,discontinuous,standard,5,1
catman_pilot_v1,P022,manipulation,C06,k_term,4,human,retain,retain,affirm,discontinuous,standard,5,1
catman_pilot_v1,P022,manipulation,C02,pc_sub,1,cat,retain,retain,affirm,continuous,standard,6,1
catman_pilot_v1,P022,manipulation,C02,pc_info,7,cat,retain,retain,affirm,continuous,standard,6,1
catman_pilot_v1,P022,manipulation,C02,pc_func,6,cat,retain,retain,affirm,continuous,standard,6,1
catman_pilot_v1,P022,manipulation,C02,pc_self,4,cat,retain,retain,affirm,continuous,standard,6,1
catman_pilot_v1,P022,manipulation,C02,pc_tran,4,cat,retain,retain,affirm,continuous,standard,6,1
catman_pilot_v1,P022,manipulation,C01,pc_sub,7,human,retain,retain,affirm,continuous,standard,7,1
catman_pilot_v1,P022,manipulation,C01,pc_info,7,human,retain,retain,affirm,continuous,standard,7,1
catman_pilot_v1,P022,manipulation,C01,pc_func,7,human,retain,retain,affirm,continuous,standard,7,1
catman_pilot_v1,P022,manipulation,C01,pc_self,5,human,retain,retain,affirm,continuous,standard,7,1
catman_pilot_v1,P022,manipulation,C01,pc_tran,2,human,retain,retain,affirm,continuous,standard,7,1
catman_pilot_v1,P022,manipulation,A09,pc_sub,7,human,retain,retain,deny,continuous,anchor,8,1
catman_pilot_v1,P022,manipulation,A09,pc_info,7,human,retain,retain,deny,continuous,anchor,8,1
catman_pilot_v1,P022,manipulation,A09,pc_func,7,human,retain,retain,deny,continuous,anchor,8,1
catman_pilot_v1,P022,manipulation,A09,pc_self,1,human,retain,retain,deny,continuous,anchor,8,1
catman_pilot_v1,P022,manipulation,A09,pc_tran,3,human,retain,retain,deny,continuous,anchor,8,1
catman_pilot_v1,P022,manipulation,A10,k_copy,1,cat,retain,retain,affirm,parallel,anchor,9,1
catman_pilot_v1,P022,manipulation,A10,k_term,4,cat,retain,retain,affirm,parallel,anchor,9,1
catman_pilot_v1,P022,manipulation,A10,k_coex,7,cat,retain,retain,affirm,parallel,anchor,9,1
catman_pilot_v1,P022,manipulation,A10,pc_sub,1,cat,retain,retain,affirm,parallel,anchor,9,1
catman_pilot_v1,P022,manipulation,A10,pc_info,7,cat,retain,retain,affirm,parallel,anchor,9,1
catman_pilot_v1,P022,manipulation,A10,pc_func,7,cat,retain,retain,affirm,parallel,anchor,9,1
catman_pilot_v1,P022,manipulation,A10,pc_self,1,cat,retain,retain,affirm,parallel,anchor,9,1
catman_pilot_v1,P022,manipulation,A10,pc_tran,2,cat,retain,retain,affirm,parallel,anchor,9,1
catman_pilot_v1,P022,manipulation,C04,pc_sub,6,human,retain,limited,affirm,continuous,standard,10,1
catman_pilot_v1,P022,manipulation,C04,pc_info,7,human,retain,limited,affirm,continuous,standard,10,1
catman_pilot_v1,P022,manipulation,C04,pc_func,1,human,retain,limited,affirm,continuous,standard,10,1
catman_pilot_v1,P022,manipulation,C04,pc_self,1,human,retain,limited,affirm,continuous,standard,10,1
catman_pilot_v1,P022,manipulation,C04,pc_tran,4,human,retain,limited,affirm,continuous,standard,10,1
catman_pilot_v1,P053,manipulation,C01,pc_sub,7,human,retain,retain,affirm,continuous,standard,1,1
catman_pilot_v1,P053,manipulation,C01,pc_info,7,human,retain,retain,affirm,continuous,standard,1,1
catman_pilot_v1,P053,manipulation,C01,pc_func,7,human,retain,retain,affirm,continuous,standard,1,1
catman_pilot_v1,P053,manipulation,C01,pc_self,7,human,retain,retain,affirm,continuous,standard,1,1
catman_pilot_v1,P053,manipulation,C01,pc_tran,7,human,retain,retain,affirm,continuous,standard,1,1
catman_pilot_v1,P053,manipulation,C04,pc_sub,7,human,retain,limited,affirm,continuous,standard,2,1
catman_pilot_v1,P053,manipulation,C04,pc_info,4,human,retain,limited,affirm,continuous,standard,2,1
catman_pilot_v1,P053,manipulation,C04,pc_func,1,human,retain,limited,affirm,continuous,standard,2,1
catman_pilot_v1,P053,manipulation,C04,pc_self,3,human,retain,limited,affirm,continuous,standard,2,1
catman_pilot_v1,P053,manipulation,C04,pc_tran,7,human,retain,limited,affirm,continuous,standard,2,1
catman_pilot_v1,P053,manipulation,C05,pc_sub,7,human,retain,retain,uncertain,continuous,standard,3,1
catman_pilot_v1,P053,manipulation,C05,pc_info,7,human,retain,retain,uncertain,continuous,standard,3,1
catman_pilot_v1,P053,manipulation,C05,pc_func,5,human,retain,retain,uncertain,continuous,standard,3,1
catman_pilot_v1,P053,manipulation,C05,pc_self,1,human,retain,retain,uncertain,continuous,standard,3,1
catman_pilot_v1,P053,manipulation,C05,pc_tran,7,human,retain,retain,uncertain,continuous,standard,3,1
catman_pilot_v1,P053,manipulation,C03,pc_sub,7,human,lost,retain,affirm,continuous,standard,4,1
catman_pilot_v1,P053,manipulation,C03,pc_info,1,human,lost,retain,affirm,continuous,standard,4,1
catman_pilot_v1,P053,manipulation,C03,pc_func,4,human,lost,retain,affirm,continuous,standard,4,1
catman_pilot_v1,P053,manipulation,C03,pc_self,4,human,lost,retain,affirm,continuous,standard,4,1
catman_pilot_v1,P053,manipulation,C03,pc_tran,7,human,lost,retain,affirm,continuous,standard,4,1
catman_pilot_v1,P053,manipulation,C02,pc_sub,1,cat,retain,retain,affirm,continuous,standard,5,1
catman_pilot_v1,P053,manipulation,C02,pc_info,7,cat,retain,retain,affirm,continuous,standard,5,1
catman_pilot_v1,P053,manipulation,C02,pc_func,5,cat,retain,retain,affirm,continuous,standard,5,1
catman_pilot_v1,P053,manipulation,C02,pc_self,4,cat,retain,retain,affirm,continuous,standard,5,1
catman_pilot_v1,P053,manipulation,C02,pc_tran,7,cat,retain,retain,affirm,continuous,standard,5,1
catman_pilot_v1,P053,manipulation,A10,k_copy,1,cat,retain,retain,affirm,parallel,anchor,6,1
catman_pilot_v1,P053,manipulation,A10,k_term,5,cat,retain,retain,affirm,parallel,anchor,6,1
catman_pilot_v1,P053,manipulation,A10,k_coex,5,cat,retain,retain,affirm,parallel,anchor,6,1
catman_pilot_v1,P053,manipulation,A10,pc_sub,7,cat,retain,retain,affirm,parallel,anchor,6,1
catman_pilot_v1,P053,manipulation,A10,pc_info,7,cat,retain,retain,affirm,parallel,anchor,6,1
catman_pilot_v1,P053,manipulation,A10,pc_func,7,cat,retain,retain,affirm,parallel,anchor,6,1
catman_pilot_v1,P053,manipulation,A10,pc_self,7,cat,retain,retain,affirm,parallel,anchor,6,1
catman_pilot_v1,P053,manipulation,A10,pc_tran,5,cat,retain,retain,affirm,parallel,anchor,6,1
catman_pilot_v1,P053,manipulation,A09,pc_sub,7,human,retain,retain,deny,continuous,anchor,7,1
catman_pilot_v1,P053,manipulation,A09,pc_info,7,human,retain,retain,deny,continuous,anchor,7,1
catman_pilot_v1,P053,manipulation,A09,pc_func,7,human,retain,retain,deny,continuous,anchor,7,1
catman_pilot_v1,P053,manipulation,A09,pc_self,7,human,retain,retain,deny,continuous,anchor,7,1
catman_pilot_v1,P053,manipulation,A09,pc_tran,7,human,retain,retain,deny,continuous,anchor,7,1
catman_pilot_v1,P053,manipulation,C08,pc_sub,7,human,lost,retain,affirm,discontinuous,standard,8,1
catman_pilot_v1,P053,manipulation,C08,pc_info,1,human,lost,retain,affirm,discontinuous,standard,8,1
catman_pilot_v1,P053,manipulation,C08,pc_func,4,human,lost,retain,affirm,discontinuous,standard,8,1
catman_pilot_v1,P053,manipulation,C08,pc_self,4,human,lost,retain,affirm,discontinuous,standard,8,1
catman_pilot_v1,P053,manipulation,C08,pc_tran,2,human,lost,retain,affirm,discontinuous,standard,8,1
catman_pilot_v1,P053,manipulation,C08,k_copy,2,human,lost,retain,affirm,discontinuous,standard,8,1
catman_pilot_v1,P053,manipulation,C08,k_term,5,human,lost,retain,affirm,discontinuous,standard,8,1
catman_pilot_v1,P053,manipulation,C06,pc_sub,7,human,retain,retain,affirm,discontinuous,standard,9,1
catman_pilot_v1,P053,manipulation,C06,pc_info,7,human,retain,retain,affirm,discontinuous,standard,9,1
catman_pilot_v1,P053,manipulation,C06,pc_func,7,human,retain,retain,affirm,discontinuous,standard,9,1
catman_pilot_v1,P053,manipulation,C06,pc_self,7,human,retain,retain,affirm,discontinuous,standard,9,1
catman_pilot_v1,P053,manipulation,C06,pc_tran,4,human,retain,retain,affirm,discontinuous,standard,9,1
catman_pilot_v1,P053,manipulation,C06,k_copy,2,human,retain,retain,affirm,discontinuous,standard,9,1
catman_pilot_v1,P053,manipulation,C06,k_term,5,human,retain,retain,affirm,discontinuous,standard,9,1
catman_pilot_v1,P053,manipulation,C07,pc_sub,1,cat,retain,retain,affirm,discontinuous,standard,10,1
catman_pilot_v1,P053,manipulation,C07,pc_info,7,cat,retain,retain,affirm,discontinuous,standard,10,1
catman_pilot_v1,P053,manipulation,C07,pc_func,5,cat,retain,retain,affirm,discontinuous,standard,10,1
catman_pilot_v1,P053,manipulation,C07,pc_self,5,cat,retain,retain,affirm,discontinuous,standard,10,1
catman_pilot_v1,P053,manipulation,C07,pc_tran,2,cat,retain,retain,affirm,discontinuous,standard,10,1
catman_pilot_v1,P053,manipulation,C07,k_copy,3,cat,retain,retain,affirm,discontinuous,standard,10,1
catman_pilot_v1,P053,manipulation,C07,k_term,5,cat,retain,retain,affirm,discontinuous,standard,10,1
catman_pilot_v1,P042,manipulation,C03,pc_sub,6,human,lost,retain,affirm,continuous,standard,1,1
catman_pilot_v1,P042,manipulation,C03,pc_info,1,human,lost,retain,affirm,continuous,standard,1,1
catman_pilot_v1,P042,manipulation,C03,pc_func,7,human,lost,retain,affirm,continuous,standard,1,1
catman_pilot_v1,P042,manipulation,C03,pc_self,6,human,lost,retain,affirm,continuous,standard,1,1
catman_pilot_v1,P042,manipulation,C03,pc_tran,6,human,lost,retain,affirm,continuous,standard,1,1
catman_pilot_v1,P042,manipulation,C06,pc_sub,6,human,retain,retain,affirm,discontinuous,standard,2,1
catman_pilot_v1,P042,manipulation,C06,pc_info,2,human,retain,retain,affirm,discontinuous,standard,2,1
catman_pilot_v1,P042,manipulation,C06,pc_func,6,human,retain,retain,affirm,discontinuous,standard,2,1
catman_pilot_v1,P042,manipulation,C06,pc_self,6,human,retain,retain,affirm,discontinuous,standard,2,1
catman_pilot_v1,P042,manipulation,C06,pc_tran,1,human,retain,retain,affirm,discontinuous,standard,2,1
catman_pilot_v1,P042,manipulation,C06,k_copy,6,human,retain,retain,affirm,discontinuous,standard,2,1
catman_pilot_v1,P042,manipulation,C06,k_term,6,human,retain,retain,affirm,discontinuous,standard,2,1
catman_pilot_v1,P042,manipulation,C05,pc_sub,5,human,retain,retain,uncertain,continuous,standard,3,1
catman_pilot_v1,P042,manipulation,C05,pc_info,2,human,retain,retain,uncertain,continuous,standard,3,1
catman_pilot_v1,P042,manipulation,C05,pc_func,6,human,retain,retain,uncertain,continuous,standard,3,1
catman_pilot_v1,P042,manipulation,C05,pc_self,2,human,retain,retain,uncertain,continuous,standard,3,1
catman_pilot_v1,P042,manipulation,C05,pc_tran,6,human,retain,retain,uncertain,continuous,standard,3,1
catman_pilot_v1,P042,manipulation,C08,pc_sub,6,human,lost,retain,affirm,discontinuous,standard,4,1
catman_pilot_v1,P042,manipulation,C08,pc_info,2,human,lost,retain,affirm,discontinuous,standard,4,1
catman_pilot_v1,P042,manipulation,C08,pc_func,6,human,lost,retain,affirm,discontinuous,standard,4,1
catman_pilot_v1,P042,manipulation,C08,pc_self,6,human,lost,retain,affirm,discontinuous,standard,4,1
catman_pilot_v1,P042,manipulation,C08,pc_tran,1,human,lost,retain,affirm,discontinuous,standard,4,1
catman_pilot_v1,P042,manipulation,C08,k_copy,6,human,lost,retain,affirm,discontinuous,standard,4,1
catman_pilot_v1,P042,manipulation,C08,k_term,2,human,lost,retain,affirm,discontinuous,standard,4,1
catman_pilot_v1,P042,manipulation,C01,pc_sub,7,human,retain,retain,affirm,continuous,standard,5,1
catman_pilot_v1,P042,manipulation,C01,pc_info,6,human,retain,retain,affirm,continuous,standard,5,1
catman_pilot_v1,P042,manipulation,C01,pc_func,7,human,retain,retain,affirm,continuous,standard,5,1
catman_pilot_v1,P042,manipulation,C01,pc_self,7,human,retain,retain,affirm,continuous,standard,5,1
catman_pilot_v1,P042,manipulation,C01,pc_tran,6,human,retain,retain,affirm,continuous,standard,5,1
catman_pilot_v1,P042,manipulation,C02,pc_sub,1,cat,retain,retain,affirm,continuous,standard,6,1
catman_pilot_v1,P042,manipulation,C02,pc_info,6,cat,retain,retain,affirm,continuous,standard,6,1
catman_pilot_v1,P042,manipulation,C02,pc_func,5,cat,retain,retain,affirm,continuous,standard,6,1
catman_pilot_v1,P042,manipulation,C02,pc_self,6,cat,retain,retain,affirm,continuous,standard,6,1
catman_pilot_v1,P042,manipulation,C02,pc_tran,6,cat,retain,retain,affirm,continuous,standard,6,1
catman_pilot_v1,P042,manipulation,A10,k_copy,6,cat,retain,retain,affirm,parallel,anchor,7,1
catman_pilot_v1,P042,manipulation,A10,k_term,5,cat,retain,retain,affirm,parallel,anchor,7,1
catman_pilot_v1,P042,manipulation,A10,k_coex,7,cat,retain,retain,affirm,parallel,anchor,7,1
catman_pilot_v1,P042,manipulation,A10,pc_sub,1,cat,retain,retain,affirm,parallel,anchor,7,1
catman_pilot_v1,P042,manipulation,A10,pc_info,6,cat,retain,retain,affirm,parallel,anchor,7,1
catman_pilot_v1,P042,manipulation,A10,pc_func,5,cat,retain,retain,affirm,parallel,anchor,7,1
catman_pilot_v1,P042,manipulation,A10,pc_self,3,cat,retain,retain,affirm,parallel,anchor,7,1
catman_pilot_v1,P042,manipulation,A10,pc_tran,1,cat,retain,retain,affirm,parallel,anchor,7,1
catman_pilot_v1,P042,manipulation,C07,pc_sub,2,cat,retain,retain,affirm,discontinuous,standard,8,1
catman_pilot_v1,P042,manipulation,C07,pc_info,6,cat,retain,retain,affirm,discontinuous,standard,8,1
catman_pilot_v1,P042,manipulation,C07,pc_func,6,cat,retain,retain,affirm,discontinuous,standard,8,1
catman_pilot_v1,P042,manipulation,C07,pc_self,2,cat,retain,retain,affirm,discontinuous,standard,8,1
catman_pilot_v1,P042,manipulation,C07,pc_tran,1,cat,retain,retain,affirm,discontinuous,standard,8,1
catman_pilot_v1,P042,manipulation,C07,k_copy,6,cat,retain,retain,affirm,discontinuous,standard,8,1
catman_pilot_v1,P042,manipulation,C07,k_term,6,cat,retain,retain,affirm,discontinuous,standard,8,1
catman_pilot_v1,P042,manipulation,A09,pc_sub,6,human,retain,retain,deny,continuous,anchor,9,1
catman_pilot_v1,P042,manipulation,A09,pc_info,7,human,retain,retain,deny,continuous,anchor,9,1
catman_pilot_v1,P042,manipulation,A09,pc_func,7,human,retain,retain,deny,continuous,anchor,9,1
catman_pilot_v1,P042,manipulation,A09,pc_self,1,human,retain,retain,deny,continuous,anchor,9,1
catman_pilot_v1,P042,manipulation,A09,pc_tran,6,human,retain,retain,deny,continuous,anchor,9,1
catman_pilot_v1,P042,manipulation,C04,pc_sub,6,human,retain,limited,affirm,continuous,standard,10,1
catman_pilot_v1,P042,manipulation,C04,pc_info,7,human,retain,limited,affirm,continuous,standard,10,1
catman_pilot_v1,P042,manipulation,C04,pc_func,2,human,retain,limited,affirm,continuous,standard,10,1
catman_pilot_v1,P042,manipulation,C04,pc_self,7,human,retain,limited,affirm,continuous,standard,10,1
catman_pilot_v1,P042,manipulation,C04,pc_tran,7,human,retain,limited,affirm,continuous,standard,10,1
catman_pilot_v1,P056,manipulation,C05,pc_sub,7,human,retain,retain,uncertain,continuous,standard,1,1
catman_pilot_v1,P056,manipulation,C05,pc_info,7,human,retain,retain,uncertain,continuous,standard,1,1
catman_pilot_v1,P056,manipulation,C05,pc_func,7,human,retain,retain,uncertain,continuous,standard,1,1
catman_pilot_v1,P056,manipulation,C05,pc_self,2,human,retain,retain,uncertain,continuous,standard,1,1
catman_pilot_v1,P056,manipulation,C05,pc_tran,5,human,retain,retain,uncertain,continuous,standard,1,1
catman_pilot_v1,P056,manipulation,C08,pc_sub,7,human,lost,retain,affirm,discontinuous,standard,2,1
catman_pilot_v1,P056,manipulation,C08,pc_info,1,human,lost,retain,affirm,discontinuous,standard,2,1
catman_pilot_v1,P056,manipulation,C08,pc_func,6,human,lost,retain,affirm,discontinuous,standard,2,1
catman_pilot_v1,P056,manipulation,C08,pc_self,6,human,lost,retain,affirm,discontinuous,standard,2,1
catman_pilot_v1,P056,manipulation,C08,pc_tran,2,human,lost,retain,affirm,discontinuous,standard,2,1
catman_pilot_v1,P056,manipulation,C08,k_copy,5,human,lost,retain,affirm,discontinuous,standard,2,1
catman_pilot_v1,P056,manipulation,C08,k_term,4,human,lost,retain,affirm,discontinuous,standard,2,1
catman_pilot_v1,P056,manipulation,C06,pc_sub,7,human,retain,retain,affirm,discontinuous,standard,3,1
catman_pilot_v1,P056,manipulation,C06,pc_info,7,human,retain,retain,affirm,discontinuous,standard,3,1
catman_pilot_v1,P056,manipulation,C06,pc_func,6,human,retain,retain,affirm,discontinuous,standard,3,1
catman_pilot_v1,P056,manipulation,C06,pc_self,7,human,retain,retain,affirm,discontinuous,standard,3,1
catman_pilot_v1,P056,manipulation,C06,pc_tran,2,human,retain,retain,affirm,discontinuous,standard,3,1
catman_pilot_v1,P056,manipulation,C06,k_copy,6,human,retain,retain,affirm,discontinuous,standard,3,1
catman_pilot_v1,P056,manipulation,C06,k_term,3,human,retain,retain,affirm,discontinuous,standard,3,1
catman_pilot_v1,P056,manipulation,C04,pc_sub,7,human,retain,limited,affirm,continuous,standard,4,1
catman_pilot_v1,P056,manipulation,C04,pc_info,7,human,retain,limited,affirm,continuous,standard,4,1
catman_pilot_v1,P056,manipulation,C04,pc_func,2,human,retain,limited,affirm,continuous,standard,4,1
catman_pilot_v1,P056,manipulation,C04,pc_self,6,human,retain,limited,affirm,continuous,standard,4,1
catman_pilot_v1,P056,manipulation,C04,pc_tran,6,human,retain,limited,affirm,continuous,standard,4,1
catman_pilot_v1,P056,manipulation,A10,k_copy,6,cat,retain,retain,affirm,parallel,anchor,5,1
catman_pilot_v1,P056,manipulation,A10,k_term,3,cat,retain,retain,affirm,parallel,anchor,5,1
catman_pilot_v1,P056,manipulation,A10,k_coex,7,cat,retain,retain,affirm,parallel,anchor,5,1
catman_pilot_v1,P056,manipulation,A10,pc_sub,1,cat,retain,retain,affirm,parallel,anchor,5,1
catman_pilot_v1,P056,manipulation,A10,pc_info,7,cat,retain,retain,affirm,parallel,anchor,5,1
catman_pilot_v1,P056,manipulation,A10,pc_func,6,cat,retain,retain,affirm,parallel,anchor,5,1
catman_pilot_v1,P056,manipulation,A10,pc_self,6,cat,retain,retain,affirm,parallel,anchor,5,1
catman_pilot_v1,P056,manipulation,A10,pc_tran,1,cat,retain,retain,affirm,parallel,anchor,5,1
catman_pilot_v1,P056,manipulation,A09,pc_sub,7,human,retain,retain,deny,continuous,anchor,6,1
catman_pilot_v1,P056,manipulation,A09,pc_info,7,human,retain,retain,deny,continuous,anchor,6,1
catman_pilot_v1,P056,manipulation,A09,pc_func,7,human,retain,retain,deny,continuous,anchor,6,1
catman_pilot_v1,P056,manipulation,A09,pc_self,1,human,retain,retain,deny,continuous,anchor,6,1
catman_pilot_v1,P056,manipulation,A09,pc_tran,6,human,retain,retain,deny,continuous,anchor,6,1
catman_pilot_v1,P056,manipulation,C07,pc_sub,1,cat,retain,retain,affirm,discontinuous,standard,7,1
catman_pilot_v1,P056,manipulation,C07,pc_info,7,cat,retain,retain,affirm,discontinuous,standard,7,1
catman_pilot_v1,P056,manipulation,C07,pc_func,6,cat,retain,retain,affirm,discontinuous,standard,7,1
catman_pilot_v1,P056,manipulation,C07,pc_self,6,cat,retain,retain,affirm,discontinuous,standard,7,1
catman_pilot_v1,P056,manipulation,C07,pc_tran,3,cat,retain,retain,affirm,discontinuous,standard,7,1
catman_pilot_v1,P056,manipulation,C07,k_copy,7,cat,retain,retain,affirm,discontinuous,standard,7,1
catman_pilot_v1,P056,manipulation,C07,k_term,5,cat,retain,retain,affirm,discontinuous,standard,7,1
catman_pilot_v1,P056,manipulation,C01,pc_sub,7,human,retain,retain,affirm,continuous,standard,8,1
catman_pilot_v1,P056,manipulation,C01,pc_info,7,human,retain,retain,affirm,continuous,standard,8,1
catman_pilot_v1,P056,manipulation,C01,pc_func,7,human,retain,retain,affirm,continuous,standard,8,1
catman_pilot_v1,P056,manipulation,C01,pc_self,6,human,retain,retain,affirm,continuous,standard,8,1
catman_pilot_v1,P056,manipulation,C01,pc_tran,6,human,retain,retain,affirm,continuous,standard,8,1
catman_pilot_v1,P056,manipulation,C03,pc_sub,7,human,lost,retain,affirm,continuous,standard,9,1
catman_pilot_v1,P056,manipulation,C03,pc_info,1,human,lost,retain,affirm,continuous,standard,9,1
catman_pilot_v1,P056,manipulation,C03,pc_func,7,human,lost,retain,affirm,continuous,standard,9,1
catman_pilot_v1,P056,manipulation,C03,pc_self,6,human,lost,retain,affirm,continuous,standard,9,1
catman_pilot_v1,P056,manipulation,C03,pc_tran,5,human,lost,retain,affirm,continuous,standard,9,1
catman_pilot_v1,P056,manipulation,C02,pc_sub,1,cat,retain,retain,affirm,continuous,standard,10,1
catman_pilot_v1,P056,manipulation,C02,pc_info,7,cat,retain,retain,affirm,continuous,standard,10,1
catman_pilot_v1,P056,manipulation,C02,pc_func,6,cat,retain,retain,affirm,continuous,standard,10,1
catman_pilot_v1,P056,manipulation,C02,pc_self,6,cat,retain,retain,affirm,continuous,standard,10,1
catman_pilot_v1,P056,manipulation,C02,pc_tran,5,cat,retain,retain,affirm,continuous,standard,10,1
catman_pilot_v1,P073,manipulation,C02,pc_sub,1,cat,retain,retain,affirm,continuous,standard,1,1
catman_pilot_v1,P073,manipulation,C02,pc_info,7,cat,retain,retain,affirm,continuous,standard,1,1
catman_pilot_v1,P073,manipulation,C02,pc_func,7,cat,retain,retain,affirm,continuous,standard,1,1
catman_pilot_v1,P073,manipulation,C02,pc_self,7,cat,retain,retain,affirm,continuous,standard,1,1
catman_pilot_v1,P073,manipulation,C02,pc_tran,7,cat,retain,retain,affirm,continuous,standard,1,1
catman_pilot_v1,P073,manipulation,C08,pc_sub,7,human,lost,retain,affirm,discontinuous,standard,2,1
catman_pilot_v1,P073,manipulation,C08,pc_info,1,human,lost,retain,affirm,discontinuous,standard,2,1
catman_pilot_v1,P073,manipulation,C08,pc_func,7,human,lost,retain,affirm,discontinuous,standard,2,1
catman_pilot_v1,P073,manipulation,C08,pc_self,7,human,lost,retain,affirm,discontinuous,standard,2,1
catman_pilot_v1,P073,manipulation,C08,pc_tran,1,human,lost,retain,affirm,discontinuous,standard,2,1
catman_pilot_v1,P073,manipulation,C08,k_copy,7,human,lost,retain,affirm,discontinuous,standard,2,1
catman_pilot_v1,P073,manipulation,C08,k_term,4,human,lost,retain,affirm,discontinuous,standard,2,1
catman_pilot_v1,P073,manipulation,C06,pc_sub,7,human,retain,retain,affirm,discontinuous,standard,3,1
catman_pilot_v1,P073,manipulation,C06,pc_info,7,human,retain,retain,affirm,discontinuous,standard,3,1
catman_pilot_v1,P073,manipulation,C06,pc_func,7,human,retain,retain,affirm,discontinuous,standard,3,1
catman_pilot_v1,P073,manipulation,C06,pc_self,7,human,retain,retain,affirm,discontinuous,standard,3,1
catman_pilot_v1,P073,manipulation,C06,pc_tran,1,human,retain,retain,affirm,discontinuous,standard,3,1
catman_pilot_v1,P073,manipulation,C06,k_copy,7,human,retain,retain,affirm,discontinuous,standard,3,1
catman_pilot_v1,P073,manipulation,C06,k_term,7,human,retain,retain,affirm,discontinuous,standard,3,1
catman_pilot_v1,P073,manipulation,C07,pc_sub,1,cat,retain,retain,affirm,discontinuous,standard,4,1
catman_pilot_v1,P073,manipulation,C07,pc_info,7,cat,retain,retain,affirm,discontinuous,standard,4,1
catman_pilot_v1,P073,manipulation,C07,pc_func,7,cat,retain,retain,affirm,discontinuous,standard,4,1
catman_pilot_v1,P073,manipulation,C07,pc_self,7,cat,retain,retain,affirm,discontinuous,standard,4,1
catman_pilot_v1,P073,manipulation,C07,pc_tran,1,cat,retain,retain,affirm,discontinuous,standard,4,1
catman_pilot_v1,P073,manipulation,C07,k_copy,7,cat,retain,retain,affirm,discontinuous,standard,4,1
catman_pilot_v1,P073,manipulation,C07,k_term,7,cat,retain,retain,affirm,discontinuous,standard,4,1
catman_pilot_v1,P073,manipulation,C05,pc_sub,7,human,retain,retain,uncertain,continuous,standard,5,1
catman_pilot_v1,P073,manipulation,C05,pc_info,7,human,retain,retain,uncertain,continuous,standard,5,1
catman_pilot_v1,P073,manipulation,C05,pc_func,7,human,retain,retain,uncertain,continuous,standard,5,1
catman_pilot_v1,P073,manipulation,C05,pc_self,1,human,retain,retain,uncertain,continuous,standard,5,1
catman_pilot_v1,P073,manipulation,C05,pc_tran,7,human,retain,retain,uncertain,continuous,standard,5,1
catman_pilot_v1,P073,manipulation,C01,pc_sub,7,human,retain,retain,affirm,continuous,standard,6,1
catman_pilot_v1,P073,manipulation,C01,pc_info,7,human,retain,retain,affirm,continuous,standard,6,1
catman_pilot_v1,P073,manipulation,C01,pc_func,7,human,retain,retain,affirm,continuous,standard,6,1
catman_pilot_v1,P073,manipulation,C01,pc_self,7,human,retain,retain,affirm,continuous,standard,6,1
catman_pilot_v1,P073,manipulation,C01,pc_tran,1,human,retain,retain,affirm,continuous,standard,6,1
catman_pilot_v1,P073,manipulation,A09,pc_sub,7,human,retain,retain,deny,continuous,anchor,7,1
catman_pilot_v1,P073,manipulation,A09,pc_info,7,human,retain,retain,deny,continuous,anchor,7,1
catman_pilot_v1,P073,manipulation,A09,pc_func,7,human,retain,retain,deny,continuous,anchor,7,1
catman_pilot_v1,P073,manipulation,A09,pc_self,1,human,retain,retain,deny,continuous,anchor,7,1
catman_pilot_v1,P073,manipulation,A09,pc_tran,7,human,retain,retain,deny,continuous,anchor,7,1
catman_pilot_v1,P073,manipulation,C03,pc_sub,7,human,lost,retain,affirm,continuous,standard,8,1
catman_pilot_v1,P073,manipulation,C03,pc_info,1,human,lost,retain,affirm,continuous,standard,8,1
catman_pilot_v1,P073,manipulation,C03,pc_func,7,human,lost,retain,affirm,continuous,standard,8,1
catman_pilot_v1,P073,manipulation,C03,pc_self,7,human,lost,retain,affirm,continuous,standard,8,1
catman_pilot_v1,P073,manipulation,C03,pc_tran,7,human,lost,retain,affirm,continuous,standard,8,1
catman_pilot_v1,P073,manipulation,C04,pc_sub,7,human,retain,limited,affirm,continuous,standard,9,1
catman_pilot_v1,P073,manipulation,C04,pc_info,7,human,retain,limited,affirm,continuous,standard,9,1
catman_pilot_v1,P073,manipulation,C04,pc_func,1,human,retain,limited,affirm,continuous,standard,9,1
catman_pilot_v1,P073,manipulation,C04,pc_self,7,human,retain,limited,affirm,continuous,standard,9,1
catman_pilot_v1,P073,manipulation,C04,pc_tran,7,human,retain,limited,affirm,continuous,standard,9,1
catman_pilot_v1,P073,manipulation,A10,k_copy,7,cat,retain,retain,affirm,parallel,anchor,10,1
catman_pilot_v1,P073,manipulation,A10,k_term,1,cat,retain,retain,affirm,parallel,anchor,10,1
catman_pilot_v1,P073,manipulation,A10,k_coex,7,cat,retain,retain,affirm,parallel,anchor,10,1
catman_pilot_v1,P073,manipulation,A10,pc_sub,1,cat,retain,retain,affirm,parallel,anchor,10,1
catman_pilot_v1,P073,manipulation,A10,pc_info,7,cat,retain,retain,affirm,parallel,anchor,10,1
catman_pilot_v1,P073,manipulation,A10,pc_func,7,cat,retain,retain,affirm,parallel,anchor,10,1
catman_pilot_v1,P073,manipulation,A10,pc_self,7,cat,retain,retain,affirm,parallel,anchor,10,1
catman_pilot_v1,P073,manipulation,A10,pc_tran,1,cat,retain,retain,affirm,parallel,anchor,10,1
catman_pilot_v1,P066,manipulation,C03,pc_sub,7,human,lost,retain,affirm,continuous,standard,1,1
catman_pilot_v1,P066,manipulation,C03,pc_info,1,human,lost,retain,affirm,continuous,standard,1,1
catman_pilot_v1,P066,manipulation,C03,pc_func,7,human,lost,retain,affirm,continuous,standard,1,1
catman_pilot_v1,P066,manipulation,C03,pc_self,6,human,lost,retain,affirm,continuous,standard,1,1
catman_pilot_v1,P066,manipulation,C03,pc_tran,2,human,lost,retain,affirm,continuous,standard,1,1
catman_pilot_v1,P066,manipulation,C01,pc_sub,7,human,retain,retain,affirm,continuous,standard,2,1
catman_pilot_v1,P066,manipulation,C01,pc_info,7,human,retain,retain,affirm,continuous,standard,2,1
catman_pilot_v1,P066,manipulation,C01,pc_func,7,human,retain,retain,affirm,continuous,standard,2,1
catman_pilot_v1,P066,manipulation,C01,pc_self,7,human,retain,retain,affirm,continuous,standard,2,1
catman_pilot_v1,P066,manipulation,C01,pc_tran,2,human,retain,retain,affirm,continuous,standard,2,1
catman_pilot_v1,P066,manipulation,C06,pc_sub,7,human,retain,retain,affirm,discontinuous,standard,3,1
catman_pilot_v1,P066,manipulation,C06,pc_info,7,human,retain,retain,affirm,discontinuous,standard,3,1
catman_pilot_v1,P066,manipulation,C06,pc_func,7,human,retain,retain,affirm,discontinuous,standard,3,1
catman_pilot_v1,P066,manipulation,C06,pc_self,7,human,retain,retain,affirm,discontinuous,standard,3,1
catman_pilot_v1,P066,manipulation,C06,pc_tran,7,human,retain,retain,affirm,discontinuous,standard,3,1
catman_pilot_v1,P066,manipulation,C06,k_copy,7,human,retain,retain,affirm,discontinuous,standard,3,1
catman_pilot_v1,P066,manipulation,C06,k_term,5,human,retain,retain,affirm,discontinuous,standard,3,1
catman_pilot_v1,P066,manipulation,C07,pc_sub,1,cat,retain,retain,affirm,discontinuous,standard,4,1
catman_pilot_v1,P066,manipulation,C07,pc_info,7,cat,retain,retain,affirm,discontinuous,standard,4,1
catman_pilot_v1,P066,manipulation,C07,pc_func,7,cat,retain,retain,affirm,discontinuous,standard,4,1
catman_pilot_v1,P066,manipulation,C07,pc_self,4,cat,retain,retain,affirm,discontinuous,standard,4,1
catman_pilot_v1,P066,manipulation,C07,pc_tran,6,cat,retain,retain,affirm,discontinuous,standard,4,1
catman_pilot_v1,P066,manipulation,C07,k_copy,7,cat,retain,retain,affirm,discontinuous,standard,4,1
catman_pilot_v1,P066,manipulation,C07,k_term,6,cat,retain,retain,affirm,discontinuous,standard,4,1
catman_pilot_v1,P066,manipulation,A09,pc_sub,7,human,retain,retain,deny,continuous,anchor,5,1
catman_pilot_v1,P066,manipulation,A09,pc_info,7,human,retain,retain,deny,continuous,anchor,5,1
catman_pilot_v1,P066,manipulation,A09,pc_func,7,human,retain,retain,deny,continuous,anchor,5,1
catman_pilot_v1,P066,manipulation,A09,pc_self,7,human,retain,retain,deny,continuous,anchor,5,1
catman_pilot_v1,P066,manipulation,A09,pc_tran,4,human,retain,retain,deny,continuous,anchor,5,1
catman_pilot_v1,P066,manipulation,C02,pc_sub,1,cat,retain,retain,affirm,continuous,standard,6,1
catman_pilot_v1,P066,manipulation,C02,pc_info,7,cat,retain,retain,affirm,continuous,standard,6,1
catman_pilot_v1,P066,manipulation,C02,pc_func,7,cat,retain,retain,affirm,continuous,standard,6,1
catman_pilot_v1,P066,manipulation,C02,pc_self,4,cat,retain,retain,affirm,continuous,standard,6,1
catman_pilot_v1,P066,manipulation,C02,pc_tran,1,cat,retain,retain,affirm,continuous,standard,6,1
catman_pilot_v1,P066,manipulation,C04,pc_sub,7,human,retain,limited,affirm,continuous,standard,7,1
catman_pilot_v1,P066,manipulation,C04,pc_info,7,human,retain,limited,affirm,continuous,standard,7,1
catman_pilot_v1,P066,manipulation,C04,pc_func,4,human,retain,limited,affirm,continuous,standard,7,1
catman_pilot_v1,P066,manipulation,C04,pc_self,4,human,retain,limited,affirm,continuous,standard,7,1
catman_pilot_v1,P066,manipulation,C04,pc_tran,2,human,retain,limited,affirm,continuous,standard,7,1
catman_pilot_v1,P066,manipulation,C05,pc_sub,7,human,retain,retain,uncertain,continuous,standard,8,1
catman_pilot_v1,P066,manipulation,C05,pc_info,7,human,retain,retain,uncertain,continuous,standard,8,1
catman_pilot_v1,P066,manipulation,C05,pc_func,7,human,retain,retain,uncertain,continuous,standard,8,1
catman_pilot_v1,P066,manipulation,C05,pc_self,7,human,retain,retain,uncertain,continuous,standard,8,1
catman_pilot_v1,P066,manipulation,C05,pc_tran,7,human,retain,retain,uncertain,continuous,standard,8,1
catman_pilot_v1,P066,manipulation,A10,k_copy,7,cat,retain,retain,affirm,parallel,anchor,9,1
catman_pilot_v1,P066,manipulation,A10,k_term,1,cat,retain,retain,affirm,parallel,anchor,9,1
catman_pilot_v1,P066,manipulation,A10,k_coex,4,cat,retain,retain,affirm,parallel,anchor,9,1
catman_pilot_v1,P066,manipulation,A10,pc_sub,1,cat,retain,retain,affirm,parallel,anchor,9,1
catman_pilot_v1,P066,manipulation,A10,pc_info,7,cat,retain,retain,affirm,parallel,anchor,9,1
catman_pilot_v1,P066,manipulation,A10,pc_func,7,cat,retain,retain,affirm,parallel,anchor,9,1
catman_pilot_v1,P066,manipulation,A10,pc_self,4,cat,retain,retain,affirm,parallel,anchor,9,1
catman_pilot_v1,P066,manipulation,A10,pc_tran,1,cat,retain,retain,affirm,parallel,anchor,9,1
catman_pilot_v1,P066,manipulation,C08,pc_sub,7,human,lost,retain,affirm,discontinuous,standard,10,1
catman_pilot_v1,P066,manipulation,C08,pc_info,1,human,lost,retain,affirm,discontinuous,standard,10,1
catman_pilot_v1,P066,manipulation,C08,pc_func,7,human,lost,retain,affirm,discontinuous,standard,10,1
catman_pilot_v1,P066,manipulation,C08,pc_self,2,human,lost,retain,affirm,discontinuous,standard,10,1
catman_pilot_v1,P066,manipulation,C08,pc_tran,1,human,lost,retain,affirm,discontinuous,standard,10,1
catman_pilot_v1,P066,manipulation,C08,k_copy,7,human,lost,retain,affirm,discontinuous,standard,10,1
catman_pilot_v1,P066,manipulation,C08,k_term,4,human,lost,retain,affirm,discontinuous,standard,10,1
catman_pilot_v1,P013,manipulation,C07,pc_sub,1,cat,retain,retain,affirm,discontinuous,standard,1,1
catman_pilot_v1,P013,manipulation,C07,pc_info,7,cat,retain,retain,affirm,discontinuous,standard,1,1
catman_pilot_v1,P013,manipulation,C07,pc_func,7,cat,retain,retain,affirm,discontinuous,standard,1,1
catman_pilot_v1,P013,manipulation,C07,pc_self,7,cat,retain,retain,affirm,discontinuous,standard,1,1
catman_pilot_v1,P013,manipulation,C07,pc_tran,1,cat,retain,retain,affirm,discontinuous,standard,1,1
catman_pilot_v1,P013,manipulation,C07,k_copy,1,cat,retain,retain,affirm,discontinuous,standard,1,1
catman_pilot_v1,P013,manipulation,C07,k_term,1,cat,retain,retain,affirm,discontinuous,standard,1,1
catman_pilot_v1,P013,manipulation,C03,pc_sub,7,human,lost,retain,affirm,continuous,standard,2,1
catman_pilot_v1,P013,manipulation,C03,pc_info,7,human,lost,retain,affirm,continuous,standard,2,1
catman_pilot_v1,P013,manipulation,C03,pc_func,1,human,lost,retain,affirm,continuous,standard,2,1
catman_pilot_v1,P013,manipulation,C03,pc_self,7,human,lost,retain,affirm,continuous,standard,2,1
catman_pilot_v1,P013,manipulation,C03,pc_tran,7,human,lost,retain,affirm,continuous,standard,2,1
catman_pilot_v1,P013,manipulation,C08,pc_sub,7,human,lost,retain,affirm,discontinuous,standard,3,1
catman_pilot_v1,P013,manipulation,C08,pc_info,1,human,lost,retain,affirm,discontinuous,standard,3,1
catman_pilot_v1,P013,manipulation,C08,pc_func,7,human,lost,retain,affirm,discontinuous,standard,3,1
catman_pilot_v1,P013,manipulation,C08,pc_self,7,human,lost,retain,affirm,discontinuous,standard,3,1
catman_pilot_v1,P013,manipulation,C08,pc_tran,1,human,lost,retain,affirm,discontinuous,standard,3,1
catman_pilot_v1,P013,manipulation,C08,k_copy,1,human,lost,retain,affirm,discontinuous,standard,3,1
catman_pilot_v1,P013,manipulation,C08,k_term,1,human,lost,retain,affirm,discontinuous,standard,3,1
catman_pilot_v1,P013,manipulation,C02,pc_sub,1,cat,retain,retain,affirm,continuous,standard,4,1
catman_pilot_v1,P013,manipulation,C02,pc_info,7,cat,retain,retain,affirm,continuous,standard,4,1
catman_pilot_v1,P013,manipulation,C02,pc_func,7,cat,retain,retain,affirm,continuous,standard,4,1
catman_pilot_v1,P013,manipulation,C02,pc_self,7,cat,retain,retain,affirm,continuous,standard,4,1
catman_pilot_v1,P013,manipulation,C02,pc_tran,7,cat,retain,retain,affirm,continuous,standard,4,1
catman_pilot_v1,P013,manipulation,C05,pc_sub,7,human,retain,retain,uncertain,continuous,standard,5,1
catman_pilot_v1,P013,manipulation,C05,pc_info,7,human,retain,retain,uncertain,continuous,standard,5,1
catman_pilot_v1,P013,manipulation,C05,pc_func,7,human,retain,retain,uncertain,continuous,standard,5,1
catman_pilot_v1,P013,manipulation,C05,pc_self,1,human,retain,retain,uncertain,continuous,standard,5,1
catman_pilot_v1,P013,manipulation,C05,pc_tran,7,human,retain,retain,uncertain,continuous,standard,5,1
catman_pilot_v1,P013,manipulation,C01,pc_sub,7,human,retain,retain,affirm,continuous,standard,6,1
catman_pilot_v1,P013,manipulation,C01,pc_info,7,human,retain,retain,affirm,continuous,standard,6,1
catman_pilot_v1,P013,manipulation,C01,pc_func,7,human,retain,retain,affirm,continuous,standard,6,1
catman_pilot_v1,P013,manipulation,C01,pc_self,7,human,retain,retain,affirm,continuous,standard,6,1
catman_pilot_v1,P013,manipulation,C01,pc_tran,7,human,retain,retain,affirm,continuous,standard,6,1
catman_pilot_v1,P013,manipulation,A10,k_copy,1,cat,retain,retain,affirm,parallel,anchor,7,1
catman_pilot_v1,P013,manipulation,A10,k_term,1,cat,retain,retain,affirm,parallel,anchor,7,1
catman_pilot_v1,P013,manipulation,A10,k_coex,7,cat,retain,retain,affirm,parallel,anchor,7,1
catman_pilot_v1,P013,manipulation,A10,pc_sub,1,cat,retain,retain,affirm,parallel,anchor,7,1
catman_pilot_v1,P013,manipulation,A10,pc_info,7,cat,retain,retain,affirm,parallel,anchor,7,1
catman_pilot_v1,P013,manipulation,A10,pc_func,7,cat,retain,retain,affirm,parallel,anchor,7,1
catman_pilot_v1,P013,manipulation,A10,pc_self,7,cat,retain,retain,affirm,parallel,anchor,7,1
catman_pilot_v1,P013,manipulation,A10,pc_tran,1,cat,retain,retain,affirm,parallel,anchor,7,1
catman_pilot_v1,P013,manipulation,C06,pc_sub,7,human,retain,retain,affirm,discontinuous,standard,8,1
catman_pilot_v1,P013,manipulation,C06,pc_info,7,human,retain,retain,affirm,discontinuous,standard,8,1
catman_pilot_v1,P013,manipulation,C06,pc_func,7,human,retain,retain,affirm,discontinuous,standard,8,1
catman_pilot_v1,P013,manipulation,C06,pc_self,7,human,retain,retain,affirm,discontinuous,standard,8,1
catman_pilot_v1,P013,manipulation,C06,pc_tran,1,human,retain,retain,affirm,discontinuous,standard,8,1
catman_pilot_v1,P013,manipulation,C06,k_copy,1,human,retain,retain,affirm,discontinuous,standard,8,1
catman_pilot_v1,P013,manipulation,C06,k_term,1,human,retain,retain,affirm,discontinuous,standard,8,1
catman_pilot_v1,P013,manipulation,C04,pc_sub,7,human,retain,limited,affirm,continuous,standard,9,1
catman_pilot_v1,P013,manipulation,C04,pc_info,7,human,retain,limited,affirm,continuous,standard,9,1
catman_pilot_v1,P013,manipulation,C04,pc_func,1,human,retain,limited,affirm,continuous,standard,9,1
catman_pilot_v1,P013,manipulation,C04,pc_self,7,human,retain,limited,affirm,continuous,standard,9,1
catman_pilot_v1,P013,manipulation,C04,pc_tran,7,human,retain,limited,affirm,continuous,standard,9,1
catman_pilot_v1,P013,manipulation,A09,pc_sub,7,human,retain,retain,deny,continuous,anchor,10,1
catman_pilot_v1,P013,manipulation,A09,pc_info,7,human,retain,retain,deny,continuous,anchor,10,1
catman_pilot_v1,P013,manipulation,A09,pc_func,7,human,retain,retain,deny,continuous,anchor,10,1
catman_pilot_v1,P013,manipulation,A09,pc_self,1,human,retain,retain,deny,continuous,anchor,10,1
catman_pilot_v1,P013,manipulation,A09,pc_tran,7,human,retain,retain,deny,continuous,anchor,10,1
catman_pilot_v1,P087,manipulation,C03,pc_sub,7,human,lost,retain,affirm,continuous,standard,1,1
catman_pilot_v1,P087,manipulation,C03,pc_info,1,human,lost,retain,affirm,continuous,standard,1,1
catman_pilot_v1,P087,manipulation,C03,pc_func,7,human,lost,retain,affirm,continuous,standard,1,1
catman_pilot_v1,P087,manipulation,C03,pc_self,7,human,lost,retain,affirm,continuous,standard,1,1
catman_pilot_v1,P087,manipulation,C03,pc_tran,1,human,lost,retain,affirm,continuous,standard,1,1
catman_pilot_v1,P087,manipulation,C02,pc_sub,1,cat,retain,retain,affirm,continuous,standard,2,1
catman_pilot_v1,P087,manipulation,C02,pc_info,7,cat,retain,retain,affirm,continuous,standard,2,1
catman_pilot_v1,P087,manipulation,C02,pc_func,7,cat,retain,retain,affirm,continuous,standard,2,1
catman_pilot_v1,P087,manipulation,C02,pc_self,7,cat,retain,retain,affirm,continuous,standard,2,1
catman_pilot_v1,P087,manipulation,C02,pc_tran,1,cat,retain,retain,affirm,continuous,standard,2,1
catman_pilot_v1,P087,manipulation,C08,pc_sub,7,human,lost,retain,affirm,discontinuous,standard,3,1
catman_pilot_v1,P087,manipulation,C08,pc_info,1,human,lost,retain,affirm,discontinuous,standard,3,1
catman_pilot_v1,P087,manipulation,C08,pc_func,7,human,lost,retain,affirm,discontinuous,standard,3,1
catman_pilot_v1,P087,manipulation,C08,pc_self,7,human,lost,retain,affirm,discontinuous,standard,3,1
catman_pilot_v1,P087,manipulation,C08,pc_tran,1,human,lost,retain,affirm,discontinuous,standard,3,1
catman_pilot_v1,P087,manipulation,C08,k_copy,7,human,lost,retain,affirm,discontinuous,standard,3,1
catman_pilot_v1,P087,manipulation,C08,k_term,4,human,lost,retain,affirm,discontinuous,standard,3,1
catman_pilot_v1,P087,manipulation,C06,pc_sub,7,human,retain,retain,affirm,discontinuous,standard,4,1
catman_pilot_v1,P087,manipulation,C06,pc_info,7,human,retain,retain,affirm,discontinuous,standard,4,1
catman_pilot_v1,P087,manipulation,C06,pc_func,7,human,retain,retain,affirm,discontinuous,standard,4,1
catman_pilot_v1,P087,manipulation,C06,pc_self,7,human,retain,retain,affirm,discontinuous,standard,4,1
catman_pilot_v1,P087,manipulation,C06,pc_tran,1,human,retain,retain,affirm,discontinuous,standard,4,1
catman_pilot_v1,P087,manipulation,C06,k_copy,7,human,retain,retain,affirm,discontinuous,standard,4,1
catman_pilot_v1,P087,manipulation,C06,k_term,1,human,retain,retain,affirm,discontinuous,standard,4,1
catman_pilot_v1,P087,manipulation,C07,pc_sub,1,cat,retain,retain,affirm,discontinuous,standard,5,1
catman_pilot_v1,P087,manipulation,C07,pc_info,7,cat,retain,retain,affirm,discontinuous,standard,5,1
catman_pilot_v1,P087,manipulation,C07,pc_func,7,cat,retain,retain,affirm,discontinuous,standard,5,1
catman_pilot_v1,P087,manipulation,C07,pc_self,7,cat,retain,retain,affirm,discontinuous,standard,5,1
catman_pilot_v1,P087,manipulation,C07,pc_tran,1,cat,retain,retain,affirm,discontinuous,standard,5,1
catman_pilot_v1,P087,manipulation,C07,k_copy,7,cat,retain,retain,affirm,discontinuous,standard,5,1
catman_pilot_v1,P087,manipulation,C07,k_term,7,cat,retain,retain,affirm,discontinuous,standard,5,1
catman_pilot_v1,P087,manipulation,C05,pc_sub,7,human,retain,retain,uncertain,continuous,standard,6,1
catman_pilot_v1,P087,manipulation,C05,pc_info,7,human,retain,retain,uncertain,continuous,standard,6,1
catman_pilot_v1,P087,manipulation,C05,pc_func,7,human,retain,retain,uncertain,continuous,standard,6,1
catman_pilot_v1,P087,manipulation,C05,pc_self,4,human,retain,retain,uncertain,continuous,standard,6,1
catman_pilot_v1,P087,manipulation,C05,pc_tran,1,human,retain,retain,uncertain,continuous,standard,6,1
catman_pilot_v1,P087,manipulation,A10,k_copy,7,cat,retain,retain,affirm,parallel,anchor,7,1
catman_pilot_v1,P087,manipulation,A10,k_term,1,cat,retain,retain,affirm,parallel,anchor,7,1
catman_pilot_v1,P087,manipulation,A10,k_coex,7,cat,retain,retain,affirm,parallel,anchor,7,1
catman_pilot_v1,P087,manipulation,A10,pc_sub,1,cat,retain,retain,affirm,parallel,anchor,7,1
catman_pilot_v1,P087,manipulation,A10,pc_info,7,cat,retain,retain,affirm,parallel,anchor,7,1
catman_pilot_v1,P087,manipulation,A10,pc_func,7,cat,retain,retain,affirm,parallel,anchor,7,1
catman_pilot_v1,P087,manipulation,A10,pc_self,7,cat,retain,retain,affirm,parallel,anchor,7,1
catman_pilot_v1,P087,manipulation,A10,pc_tran,7,cat,retain,retain,affirm,parallel,anchor,7,1
catman_pilot_v1,P087,manipulation,A09,pc_sub,7,human,retain,retain,deny,continuous,anchor,8,1
catman_pilot_v1,P087,manipulation,A09,pc_info,7,human,retain,retain,deny,continuous,anchor,8,1
catman_pilot_v1,P087,manipulation,A09,pc_func,7,human,retain,retain,deny,continuous,anchor,8,1
catman_pilot_v1,P087,manipulation,A09,pc_self,1,human,retain,retain,deny,continuous,anchor,8,1
catman_pilot_v1,P087,manipulation,A09,pc_tran,7,human,retain,retain,deny,continuous,anchor,8,1
catman_pilot_v1,P087,manipulation,C04,pc_sub,7,human,retain,limited,affirm,continuous,standard,9,1
catman_pilot_v1,P087,manipulation,C04,pc_info,7,human,retain,limited,affirm,continuous,standard,9,1
catman_pilot_v1,P087,manipulation,C04,pc_func,1,human,retain,limited,affirm,continuous,standard,9,1
catman_pilot_v1,P087,manipulation,C04,pc_self,7,human,retain,limited,affirm,continuous,standard,9,1
catman_pilot_v1,P087,manipulation,C04,pc_tran,7,human,retain,limited,affirm,continuous,standard,9,1
catman_pilot_v1,P087,manipulation,C01,pc_sub,7,human,retain,retain,affirm,continuous,standard,10,1
catman_pilot_v1,P087,manipulation,C01,pc_info,7,human,retain,retain,affirm,continuous,standard,10,1
catman_pilot_v1,P087,manipulation,C01,pc_func,7,human,retain,retain,affirm,continuous,standard,10,1
catman_pilot_v1,P087,manipulation,C01,pc_self,7,human,retain,retain,affirm,continuous,standard,10,1
catman_pilot_v1,P087,manipulation,C01,pc_tran,7,human,retain,retain,affirm,continuous,standard,10,1
catman_pilot_v1,P045,manipulation,C07,pc_sub,7,cat,retain,retain,affirm,discontinuous,standard,1,1
catman_pilot_v1,P045,manipulation,C07,pc_info,7,cat,retain,retain,affirm,discontinuous,standard,1,1
catman_pilot_v1,P045,manipulation,C07,pc_func,7,cat,retain,retain,affirm,discontinuous,standard,1,1
catman_pilot_v1,P045,manipulation,C07,pc_self,7,cat,retain,retain,affirm,discontinuous,standard,1,1
catman_pilot_v1,P045,manipulation,C07,pc_tran,1,cat,retain,retain,affirm,discontinuous,standard,1,1
catman_pilot_v1,P045,manipulation,C07,k_copy,7,cat,retain,retain,affirm,discontinuous,standard,1,1
catman_pilot_v1,P045,manipulation,C07,k_term,7,cat,retain,retain,affirm,discontinuous,standard,1,1
catman_pilot_v1,P045,manipulation,C03,pc_sub,7,human,lost,retain,affirm,continuous,standard,2,1
catman_pilot_v1,P045,manipulation,C03,pc_info,1,human,lost,retain,affirm,continuous,standard,2,1
catman_pilot_v1,P045,manipulation,C03,pc_func,7,human,lost,retain,affirm,continuous,standard,2,1
catman_pilot_v1,P045,manipulation,C03,pc_self,7,human,lost,retain,affirm,continuous,standard,2,1
catman_pilot_v1,P045,manipulation,C03,pc_tran,7,human,lost,retain,affirm,continuous,standard,2,1
catman_pilot_v1,P045,manipulation,C05,pc_sub,7,human,retain,retain,uncertain,continuous,standard,3,1
catman_pilot_v1,P045,manipulation,C05,pc_info,7,human,retain,retain,uncertain,continuous,standard,3,1
catman_pilot_v1,P045,manipulation,C05,pc_func,7,human,retain,retain,uncertain,continuous,standard,3,1
catman_pilot_v1,P045,manipulation,C05,pc_self,4,human,retain,retain,uncertain,continuous,standard,3,1
catman_pilot_v1,P045,manipulation,C05,pc_tran,7,human,retain,retain,uncertain,continuous,standard,3,1
catman_pilot_v1,P045,manipulation,C06,pc_sub,7,human,retain,retain,affirm,discontinuous,standard,4,1
catman_pilot_v1,P045,manipulation,C06,pc_info,7,human,retain,retain,affirm,discontinuous,standard,4,1
catman_pilot_v1,P045,manipulation,C06,pc_func,7,human,retain,retain,affirm,discontinuous,standard,4,1
catman_pilot_v1,P045,manipulation,C06,pc_self,7,human,retain,retain,affirm,discontinuous,standard,4,1
catman_pilot_v1,P045,manipulation,C06,pc_tran,1,human,retain,retain,affirm,discontinuous,standard,4,1
catman_pilot_v1,P045,manipulation,C06,k_copy,7,human,retain,retain,affirm,discontinuous,standard,4,1
catman_pilot_v1,P045,manipulation,C06,k_term,7,human,retain,retain,affirm,discontinuous,standard,4,1
catman_pilot_v1,P045,manipulation,C02,pc_sub,7,cat,retain,retain,affirm,continuous,standard,5,1
catman_pilot_v1,P045,manipulation,C02,pc_info,7,cat,retain,retain,affirm,continuous,standard,5,1
catman_pilot_v1,P045,manipulation,C02,pc_func,7,cat,retain,retain,affirm,continuous,standard,5,1
catman_pilot_v1,P045,manipulation,C02,pc_self,7,cat,retain,retain,affirm,continuous,standard,5,1
catman_pilot_v1,P045,manipulation,C02,pc_tran,7,cat,retain,retain,affirm,continuous,standard,5,1
catman_pilot_v1,P045,manipulation,C08,pc_sub,7,human,lost,retain,affirm,discontinuous,standard,6,1
catman_pilot_v1,P045,manipulation,C08,pc_info,1,human,lost,retain,affirm,discontinuous,standard,6,1
catman_pilot_v1,P045,manipulation,C08,pc_func,7,human,lost,retain,affirm,discontinuous,standard,6,1
catman_pilot_v1,P045,manipulation,C08,pc_self,7,human,lost,retain,affirm,discontinuous,standard,6,1
catman_pilot_v1,P045,manipulation,C08,pc_tran,1,human,lost,retain,affirm,discontinuous,standard,6,1
catman_pilot_v1,P045,manipulation,C08,k_copy,7,human,lost,retain,affirm,discontinuous,standard,6,1
catman_pilot_v1,P045,manipulation,C08,k_term,7,human,lost,retain,affirm,discontinuous,standard,6,1
catman_pilot_v1,P045,manipulation,A09,pc_sub,7,human,retain,retain,deny,continuous,anchor,7,1
catman_pilot_v1,P045,manipulation,A09,pc_info,7,human,retain,retain,deny,continuous,anchor,7,1
catman_pilot_v1,P045,manipulation,A09,pc_func,7,human,retain,retain,deny,continuous,anchor,7,1
catman_pilot_v1,P045,manipulation,A09,pc_self,1,human,retain,retain,deny,continuous,anchor,7,1
catman_pilot_v1,P045,manipulation,A09,pc_tran,7,human,retain,retain,deny,continuous,anchor,7,1
catman_pilot_v1,P045,manipulation,C04,pc_sub,7,human,retain,limited,affirm,continuous,standard,8,1
catman_pilot_v1,P045,manipulation,C04,pc_info,7,human,retain,limited,affirm,continuous,standard,8,1
catman_pilot_v1,P045,manipulation,C04,pc_func,1,human,retain,limited,affirm,continuous,standard,8,1
catman_pilot_v1,P045,manipulation,C04,pc_self,7,human,retain,limited,affirm,continuous,standard,8,1
catman_pilot_v1,P045,manipulation,C04,pc_tran,7,human,retain,limited,affirm,continuous,standard,8,1
catman_pilot_v1,P045,manipulation,A10,k_copy,7,cat,retain,retain,affirm,parallel,anchor,9,1
catman_pilot_v1,P045,manipulation,A10,k_term,1,cat,retain,retain,affirm,parallel,anchor,9,1
catman_pilot_v1,P045,manipulation,A10,k_coex,7,cat,retain,retain,affirm,parallel,anchor,9,1
catman_pilot_v1,P045,manipulation,A10,pc_sub,1,cat,retain,retain,affirm,parallel,anchor,9,1
catman_pilot_v1,P045,manipulation,A10,pc_info,7,cat,retain,retain,affirm,parallel,anchor,9,1
catman_pilot_v1,P045,manipulation,A10,pc_func,7,cat,retain,retain,affirm,parallel,anchor,9,1
catman_pilot_v1,P045,manipulation,A10,pc_self,7,cat,retain,retain,affirm,parallel,anchor,9,1
catman_pilot_v1,P045,manipulation,A10,pc_tran,1,cat,retain,retain,affirm,parallel,anchor,9,1
catman_pilot_v1,P045,manipulation,C01,pc_sub,7,human,retain,retain,affirm,continuous,standard,10,1
catman_pilot_v1,P045,manipulation,C01,pc_info,7,human,retain,retain,affirm,continuous,standard,10,1
catman_pilot_v1,P045,manipulation,C01,pc_func,7,human,retain,retain,affirm,continuous,standard,10,1
catman_pilot_v1,P045,manipulation,C01,pc_self,7,human,retain,retain,affirm,continuous,standard,10,1
catman_pilot_v1,P045,manipulation,C01,pc_tran,7,human,retain,retain,affirm,continuous,standard,10,1
catman_pilot_v1,P047,manipulation,C01,pc_sub,7,human,retain,retain,affirm,continuous,standard,1,1
catman_pilot_v1,P047,manipulation,C01,pc_info,7,human,retain,retain,affirm,continuous,standard,1,1
catman_pilot_v1,P047,manipulation,C01,pc_func,7,human,retain,retain,affirm,continuous,standard,1,1
catman_pilot_v1,P047,manipulation,C01,pc_self,4,human,retain,retain,affirm,continuous,standard,1,1
catman_pilot_v1,P047,manipulation,C01,pc_tran,2,human,retain,retain,affirm,continuous,standard,1,1
catman_pilot_v1,P047,manipulation,C07,pc_sub,1,cat,retain,retain,affirm,discontinuous,standard,2,1
catman_pilot_v1,P047,manipulation,C07,pc_info,7,cat,retain,retain,affirm,discontinuous,standard,2,1
catman_pilot_v1,P047,manipulation,C07,pc_func,7,cat,retain,retain,affirm,discontinuous,standard,2,1
catman_pilot_v1,P047,manipulation,C07,pc_self,5,cat,retain,retain,affirm,discontinuous,standard,2,1
catman_pilot_v1,P047,manipulation,C07,pc_tran,7,cat,retain,retain,affirm,discontinuous,standard,2,1
catman_pilot_v1,P047,manipulation,C07,k_copy,6,cat,retain,retain,affirm,discontinuous,standard,2,1
catman_pilot_v1,P047,manipulation,C07,k_term,6,cat,retain,retain,affirm,discontinuous,standard,2,1
catman_pilot_v1,P047,manipulation,C02,pc_sub,1,cat,retain,retain,affirm,continuous,standard,3,1
catman_pilot_v1,P047,manipulation,C02,pc_info,7,cat,retain,retain,affirm,continuous,standard,3,1
catman_pilot_v1,P047,manipulation,C02,pc_func,6,cat,retain,retain,affirm,continuous,standard,3,1
catman_pilot_v1,P047,manipulation,C02,pc_self,5,cat,retain,retain,affirm,continuous,standard,3,1
catman_pilot_v1,P047,manipulation,C02,pc_tran,1,cat,retain,retain,affirm,continuous,standard,3,1
catman_pilot_v1,P047,manipulation,C05,pc_sub,7,human,retain,retain,uncertain,continuous,standard,4,1
catman_pilot_v1,P047,manipulation,C05,pc_info,7,human,retain,retain,uncertain,continuous,standard,4,1
catman_pilot_v1,P047,manipulation,C05,pc_func,7,human,retain,retain,uncertain,continuous,standard,4,1
catman_pilot_v1,P047,manipulation,C05,pc_self,2,human,retain,retain,uncertain,continuous,standard,4,1
catman_pilot_v1,P047,manipulation,C05,pc_tran,1,human,retain,retain,uncertain,continuous,standard,4,1
catman_pilot_v1,P047,manipulation,A09,pc_sub,7,human,retain,retain,deny,continuous,anchor,5,1
catman_pilot_v1,P047,manipulation,A09,pc_info,7,human,retain,retain,deny,continuous,anchor,5,1
catman_pilot_v1,P047,manipulation,A09,pc_func,7,human,retain,retain,deny,continuous,anchor,5,1
catman_pilot_v1,P047,manipulation,A09,pc_self,1,human,retain,retain,deny,continuous,anchor,5,1
catman_pilot_v1,P047,manipulation,A09,pc_tran,1,human,retain,retain,deny,continuous,anchor,5,1
catman_pilot_v1,P047,manipulation,C03,pc_sub,7,human,lost,retain,affirm,continuous,standard,6,1
catman_pilot_v1,P047,manipulation,C03,pc_info,1,human,lost,retain,affirm,continuous,standard,6,1
catman_pilot_v1,P047,manipulation,C03,pc_func,1,human,lost,retain,affirm,continuous,standard,6,1
catman_pilot_v1,P047,manipulation,C03,pc_self,1,human,lost,retain,affirm,continuous,standard,6,1
catman_pilot_v1,P047,manipulation,C03,pc_tran,1,human,lost,retain,affirm,continuous,standard,6,1
catman_pilot_v1,P047,manipulation,A10,k_copy,6,cat,retain,retain,affirm,parallel,anchor,7,1
catman_pilot_v1,P047,manipulation,A10,k_term,2,cat,retain,retain,affirm,parallel,anchor,7,1
catman_pilot_v1,P047,manipulation,A10,k_coex,7,cat,retain,retain,affirm,parallel,anchor,7,1
catman_pilot_v1,P047,manipulation,A10,pc_sub,1,cat,retain,retain,affirm,parallel,anchor,7,1
catman_pilot_v1,P047,manipulation,A10,pc_info,7,cat,retain,retain,affirm,parallel,anchor,7,1
catman_pilot_v1,P047,manipulation,A10,pc_func,6,cat,retain,retain,affirm,parallel,anchor,7,1
catman_pilot_v1,P047,manipulation,A10,pc_self,4,cat,retain,retain,affirm,parallel,anchor,7,1
catman_pilot_v1,P047,manipulation,A10,pc_tran,5,cat,retain,retain,affirm,parallel,anchor,7,1
catman_pilot_v1,P047,manipulation,C08,pc_sub,7,human,lost,retain,affirm,discontinuous,standard,8,1
catman_pilot_v1,P047,manipulation,C08,pc_info,1,human,lost,retain,affirm,discontinuous,standard,8,1
catman_pilot_v1,P047,manipulation,C08,pc_func,2,human,lost,retain,affirm,discontinuous,standard,8,1
catman_pilot_v1,P047,manipulation,C08,pc_self,5,human,lost,retain,affirm,discontinuous,standard,8,1
catman_pilot_v1,P047,manipulation,C08,pc_tran,7,human,lost,retain,affirm,discontinuous,standard,8,1
catman_pilot_v1,P047,manipulation,C08,k_copy,6,human,lost,retain,affirm,discontinuous,standard,8,1
catman_pilot_v1,P047,manipulation,C08,k_term,3,human,lost,retain,affirm,discontinuous,standard,8,1
catman_pilot_v1,P047,manipulation,C06,pc_sub,7,human,retain,retain,affirm,discontinuous,standard,9,1
catman_pilot_v1,P047,manipulation,C06,pc_info,7,human,retain,retain,affirm,discontinuous,standard,9,1
catman_pilot_v1,P047,manipulation,C06,pc_func,7,human,retain,retain,affirm,discontinuous,standard,9,1
catman_pilot_v1,P047,manipulation,C06,pc_self,7,human,retain,retain,affirm,discontinuous,standard,9,1
catman_pilot_v1,P047,manipulation,C06,pc_tran,7,human,retain,retain,affirm,discontinuous,standard,9,1
catman_pilot_v1,P047,manipulation,C06,k_copy,3,human,retain,retain,affirm,discontinuous,standard,9,1
catman_pilot_v1,P047,manipulation,C06,k_term,3,human,retain,retain,affirm,discontinuous,standard,9,1
catman_pilot_v1,P047,manipulation,C04,pc_sub,7,human,retain,limited,affirm,continuous,standard,10,1
catman_pilot_v1,P047,manipulation,C04,pc_info,7,human,retain,limited,affirm,continuous,standard,10,1
catman_pilot_v1,P047,manipulation,C04,pc_func,7,human,retain,limited,affirm,continuous,standard,10,1
catman_pilot_v1,P047,manipulation,C04,pc_self,7,human,retain,limited,affirm,continuous,standard,10,1
catman_pilot_v1,P047,manipulation,C04,pc_tran,1,human,retain,limited,affirm,continuous,standard,10,1
catman_pilot_v1,P090,manipulation,C06,pc_sub,7,human,retain,retain,affirm,discontinuous,standard,1,1
catman_pilot_v1,P090,manipulation,C06,pc_info,7,human,retain,retain,affirm,discontinuous,standard,1,1
catman_pilot_v1,P090,manipulation,C06,pc_func,7,human,retain,retain,affirm,discontinuous,standard,1,1
catman_pilot_v1,P090,manipulation,C06,pc_self,7,human,retain,retain,affirm,discontinuous,standard,1,1
catman_pilot_v1,P090,manipulation,C06,pc_tran,1,human,retain,retain,affirm,discontinuous,standard,1,1
catman_pilot_v1,P090,manipulation,C06,k_copy,4,human,retain,retain,affirm,discontinuous,standard,1,1
catman_pilot_v1,P090,manipulation,C06,k_term,4,human,retain,retain,affirm,discontinuous,standard,1,1
catman_pilot_v1,P090,manipulation,C07,pc_sub,1,cat,retain,retain,affirm,discontinuous,standard,2,1
catman_pilot_v1,P090,manipulation,C07,pc_info,7,cat,retain,retain,affirm,discontinuous,standard,2,1
catman_pilot_v1,P090,manipulation,C07,pc_func,5,cat,retain,retain,affirm,discontinuous,standard,2,1
catman_pilot_v1,P090,manipulation,C07,pc_self,6,cat,retain,retain,affirm,discontinuous,standard,2,1
catman_pilot_v1,P090,manipulation,C07,pc_tran,1,cat,retain,retain,affirm,discontinuous,standard,2,1
catman_pilot_v1,P090,manipulation,C07,k_copy,4,cat,retain,retain,affirm,discontinuous,standard,2,1
catman_pilot_v1,P090,manipulation,C07,k_term,4,cat,retain,retain,affirm,discontinuous,standard,2,1
catman_pilot_v1,P090,manipulation,C03,pc_sub,7,human,lost,retain,affirm,continuous,standard,3,1
catman_pilot_v1,P090,manipulation,C03,pc_info,1,human,lost,retain,affirm,continuous,standard,3,1
catman_pilot_v1,P090,manipulation,C03,pc_func,5,human,lost,retain,affirm,continuous,standard,3,1
catman_pilot_v1,P090,manipulation,C03,pc_self,7,human,lost,retain,affirm,continuous,standard,3,1
catman_pilot_v1,P090,manipulation,C03,pc_tran,7,human,lost,retain,affirm,continuous,standard,3,1
catman_pilot_v1,P090,manipulation,C02,pc_sub,1,cat,retain,retain,affirm,continuous,standard,4,1
catman_pilot_v1,P090,manipulation,C02,pc_info,7,cat,retain,retain,affirm,continuous,standard,4,1
catman_pilot_v1,P090,manipulation,C02,pc_func,5,cat,retain,retain,affirm,continuous,standard,4,1
catman_pilot_v1,P090,manipulation,C02,pc_self,6,cat,retain,retain,affirm,continuous,standard,4,1
catman_pilot_v1,P090,manipulation,C02,pc_tran,7,cat,retain,retain,affirm,continuous,standard,4,1
catman_pilot_v1,P090,manipulation,C05,pc_sub,7,human,retain,retain,uncertain,continuous,standard,5,1
catman_pilot_v1,P090,manipulation,C05,pc_info,7,human,retain,retain,uncertain,continuous,standard,5,1
catman_pilot_v1,P090,manipulation,C05,pc_func,7,human,retain,retain,uncertain,continuous,standard,5,1
catman_pilot_v1,P090,manipulation,C05,pc_self,2,human,retain,retain,uncertain,continuous,standard,5,1
catman_pilot_v1,P090,manipulation,C05,pc_tran,7,human,retain,retain,uncertain,continuous,standard,5,1
catman_pilot_v1,P090,manipulation,C04,pc_sub,7,human,retain,limited,affirm,continuous,standard,6,1
catman_pilot_v1,P090,manipulation,C04,pc_info,7,human,retain,limited,affirm,continuous,standard,6,1
catman_pilot_v1,P090,manipulation,C04,pc_func,1,human,retain,limited,affirm,continuous,standard,6,1
catman_pilot_v1,P090,manipulation,C04,pc_self,7,human,retain,limited,affirm,continuous,standard,6,1
catman_pilot_v1,P090,manipulation,C04,pc_tran,7,human,retain,limited,affirm,continuous,standard,6,1
catman_pilot_v1,P090,manipulation,A09,pc_sub,7,human,retain,retain,deny,continuous,anchor,7,1
catman_pilot_v1,P090,manipulation,A09,pc_info,7,human,retain,retain,deny,continuous,anchor,7,1
catman_pilot_v1,P090,manipulation,A09,pc_func,7,human,retain,retain,deny,continuous,anchor,7,1
catman_pilot_v1,P090,manipulation,A09,pc_self,1,human,retain,retain,deny,continuous,anchor,7,1
catman_pilot_v1,P090,manipulation,A09,pc_tran,7,human,retain,retain,deny,continuous,anchor,7,1
catman_pilot_v1,P090,manipulation,C08,pc_sub,7,human,lost,retain,affirm,discontinuous,standard,8,1
catman_pilot_v1,P090,manipulation,C08,pc_info,1,human,lost,retain,affirm,discontinuous,standard,8,1
catman_pilot_v1,P090,manipulation,C08,pc_func,7,human,lost,retain,affirm,discontinuous,standard,8,1
catman_pilot_v1,P090,manipulation,C08,pc_self,7,human,lost,retain,affirm,discontinuous,standard,8,1
catman_pilot_v1,P090,manipulation,C08,pc_tran,1,human,lost,retain,affirm,discontinuous,standard,8,1
catman_pilot_v1,P090,manipulation,C08,k_copy,4,human,lost,retain,affirm,discontinuous,standard,8,1
catman_pilot_v1,P090,manipulation,C08,k_term,4,human,lost,retain,affirm,discontinuous,standard,8,1
catman_pilot_v1,P090,manipulation,A10,k_copy,1,cat,retain,retain,affirm,parallel,anchor,9,1
catman_pilot_v1,P090,manipulation,A10,k_term,1,cat,retain,retain,affirm,parallel,anchor,9,1
catman_pilot_v1,P090,manipulation,A10,k_coex,7,cat,retain,retain,affirm,parallel,anchor,9,1
catman_pilot_v1,P090,manipulation,A10,pc_sub,1,cat,retain,retain,affirm,parallel,anchor,9,1
catman_pilot_v1,P090,manipulation,A10,pc_info,7,cat,retain,retain,affirm,parallel,anchor,9,1
catman_pilot_v1,P090,manipulation,A10,pc_func,5,cat,retain,retain,affirm,parallel,anchor,9,1
catman_pilot_v1,P090,manipulation,A10,pc_self,7,cat,retain,retain,affirm,parallel,anchor,9,1
catman_pilot_v1,P090,manipulation,A10,pc_tran,1,cat,retain,retain,affirm,parallel,anchor,9,1
catman_pilot_v1,P090,manipulation,C01,pc_sub,7,human,retain,retain,affirm,continuous,standard,10,1
catman_pilot_v1,P090,manipulation,C01,pc_info,7,human,retain,retain,affirm,continuous,standard,10,1
catman_pilot_v1,P090,manipulation,C01,pc_func,7,human,retain,retain,affirm,continuous,standard,10,1
catman_pilot_v1,P090,manipulation,C01,pc_self,7,human,retain,retain,affirm,continuous,standard,10,1
catman_pilot_v1,P090,manipulation,C01,pc_tran,7,human,retain,retain,affirm,continuous,standard,10,1
catman_pilot_v1,P077,manipulation,C03,pc_sub,1,human,lost,retain,affirm,continuous,standard,1,1
catman_pilot_v1,P077,manipulation,C03,pc_info,1,human,lost,retain,affirm,continuous,standard,1,1
catman_pilot_v1,P077,manipulation,C03,pc_func,7,human,lost,retain,affirm,continuous,standard,1,1
catman_pilot_v1,P077,manipulation,C03,pc_self,5,human,lost,retain,affirm,continuous,standard,1,1
catman_pilot_v1,P077,manipulation,C03,pc_tran,7,human,lost,retain,affirm,continuous,standard,1,1
catman_pilot_v1,P077,manipulation,C04,pc_sub,7,human,retain,limited,affirm,continuous,standard,2,1
catman_pilot_v1,P077,manipulation,C04,pc_info,7,human,retain,limited,affirm,continuous,standard,2,1
catman_pilot_v1,P077,manipulation,C04,pc_func,1,human,retain,limited,affirm,continuous,standard,2,1
catman_pilot_v1,P077,manipulation,C04,pc_self,6,human,retain,limited,affirm,continuous,standard,2,1
catman_pilot_v1,P077,manipulation,C04,pc_tran,7,human,retain,limited,affirm,continuous,standard,2,1
catman_pilot_v1,P077,manipulation,C07,pc_sub,1,cat,retain,retain,affirm,discontinuous,standard,3,1
catman_pilot_v1,P077,manipulation,C07,pc_info,7,cat,retain,retain,affirm,discontinuous,standard,3,1
catman_pilot_v1,P077,manipulation,C07,pc_func,7,cat,retain,retain,affirm,discontinuous,standard,3,1
catman_pilot_v1,P077,manipulation,C07,pc_self,5,cat,retain,retain,affirm,discontinuous,standard,3,1
catman_pilot_v1,P077,manipulation,C07,pc_tran,1,cat,retain,retain,affirm,discontinuous,standard,3,1
catman_pilot_v1,P077,manipulation,C07,k_copy,5,cat,retain,retain,affirm,discontinuous,standard,3,1
catman_pilot_v1,P077,manipulation,C07,k_term,5,cat,retain,retain,affirm,discontinuous,standard,3,1
catman_pilot_v1,P077,manipulation,C06,pc_sub,7,human,retain,retain,affirm,discontinuous,standard,4,1
catman_pilot_v1,P077,manipulation,C06,pc_info,7,human,retain,retain,affirm,discontinuous,standard,4,1
catman_pilot_v1,P077,manipulation,C06,pc_func,7,human,retain,retain,affirm,discontinuous,standard,4,1
catman_pilot_v1,P077,manipulation,C06,pc_self,7,human,retain,retain,affirm,discontinuous,standard,4,1
catman_pilot_v1,P077,manipulation,C06,pc_tran,1,human,retain,retain,affirm,discontinuous,standard,4,1
catman_pilot_v1,P077,manipulation,C06,k_copy,4,human,retain,retain,affirm,discontinuous,standard,4,1
catman_pilot_v1,P077,manipulation,C06,k_term,5,human,retain,retain,affirm,discontinuous,standard,4,1
catman_pilot_v1,P077,manipulation,C01,pc_sub,7,human,retain,retain,affirm,continuous,standard,5,1
catman_pilot_v1,P077,manipulation,C01,pc_info,7,human,retain,retain,affirm,continuous,standard,5,1
catman_pilot_v1,P077,manipulation,C01,pc_func,7,human,retain,retain,affirm,continuous,standard,5,1
catman_pilot_v1,P077,manipulation,C01,pc_self,7,human,retain,retain,affirm,continuous,standard,5,1
catman_pilot_v1,P077,manipulation,C01,pc_tran,7,human,retain,retain,affirm,continuous,standard,5,1
catman_pilot_v1,P077,manipulation,A10,k_copy,5,cat,retain,retain,affirm,parallel,anchor,6,1
catman_pilot_v1,P077,manipulation,A10,k_term,5,cat,retain,retain,affirm,parallel,anchor,6,1
catman_pilot_v1,P077,manipulation,A10,k_coex,6,cat,retain,retain,affirm,parallel,anchor,6,1
catman_pilot_v1,P077,manipulation,A10,pc_sub,7,cat,retain,retain,affirm,parallel,anchor,6,1
catman_pilot_v1,P077,manipulation,A10,pc_info,7,cat,retain,retain,affirm,parallel,anchor,6,1
catman_pilot_v1,P077,manipulation,A10,pc_func,7,cat,retain,retain,affirm,parallel,anchor,6,1
catman_pilot_v1,P077,manipulation,A10,pc_self,7,cat,retain,retain,affirm,parallel,anchor,6,1
catman_pilot_v1,P077,manipulation,A10,pc_tran,5,cat,retain,retain,affirm,parallel,anchor,6,1
catman_pilot_v1,P077,manipulation,A09,pc_sub,7,human,retain,retain,deny,continuous,anchor,7,1
catman_pilot_v1,P077,manipulation,A09,pc_info,7,human,retain,retain,deny,continuous,anchor,7,1
catman_pilot_v1,P077,manipulation,A09,pc_func,7,human,retain,retain,deny,continuous,anchor,7,1
catman_pilot_v1,P077,manipulation,A09,pc_self,6,human,retain,retain,deny,continuous,anchor,7,1
catman_pilot_v1,P077,manipulation,A09,pc_tran,5,human,retain,retain,deny,continuous,anchor,7,1
catman_pilot_v1,P077,manipulation,C08,pc_sub,7,human,lost,retain,affirm,discontinuous,standard,8,1
catman_pilot_v1,P077,manipulation,C08,pc_info,1,human,lost,retain,affirm,discontinuous,standard,8,1
catman_pilot_v1,P077,manipulation,C08,pc_func,7,human,lost,retain,affirm,discontinuous,standard,8,1
catman_pilot_v1,P077,manipulation,C08,pc_self,4,human,lost,retain,affirm,discontinuous,standard,8,1
catman_pilot_v1,P077,manipulation,C08,pc_tran,1,human,lost,retain,affirm,discontinuous,standard,8,1
catman_pilot_v1,P077,manipulation,C08,k_copy,3,human,lost,retain,affirm,discontinuous,standard,8,1
catman_pilot_v1,P077,manipulation,C08,k_term,6,human,lost,retain,affirm,discontinuous,standard,8,1
catman_pilot_v1,P077,manipulation,C05,pc_sub,7,human,retain,retain,uncertain,continuous,standard,9,1
catman_pilot_v1,P077,manipulation,C05,pc_info,7,human,retain,retain,uncertain,continuous,standard,9,1
catman_pilot_v1,P077,manipulation,C05,pc_func,7,human,retain,retain,uncertain,continuous,standard,9,1
catman_pilot_v1,P077,manipulation,C05,pc_self,1,human,retain,retain,uncertain,continuous,standard,9,1
catman_pilot_v1,P077,manipulation,C05,pc_tran,7,human,retain,retain,uncertain,continuous,standard,9,1
catman_pilot_v1,P077,manipulation,C02,pc_sub,1,cat,retain,retain,affirm,continuous,standard,10,1
catman_pilot_v1,P077,manipulation,C02,pc_info,7,cat,retain,retain,affirm,continuous,standard,10,1
catman_pilot_v1,P077,manipulation,C02,pc_func,7,cat,retain,retain,affirm,continuous,standard,10,1
catman_pilot_v1,P077,manipulation,C02,pc_self,3,cat,retain,retain,affirm,continuous,standard,10,1
catman_pilot_v1,P077,manipulation,C02,pc_tran,7,cat,retain,retain,affirm,continuous,standard,10,1
catman_pilot_v1,P044,manipulation,C02,pc_sub,1,cat,retain,retain,affirm,continuous,standard,1,1
catman_pilot_v1,P044,manipulation,C02,pc_info,6,cat,retain,retain,affirm,continuous,standard,1,1
catman_pilot_v1,P044,manipulation,C02,pc_func,6,cat,retain,retain,affirm,continuous,standard,1,1
catman_pilot_v1,P044,manipulation,C02,pc_self,6,cat,retain,retain,affirm,continuous,standard,1,1
catman_pilot_v1,P044,manipulation,C02,pc_tran,5,cat,retain,retain,affirm,continuous,standard,1,1
catman_pilot_v1,P044,manipulation,C04,pc_sub,7,human,retain,limited,affirm,continuous,standard,2,1
catman_pilot_v1,P044,manipulation,C04,pc_info,7,human,retain,limited,affirm,continuous,standard,2,1
catman_pilot_v1,P044,manipulation,C04,pc_func,2,human,retain,limited,affirm,continuous,standard,2,1
catman_pilot_v1,P044,manipulation,C04,pc_self,4,human,retain,limited,affirm,continuous,standard,2,1
catman_pilot_v1,P044,manipulation,C04,pc_tran,4,human,retain,limited,affirm,continuous,standard,2,1
catman_pilot_v1,P044,manipulation,C06,pc_sub,7,human,retain,retain,affirm,discontinuous,standard,3,1
catman_pilot_v1,P044,manipulation,C06,pc_info,7,human,retain,retain,affirm,discontinuous,standard,3,1
catman_pilot_v1,P044,manipulation,C06,pc_func,7,human,retain,retain,affirm,discontinuous,standard,3,1
catman_pilot_v1,P044,manipulation,C06,pc_self,3,human,retain,retain,affirm,discontinuous,standard,3,1
catman_pilot_v1,P044,manipulation,C06,pc_tran,3,human,retain,retain,affirm,discontinuous,standard,3,1
catman_pilot_v1,P044,manipulation,C06,k_copy,6,human,retain,retain,affirm,discontinuous,standard,3,1
catman_pilot_v1,P044,manipulation,C06,k_term,6,human,retain,retain,affirm,discontinuous,standard,3,1
catman_pilot_v1,P044,manipulation,C07,pc_sub,1,cat,retain,retain,affirm,discontinuous,standard,4,1
catman_pilot_v1,P044,manipulation,C07,pc_info,7,cat,retain,retain,affirm,discontinuous,standard,4,1
catman_pilot_v1,P044,manipulation,C07,pc_func,7,cat,retain,retain,affirm,discontinuous,standard,4,1
catman_pilot_v1,P044,manipulation,C07,pc_self,2,cat,retain,retain,affirm,discontinuous,standard,4,1
catman_pilot_v1,P044,manipulation,C07,pc_tran,2,cat,retain,retain,affirm,discontinuous,standard,4,1
catman_pilot_v1,P044,manipulation,C07,k_copy,6,cat,retain,retain,affirm,discontinuous,standard,4,1
catman_pilot_v1,P044,manipulation,C07,k_term,6,cat,retain,retain,affirm,discontinuous,standard,4,1
catman_pilot_v1,P044,manipulation,A10,k_copy,6,cat,retain,retain,affirm,parallel,anchor,5,1
catman_pilot_v1,P044,manipulation,A10,k_term,2,cat,retain,retain,affirm,parallel,anchor,5,1
catman_pilot_v1,P044,manipulation,A10,k_coex,6,cat,retain,retain,affirm,parallel,anchor,5,1
catman_pilot_v1,P044,manipulation,A10,pc_sub,4,cat,retain,retain,affirm,parallel,anchor,5,1
catman_pilot_v1,P044,manipulation,A10,pc_info,7,cat,retain,retain,affirm,parallel,anchor,5,1
catman_pilot_v1,P044,manipulation,A10,pc_func,7,cat,retain,retain,affirm,parallel,anchor,5,1
catman_pilot_v1,P044,manipulation,A10,pc_self,2,cat,retain,retain,affirm,parallel,anchor,5,1
catman_pilot_v1,P044,manipulation,A10,pc_tran,4,cat,retain,retain,affirm,parallel,anchor,5,1
catman_pilot_v1,P044,manipulation,A09,pc_sub,7,human,retain,retain,deny,continuous,anchor,6,1
catman_pilot_v1,P044,manipulation,A09,pc_info,3,human,retain,retain,deny,continuous,anchor,6,1
catman_pilot_v1,P044,manipulation,A09,pc_func,3,human,retain,retain,deny,continuous,anchor,6,1
catman_pilot_v1,P044,manipulation,A09,pc_self,3,human,retain,retain,deny,continuous,anchor,6,1
catman_pilot_v1,P044,manipulation,A09,pc_tran,3,human,retain,retain,deny,continuous,anchor,6,1
catman_pilot_v1,P044,manipulation,C03,pc_sub,7,human,lost,retain,affirm,continuous,standard,7,1
catman_pilot_v1,P044,manipulation,C03,pc_info,1,human,lost,retain,affirm,continuous,standard,7,1
catman_pilot_v1,P044,manipulation,C03,pc_func,6,human,lost,retain,affirm,continuous,standard,7,1
catman_pilot_v1,P044,manipulation,C03,pc_self,3,human,lost,retain,affirm,continuous,standard,7,1
catman_pilot_v1,P044,manipulation,C03,pc_tran,3,human,lost,retain,affirm,continuous,standard,7,1
catman_pilot_v1,P044,manipulation,C01,pc_sub,7,human,retain,retain,affirm,continuous,standard,8,1
catman_pilot_v1,P044,manipulation,C01,pc_info,7,human,retain,retain,affirm,continuous,standard,8,1
catman_pilot_v1,P044,manipulation,C01,pc_func,7,human,retain,retain,affirm,continuous,standard,8,1
catman_pilot_v1,P044,manipulation,C01,pc_self,6,human,retain,retain,affirm,continuous,standard,8,1
catman_pilot_v1,P044,manipulation,C01,pc_tran,6,human,retain,retain,affirm,continuous,standard,8,1
catman_pilot_v1,P044,manipulation,C08,pc_sub,7,human,lost,retain,affirm,discontinuous,standard,9,1
catman_pilot_v1,P044,manipulation,C08,pc_info,1,human,lost,retain,affirm,discontinuous,standard,9,1
catman_pilot_v1,P044,manipulation,C08,pc_func,6,human,lost,retain,affirm,discontinuous,standard,9,1
catman_pilot_v1,P044,manipulation,C08,pc_self,3,human,lost,retain,affirm,discontinuous,standard,9,1
catman_pilot_v1,P044,manipulation,C08,pc_tran,3,human,lost,retain,affirm,discontinuous,standard,9,1
catman_pilot_v1,P044,manipulation,C08,k_copy,5,human,lost,retain,affirm,discontinuous,standard,9,1
catman_pilot_v1,P044,manipulation,C08,k_term,3,human,lost,retain,affirm,discontinuous,standard,9,1
catman_pilot_v1,P044,manipulation,C05,pc_sub,7,human,retain,retain,uncertain,continuous,standard,10,1
catman_pilot_v1,P044,manipulation,C05,pc_info,6,human,retain,retain,uncertain,continuous,standard,10,1
catman_pilot_v1,P044,manipulation,C05,pc_func,6,human,retain,retain,uncertain,continuous,standard,10,1
catman_pilot_v1,P044,manipulation,C05,pc_self,5,human,retain,retain,uncertain,continuous,standard,10,1
catman_pilot_v1,P044,manipulation,C05,pc_tran,5,human,retain,retain,uncertain,continuous,standard,10,1
catman_pilot_v1,P021,manipulation,C04,pc_sub,7,human,retain,limited,affirm,continuous,standard,1,1
catman_pilot_v1,P021,manipulation,C04,pc_info,7,human,retain,limited,affirm,continuous,standard,1,1
catman_pilot_v1,P021,manipulation,C04,pc_func,2,human,retain,limited,affirm,continuous,standard,1,1
catman_pilot_v1,P021,manipulation,C04,pc_self,5,human,retain,limited,affirm,continuous,standard,1,1
catman_pilot_v1,P021,manipulation,C04,pc_tran,7,human,retain,limited,affirm,continuous,standard,1,1
catman_pilot_v1,P021,manipulation,C07,pc_sub,1,cat,retain,retain,affirm,discontinuous,standard,2,1
catman_pilot_v1,P021,manipulation,C07,pc_info,7,cat,retain,retain,affirm,discontinuous,standard,2,1
catman_pilot_v1,P021,manipulation,C07,pc_func,7,cat,retain,retain,affirm,discontinuous,standard,2,1
catman_pilot_v1,P021,manipulation,C07,pc_self,4,cat,retain,retain,affirm,discontinuous,standard,2,1
catman_pilot_v1,P021,manipulation,C07,pc_tran,1,cat,retain,retain,affirm,discontinuous,standard,2,1
catman_pilot_v1,P021,manipulation,C07,k_copy,3,cat,retain,retain,affirm,discontinuous,standard,2,1
catman_pilot_v1,P021,manipulation,C07,k_term,4,cat,retain,retain,affirm,discontinuous,standard,2,1
catman_pilot_v1,P021,manipulation,C05,pc_sub,7,human,retain,retain,uncertain,continuous,standard,3,1
catman_pilot_v1,P021,manipulation,C05,pc_info,7,human,retain,retain,uncertain,continuous,standard,3,1
catman_pilot_v1,P021,manipulation,C05,pc_func,7,human,retain,retain,uncertain,continuous,standard,3,1
catman_pilot_v1,P021,manipulation,C05,pc_self,3,human,retain,retain,uncertain,continuous,standard,3,1
catman_pilot_v1,P021,manipulation,C05,pc_tran,7,human,retain,retain,uncertain,continuous,standard,3,1
catman_pilot_v1,P021,manipulation,C01,pc_sub,7,human,retain,retain,affirm,continuous,standard,4,1
catman_pilot_v1,P021,manipulation,C01,pc_info,7,human,retain,retain,affirm,continuous,standard,4,1
catman_pilot_v1,P021,manipulation,C01,pc_func,7,human,retain,retain,affirm,continuous,standard,4,1
catman_pilot_v1,P021,manipulation,C01,pc_self,6,human,retain,retain,affirm,continuous,standard,4,1
catman_pilot_v1,P021,manipulation,C01,pc_tran,7,human,retain,retain,affirm,continuous,standard,4,1
catman_pilot_v1,P021,manipulation,C02,pc_sub,1,cat,retain,retain,affirm,continuous,standard,5,1
catman_pilot_v1,P021,manipulation,C02,pc_info,7,cat,retain,retain,affirm,continuous,standard,5,1
catman_pilot_v1,P021,manipulation,C02,pc_func,7,cat,retain,retain,affirm,continuous,standard,5,1
catman_pilot_v1,P021,manipulation,C02,pc_self,5,cat,retain,retain,affirm,continuous,standard,5,1
catman_pilot_v1,P021,manipulation,C02,pc_tran,7,cat,retain,retain,affirm,continuous,standard,5,1
catman_pilot_v1,P021,manipulation,C08,pc_sub,7,human,lost,retain,affirm,discontinuous,standard,6,1
catman_pilot_v1,P021,manipulation,C08,pc_info,1,human,lost,retain,affirm,discontinuous,standard,6,1
catman_pilot_v1,P021,manipulation,C08,pc_func,1,human,lost,retain,affirm,discontinuous,standard,6,1
catman_pilot_v1,P021,manipulation,C08,pc_self,2,human,lost,retain,affirm,discontinuous,standard,6,1
catman_pilot_v1,P021,manipulation,C08,pc_tran,1,human,lost,retain,affirm,discontinuous,standard,6,1
catman_pilot_v1,P021,manipulation,C08,k_copy,3,human,lost,retain,affirm,discontinuous,standard,6,1
catman_pilot_v1,P021,manipulation,C08,k_term,4,human,lost,retain,affirm,discontinuous,standard,6,1
catman_pilot_v1,P021,manipulation,C06,pc_sub,7,human,retain,retain,affirm,discontinuous,standard,7,1
catman_pilot_v1,P021,manipulation,C06,pc_info,7,human,retain,retain,affirm,discontinuous,standard,7,1
catman_pilot_v1,P021,manipulation,C06,pc_func,7,human,retain,retain,affirm,discontinuous,standard,7,1
catman_pilot_v1,P021,manipulation,C06,pc_self,5,human,retain,retain,affirm,discontinuous,standard,7,1
catman_pilot_v1,P021,manipulation,C06,pc_tran,1,human,retain,retain,affirm,discontinuous,standard,7,1
catman_pilot_v1,P021,manipulation,C06,k_copy,3,human,retain,retain,affirm,discontinuous,standard,7,1
catman_pilot_v1,P021,manipulation,C06,k_term,4,human,retain,retain,affirm,discontinuous,standard,7,1
catman_pilot_v1,P021,manipulation,C03,pc_sub,7,human,lost,retain,affirm,continuous,standard,8,1
catman_pilot_v1,P021,manipulation,C03,pc_info,1,human,lost,retain,affirm,continuous,standard,8,1
catman_pilot_v1,P021,manipulation,C03,pc_func,7,human,lost,retain,affirm,continuous,standard,8,1
catman_pilot_v1,P021,manipulation,C03,pc_self,3,human,lost,retain,affirm,continuous,standard,8,1
catman_pilot_v1,P021,manipulation,C03,pc_tran,7,human,lost,retain,affirm,continuous,standard,8,1
catman_pilot_v1,P021,manipulation,A09,pc_sub,7,human,retain,retain,deny,continuous,anchor,9,1
catman_pilot_v1,P021,manipulation,A09,pc_info,7,human,retain,retain,deny,continuous,anchor,9,1
catman_pilot_v1,P021,manipulation,A09,pc_func,7,human,retain,retain,deny,continuous,anchor,9,1
catman_pilot_v1,P021,manipulation,A09,pc_self,2,human,retain,retain,deny,continuous,anchor,9,1
catman_pilot_v1,P021,manipulation,A09,pc_tran,7,human,retain,retain,deny,continuous,anchor,9,1
catman_pilot_v1,P021,manipulation,A10,k_copy,3,cat,retain,retain,affirm,parallel,anchor,10,1
catman_pilot_v1,P021,manipulation,A10,k_term,1,cat,retain,retain,affirm,parallel,anchor,10,1
catman_pilot_v1,P021,manipulation,A10,k_coex,7,cat,retain,retain,affirm,parallel,anchor,10,1
catman_pilot_v1,P021,manipulation,A10,pc_sub,7,cat,retain,retain,affirm,parallel,anchor,10,1
catman_pilot_v1,P021,manipulation,A10,pc_info,7,cat,retain,retain,affirm,parallel,anchor,10,1
catman_pilot_v1,P021,manipulation,A10,pc_func,7,cat,retain,retain,affirm,parallel,anchor,10,1
catman_pilot_v1,P021,manipulation,A10,pc_self,7,cat,retain,retain,affirm,parallel,anchor,10,1
catman_pilot_v1,P021,manipulation,A10,pc_tran,7,cat,retain,retain,affirm,parallel,anchor,10,1
catman_pilot_v1,P031,manipulation,C04,pc_sub,7,human,retain,limited,affirm,continuous,standard,1,1
catman_pilot_v1,P031,manipulation,C04,pc_info,7,human,retain,limited,affirm,continuous,standard,1,1
catman_pilot_v1,P031,manipulation,C04,pc_func,1,human,retain,limited,affirm,continuous,standard,1,1
catman_pilot_v1,P031,manipulation,C04,pc_self,4,human,retain,limited,affirm,continuous,standard,1,1
catman_pilot_v1,P031,manipulation,C04,pc_tran,6,human,retain,limited,affirm,continuous,standard,1,1
catman_pilot_v1,P031,manipulation,C02,pc_sub,1,cat,retain,retain,affirm,continuous,standard,2,1
catman_pilot_v1,P031,manipulation,C02,pc_info,7,cat,retain,retain,affirm,continuous,standard,2,1
catman_pilot_v1,P031,manipulation,C02,pc_func,6,cat,retain,retain,affirm,continuous,standard,2,1
catman_pilot_v1,P031,manipulation,C02,pc_self,1,cat,retain,retain,affirm,continuous,standard,2,1
catman_pilot_v1,P031,manipulation,C02,pc_tran,3,cat,retain,retain,affirm,continuous,standard,2,1
catman_pilot_v1,P031,manipulation,C05,pc_sub,7,human,retain,retain,uncertain,continuous,standard,3,1
catman_pilot_v1,P031,manipulation,C05,pc_info,7,human,retain,retain,uncertain,continuous,standard,3,1
catman_pilot_v1,P031,manipulation,C05,pc_func,7,human,retain,retain,uncertain,continuous,standard,3,1
catman_pilot_v1,P031,manipulation,C05,pc_self,2,human,retain,retain,uncertain,continuous,standard,3,1
catman_pilot_v1,P031,manipulation,C05,pc_tran,5,human,retain,retain,uncertain,continuous,standard,3,1
catman_pilot_v1,P031,manipulation,C03,pc_sub,7,human,lost,retain,affirm,continuous,standard,4,1
catman_pilot_v1,P031,manipulation,C03,pc_info,1,human,lost,retain,affirm,continuous,standard,4,1
catman_pilot_v1,P031,manipulation,C03,pc_func,7,human,lost,retain,affirm,continuous,standard,4,1
catman_pilot_v1,P031,manipulation,C03,pc_self,5,human,lost,retain,affirm,continuous,standard,4,1
catman_pilot_v1,P031,manipulation,C03,pc_tran,7,human,lost,retain,affirm,continuous,standard,4,1
catman_pilot_v1,P031,manipulation,C08,pc_sub,7,human,lost,retain,affirm,discontinuous,standard,5,1
catman_pilot_v1,P031,manipulation,C08,pc_info,1,human,lost,retain,affirm,discontinuous,standard,5,1
catman_pilot_v1,P031,manipulation,C08,pc_func,7,human,lost,retain,affirm,discontinuous,standard,5,1
catman_pilot_v1,P031,manipulation,C08,pc_self,7,human,lost,retain,affirm,discontinuous,standard,5,1
catman_pilot_v1,P031,manipulation,C08,pc_tran,1,human,lost,retain,affirm,discontinuous,standard,5,1
catman_pilot_v1,P031,manipulation,C08,k_copy,7,human,lost,retain,affirm,discontinuous,standard,5,1
catman_pilot_v1,P031,manipulation,C08,k_term,7,human,lost,retain,affirm,discontinuous,standard,5,1
catman_pilot_v1,P031,manipulation,C01,pc_sub,7,human,retain,retain,affirm,continuous,standard,6,1
catman_pilot_v1,P031,manipulation,C01,pc_info,7,human,retain,retain,affirm,continuous,standard,6,1
catman_pilot_v1,P031,manipulation,C01,pc_func,7,human,retain,retain,affirm,continuous,standard,6,1
catman_pilot_v1,P031,manipulation,C01,pc_self,5,human,retain,retain,affirm,continuous,standard,6,1
catman_pilot_v1,P031,manipulation,C01,pc_tran,7,human,retain,retain,affirm,continuous,standard,6,1
catman_pilot_v1,P031,manipulation,C07,pc_sub,1,cat,retain,retain,affirm,discontinuous,standard,7,1
catman_pilot_v1,P031,manipulation,C07,pc_info,7,cat,retain,retain,affirm,discontinuous,standard,7,1
catman_pilot_v1,P031,manipulation,C07,pc_func,6,cat,retain,retain,affirm,discontinuous,standard,7,1
catman_pilot_v1,P031,manipulation,C07,pc_self,4,cat,retain,retain,affirm,discontinuous,standard,7,1
catman_pilot_v1,P031,manipulation,C07,pc_tran,1,cat,retain,retain,affirm,discontinuous,standard,7,1
catman_pilot_v1,P031,manipulation,C07,k_copy,6,cat,retain,retain,affirm,discontinuous,standard,7,1
catman_pilot_v1,P031,manipulation,C07,k_term,6,cat,retain,retain,affirm,discontinuous,standard,7,1
catman_pilot_v1,P031,manipulation,C06,pc_sub,7,human,retain,retain,affirm,discontinuous,standard,8,1
catman_pilot_v1,P031,manipulation,C06,pc_info,7,human,retain,retain,affirm,discontinuous,standard,8,1
catman_pilot_v1,P031,manipulation,C06,pc_func,7,human,retain,retain,affirm,discontinuous,standard,8,1
catman_pilot_v1,P031,manipulation,C06,pc_self,7,human,retain,retain,affirm,discontinuous,standard,8,1
catman_pilot_v1,P031,manipulation,C06,pc_tran,1,human,retain,retain,affirm,discontinuous,standard,8,1
catman_pilot_v1,P031,manipulation,C06,k_copy,6,human,retain,retain,affirm,discontinuous,standard,8,1
catman_pilot_v1,P031,manipulation,C06,k_term,2,human,retain,retain,affirm,discontinuous,standard,8,1
catman_pilot_v1,P031,manipulation,A10,k_copy,7,cat,retain,retain,affirm,parallel,anchor,9,1
catman_pilot_v1,P031,manipulation,A10,k_term,1,cat,retain,retain,affirm,parallel,anchor,9,1
catman_pilot_v1,P031,manipulation,A10,k_coex,7,cat,retain,retain,affirm,parallel,anchor,9,1
catman_pilot_v1,P031,manipulation,A10,pc_sub,1,cat,retain,retain,affirm,parallel,anchor,9,1
catman_pilot_v1,P031,manipulation,A10,pc_info,7,cat,retain,retain,affirm,parallel,anchor,9,1
catman_pilot_v1,P031,manipulation,A10,pc_func,7,cat,retain,retain,affirm,parallel,anchor,9,1
catman_pilot_v1,P031,manipulation,A10,pc_self,4,cat,retain,retain,affirm,parallel,anchor,9,1
catman_pilot_v1,P031,manipulation,A10,pc_tran,1,cat,retain,retain,affirm,parallel,anchor,9,1
catman_pilot_v1,P031,manipulation,A09,pc_sub,7,human,retain,retain,deny,continuous,anchor,10,1
catman_pilot_v1,P031,manipulation,A09,pc_info,7,human,retain,retain,deny,continuous,anchor,10,1
catman_pilot_v1,P031,manipulation,A09,pc_func,7,human,retain,retain,deny,continuous,anchor,10,1
catman_pilot_v1,P031,manipulation,A09,pc_self,7,human,retain,retain,deny,continuous,anchor,10,1
catman_pilot_v1,P031,manipulation,A09,pc_tran,7,human,retain,retain,deny,continuous,anchor,10,1
catman_pilot_v1,P093,manipulation,C06,pc_sub,1,human,retain,retain,affirm,discontinuous,standard,1,1
catman_pilot_v1,P093,manipulation,C06,pc_info,4,human,retain,retain,affirm,discontinuous,standard,1,1
catman_pilot_v1,P093,manipulation,C06,pc_func,6,human,retain,retain,affirm,discontinuous,standard,1,1
catman_pilot_v1,P093,manipulation,C06,pc_self,5,human,retain,retain,affirm,discontinuous,standard,1,1
catman_pilot_v1,P093,manipulation,C06,pc_tran,3,human,retain,retain,affirm,discontinuous,standard,1,1
catman_pilot_v1,P093,manipulation,C06,k_copy,5,human,retain,retain,affirm,discontinuous,standard,1,1
catman_pilot_v1,P093,manipulation,C06,k_term,5,human,retain,retain,affirm,discontinuous,standard,1,1
catman_pilot_v1,P093,manipulation,C08,pc_sub,5,human,lost,retain,affirm,discontinuous,standard,2,1
catman_pilot_v1,P093,manipulation,C08,pc_info,5,human,lost,retain,affirm,discontinuous,standard,2,1
catman_pilot_v1,P093,manipulation,C08,pc_func,6,human,lost,retain,affirm,discontinuous,standard,2,1
catman_pilot_v1,P093,manipulation,C08,pc_self,5,human,lost,retain,affirm,discontinuous,standard,2,1
catman_pilot_v1,P093,manipulation,C08,pc_tran,5,human,lost,retain,affirm,discontinuous,standard,2,1
catman_pilot_v1,P093,manipulation,C08,k_copy,3,human,lost,retain,affirm,discontinuous,standard,2,1
catman_pilot_v1,P093,manipulation,C08,k_term,5,human,lost,retain,affirm,discontinuous,standard,2,1
catman_pilot_v1,P093,manipulation,C07,pc_sub,5,cat,retain,retain,affirm,discontinuous,standard,3,1
catman_pilot_v1,P093,manipulation,C07,pc_info,5,cat,retain,retain,affirm,discontinuous,standard,3,1
catman_pilot_v1,P093,manipulation,C07,pc_func,6,cat,retain,retain,affirm,discontinuous,standard,3,1
catman_pilot_v1,P093,manipulation,C07,pc_self,6,cat,retain,retain,affirm,discontinuous,standard,3,1
catman_pilot_v1,P093,manipulation,C07,pc_tran,5,cat,retain,retain,affirm,discontinuous,standard,3,1
catman_pilot_v1,P093,manipulation,C07,k_copy,3,cat,retain,retain,affirm,discontinuous,standard,3,1
catman_pilot_v1,P093,manipulation,C07,k_term,3,cat,retain,retain,affirm,discontinuous,standard,3,1
catman_pilot_v1,P093,manipulation,C02,pc_sub,5,cat,retain,retain,affirm,continuous,standard,4,1
catman_pilot_v1,P093,manipulation,C02,pc_info,5,cat,retain,retain,affirm,continuous,standard,4,1
catman_pilot_v1,P093,manipulation,C02,pc_func,6,cat,retain,retain,affirm,continuous,standard,4,1
catman_pilot_v1,P093,manipulation,C02,pc_self,5,cat,retain,retain,affirm,continuous,standard,4,1
catman_pilot_v1,P093,manipulation,C02,pc_tran,5,cat,retain,retain,affirm,continuous,standard,4,1
catman_pilot_v1,P093,manipulation,A09,pc_sub,5,human,retain,retain,deny,continuous,anchor,5,1
catman_pilot_v1,P093,manipulation,A09,pc_info,5,human,retain,retain,deny,continuous,anchor,5,1
catman_pilot_v1,P093,manipulation,A09,pc_func,6,human,retain,retain,deny,continuous,anchor,5,1
catman_pilot_v1,P093,manipulation,A09,pc_self,5,human,retain,retain,deny,continuous,anchor,5,1
catman_pilot_v1,P093,manipulation,A09,pc_tran,5,human,retain,retain,deny,continuous,anchor,5,1
catman_pilot_v1,P093,manipulation,A10,k_copy,6,cat,retain,retain,affirm,parallel,anchor,6,1
catman_pilot_v1,P093,manipulation,A10,k_term,5,cat,retain,retain,affirm,parallel,anchor,6,1
catman_pilot_v1,P093,manipulation,A10,k_coex,6,cat,retain,retain,affirm,parallel,anchor,6,1
catman_pilot_v1,P093,manipulation,A10,pc_sub,1,cat,retain,retain,affirm,parallel,anchor,6,1
catman_pilot_v1,P093,manipulation,A10,pc_info,6,cat,retain,retain,affirm,parallel,anchor,6,1
catman_pilot_v1,P093,manipulation,A10,pc_func,7,cat,retain,retain,affirm,parallel,anchor,6,1
catman_pilot_v1,P093,manipulation,A10,pc_self,7,cat,retain,retain,affirm,parallel,anchor,6,1
catman_pilot_v1,P093,manipulation,A10,pc_tran,7,cat,retain,retain,affirm,parallel,anchor,6,1
catman_pilot_v1,P093,manipulation,C04,pc_sub,1,human,retain,limited,affirm,continuous,standard,7,1
catman_pilot_v1,P093,manipulation,C04,pc_info,6,human,retain,limited,affirm,continuous,standard,7,1
catman_pilot_v1,P093,manipulation,C04,pc_func,7,human,retain,limited,affirm,continuous,standard,7,1
catman_pilot_v1,P093,manipulation,C04,pc_self,6,human,retain,limited,affirm,continuous,standard,7,1
catman_pilot_v1,P093,manipulation,C04,pc_tran,5,human,retain,limited,affirm,continuous,standard,7,1
catman_pilot_v1,P093,manipulation,C05,pc_sub,1,human,retain,retain,uncertain,continuous,standard,8,1
catman_pilot_v1,P093,manipulation,C05,pc_info,6,human,retain,retain,uncertain,continuous,standard,8,1
catman_pilot_v1,P093,manipulation,C05,pc_func,6,human,retain,retain,uncertain,continuous,standard,8,1
catman_pilot_v1,P093,manipulation,C05,pc_self,6,human,retain,retain,uncertain,continuous,standard,8,1
catman_pilot_v1,P093,manipulation,C05,pc_tran,5,human,retain,retain,uncertain,continuous,standard,8,1
catman_pilot_v1,P093,manipulation,C01,pc_sub,1,human,retain,retain,affirm,continuous,standard,9,1
catman_pilot_v1,P093,manipulation,C01,pc_info,6,human,retain,retain,affirm,continuous,standard,9,1
catman_pilot_v1,P093,manipulation,C01,pc_func,6,human,retain,retain,affirm,continuous,standard,9,1
catman_pilot_v1,P093,manipulation,C01,pc_self,7,human,retain,retain,affirm,continuous,standard,9,1
catman_pilot_v1,P093,manipulation,C01,pc_tran,5,human,retain,retain,affirm,continuous,standard,9,1
catman_pilot_v1,P093,manipulation,C03,pc_sub,1,human,lost,retain,affirm,continuous,standard,10,1
catman_pilot_v1,P093,manipulation,C03,pc_info,6,human,lost,retain,affirm,continuous,standard,10,1
catman_pilot_v1,P093,manipulation,C03,pc_func,6,human,lost,retain,affirm,continuous,standard,10,1
catman_pilot_v1,P093,manipulation,C03,pc_self,7,human,lost,retain,affirm,continuous,standard,10,1
catman_pilot_v1,P093,manipulation,C03,pc_tran,5,human,lost,retain,affirm,continuous,standard,10,1
catman_pilot_v1,P064,manipulation,C02,pc_sub,1,cat,retain,retain,affirm,continuous,standard,1,1
catman_pilot_v1,P064,manipulation,C02,pc_info,7,cat,retain,retain,affirm,continuous,standard,1,1
catman_pilot_v1,P064,manipulation,C02,pc_func,7,cat,retain,retain,affirm,continuous,standard,1,1
catman_pilot_v1,P064,manipulation,C02,pc_self,7,cat,retain,retain,affirm,continuous,standard,1,1
catman_pilot_v1,P064,manipulation,C02,pc_tran,7,cat,retain,retain,affirm,continuous,standard,1,1
catman_pilot_v1,P064,manipulation,C05,pc_sub,7,human,retain,retain,uncertain,continuous,standard,2,1
catman_pilot_v1,P064,manipulation,C05,pc_info,1,human,retain,retain,uncertain,continuous,standard,2,1
catman_pilot_v1,P064,manipulation,C05,pc_func,7,human,retain,retain,uncertain,continuous,standard,2,1
catman_pilot_v1,P064,manipulation,C05,pc_self,1,human,retain,retain,uncertain,continuous,standard,2,1
catman_pilot_v1,P064,manipulation,C05,pc_tran,7,human,retain,retain,uncertain,continuous,standard,2,1
catman_pilot_v1,P064,manipulation,C07,pc_sub,1,cat,retain,retain,affirm,discontinuous,standard,3,1
catman_pilot_v1,P064,manipulation,C07,pc_info,7,cat,retain,retain,affirm,discontinuous,standard,3,1
catman_pilot_v1,P064,manipulation,C07,pc_func,7,cat,retain,retain,affirm,discontinuous,standard,3,1
catman_pilot_v1,P064,manipulation,C07,pc_self,7,cat,retain,retain,affirm,discontinuous,standard,3,1
catman_pilot_v1,P064,manipulation,C07,pc_tran,1,cat,retain,retain,affirm,discontinuous,standard,3,1
catman_pilot_v1,P064,manipulation,C07,k_copy,1,cat,retain,retain,affirm,discontinuous,standard,3,1
catman_pilot_v1,P064,manipulation,C07,k_term,1,cat,retain,retain,affirm,discontinuous,standard,3,1
catman_pilot_v1,P064,manipulation,C08,pc_sub,7,human,lost,retain,affirm,discontinuous,standard,4,1
catman_pilot_v1,P064,manipulation,C08,pc_info,1,human,lost,retain,affirm,discontinuous,standard,4,1
catman_pilot_v1,P064,manipulation,C08,pc_func,7,human,lost,retain,affirm,discontinuous,standard,4,1
catman_pilot_v1,P064,manipulation,C08,pc_self,7,human,lost,retain,affirm,discontinuous,standard,4,1
catman_pilot_v1,P064,manipulation,C08,pc_tran,1,human,lost,retain,affirm,discontinuous,standard,4,1
catman_pilot_v1,P064,manipulation,C08,k_copy,7,human,lost,retain,affirm,discontinuous,standard,4,1
catman_pilot_v1,P064,manipulation,C08,k_term,1,human,lost,retain,affirm,discontinuous,standard,4,1
catman_pilot_v1,P064,manipulation,C04,pc_sub,7,human,retain,limited,affirm,continuous,standard,5,1
catman_pilot_v1,P064,manipulation,C04,pc_info,7,human,retain,limited,affirm,continuous,standard,5,1
catman_pilot_v1,P064,manipulation,C04,pc_func,1,human,retain,limited,affirm,continuous,standard,5,1
catman_pilot_v1,P064,manipulation,C04,pc_self,7,human,retain,limited,affirm,continuous,standard,5,1
catman_pilot_v1,P064,manipulation,C04,pc_tran,7,human,retain,limited,affirm,continuous,standard,5,1
catman_pilot_v1,P064,manipulation,C06,pc_sub,7,human,retain,retain,affirm,discontinuous,standard,6,1
catman_pilot_v1,P064,manipulation,C06,pc_info,7,human,retain,retain,affirm,discontinuous,standard,6,1
catman_pilot_v1,P064,manipulation,C06,pc_func,7,human,retain,retain,affirm,discontinuous,standard,6,1
catman_pilot_v1,P064,manipulation,C06,pc_self,7,human,retain,retain,affirm,discontinuous,standard,6,1
catman_pilot_v1,P064,manipulation,C06,pc_tran,1,human,retain,retain,affirm,discontinuous,standard,6,1
catman_pilot_v1,P064,manipulation,C06,k_copy,1,human,retain,retain,affirm,discontinuous,standard,6,1
catman_pilot_v1,P064,manipulation,C06,k_term,1,human,retain,retain,affirm,discontinuous,standard,6,1
catman_pilot_v1,P064,manipulation,C01,pc_sub,7,human,retain,retain,affirm,continuous,standard,7,1
catman_pilot_v1,P064,manipulation,C01,pc_info,7,human,retain,retain,affirm,continuous,standard,7,1
catman_pilot_v1,P064,manipulation,C01,pc_func,7,human,retain,retain,affirm,continuous,standard,7,1
catman_pilot_v1,P064,manipulation,C01,pc_self,7,human,retain,retain,affirm,continuous,standard,7,1
catman_pilot_v1,P064,manipulation,C01,pc_tran,1,human,retain,retain,affirm,continuous,standard,7,1
catman_pilot_v1,P064,manipulation,A10,k_copy,7,cat,retain,retain,affirm,parallel,anchor,8,1
catman_pilot_v1,P064,manipulation,A10,k_term,7,cat,retain,retain,affirm,parallel,anchor,8,1
catman_pilot_v1,P064,manipulation,A10,k_coex,7,cat,retain,retain,affirm,parallel,anchor,8,1
catman_pilot_v1,P064,manipulation,A10,pc_sub,7,cat,retain,retain,affirm,parallel,anchor,8,1
catman_pilot_v1,P064,manipulation,A10,pc_info,7,cat,retain,retain,affirm,parallel,anchor,8,1
catman_pilot_v1,P064,manipulation,A10,pc_func,7,cat,retain,retain,affirm,parallel,anchor,8,1
catman_pilot_v1,P064,manipulation,A10,pc_self,7,cat,retain,retain,affirm,parallel,anchor,8,1
catman_pilot_v1,P064,manipulation,A10,pc_tran,7,cat,retain,retain,affirm,parallel,anchor,8,1
catman_pilot_v1,P064,manipulation,A09,pc_sub,7,human,retain,retain,deny,continuous,anchor,9,1
catman_pilot_v1,P064,manipulation,A09,pc_info,7,human,retain,retain,deny,continuous,anchor,9,1
catman_pilot_v1,P064,manipulation,A09,pc_func,7,human,retain,retain,deny,continuous,anchor,9,1
catman_pilot_v1,P064,manipulation,A09,pc_self,7,human,retain,retain,deny,continuous,anchor,9,1
catman_pilot_v1,P064,manipulation,A09,pc_tran,7,human,retain,retain,deny,continuous,anchor,9,1
catman_pilot_v1,P064,manipulation,C03,pc_sub,7,human,lost,retain,affirm,continuous,standard,10,1
catman_pilot_v1,P064,manipulation,C03,pc_info,1,human,lost,retain,affirm,continuous,standard,10,1
catman_pilot_v1,P064,manipulation,C03,pc_func,7,human,lost,retain,affirm,continuous,standard,10,1
catman_pilot_v1,P064,manipulation,C03,pc_self,7,human,lost,retain,affirm,continuous,standard,10,1
catman_pilot_v1,P064,manipulation,C03,pc_tran,7,human,lost,retain,affirm,continuous,standard,10,1
catman_pilot_v1,P096,manipulation,C06,pc_sub,7,human,retain,retain,affirm,discontinuous,standard,1,1
catman_pilot_v1,P096,manipulation,C06,pc_info,7,human,retain,retain,affirm,discontinuous,standard,1,1
catman_pilot_v1,P096,manipulation,C06,pc_func,7,human,retain,retain,affirm,discontinuous,standard,1,1
catman_pilot_v1,P096,manipulation,C06,pc_self,7,human,retain,retain,affirm,discontinuous,standard,1,1
catman_pilot_v1,P096,manipulation,C06,pc_tran,3,human,retain,retain,affirm,discontinuous,standard,1,1
catman_pilot_v1,P096,manipulation,C06,k_copy,4,human,retain,retain,affirm,discontinuous,standard,1,1
catman_pilot_v1,P096,manipulation,C06,k_term,4,human,retain,retain,affirm,discontinuous,standard,1,1
catman_pilot_v1,P096,manipulation,C08,pc_sub,7,human,lost,retain,affirm,discontinuous,standard,2,1
catman_pilot_v1,P096,manipulation,C08,pc_info,1,human,lost,retain,affirm,discontinuous,standard,2,1
catman_pilot_v1,P096,manipulation,C08,pc_func,5,human,lost,retain,affirm,discontinuous,standard,2,1
catman_pilot_v1,P096,manipulation,C08,pc_self,1,human,lost,retain,affirm,discontinuous,standard,2,1
catman_pilot_v1,P096,manipulation,C08,pc_tran,2,human,lost,retain,affirm,discontinuous,standard,2,1
catman_pilot_v1,P096,manipulation,C08,k_copy,2,human,lost,retain,affirm,discontinuous,standard,2,1
catman_pilot_v1,P096,manipulation,C08,k_term,6,human,lost,retain,affirm,discontinuous,standard,2,1
catman_pilot_v1,P096,manipulation,C03,pc_sub,7,human,lost,retain,affirm,continuous,standard,3,1
catman_pilot_v1,P096,manipulation,C03,pc_info,1,human,lost,retain,affirm,continuous,standard,3,1
catman_pilot_v1,P096,manipulation,C03,pc_func,5,human,lost,retain,affirm,continuous,standard,3,1
catman_pilot_v1,P096,manipulation,C03,pc_self,2,human,lost,retain,affirm,continuous,standard,3,1
catman_pilot_v1,P096,manipulation,C03,pc_tran,6,human,lost,retain,affirm,continuous,standard,3,1
catman_pilot_v1,P096,manipulation,C05,pc_sub,7,human,retain,retain,uncertain,continuous,standard,4,1
catman_pilot_v1,P096,manipulation,C05,pc_info,7,human,retain,retain,uncertain,continuous,standard,4,1
catman_pilot_v1,P096,manipulation,C05,pc_func,6,human,retain,retain,uncertain,continuous,standard,4,1
catman_pilot_v1,P096,manipulation,C05,pc_self,3,human,retain,retain,uncertain,continuous,standard,4,1
catman_pilot_v1,P096,manipulation,C05,pc_tran,6,human,retain,retain,uncertain,continuous,standard,4,1
catman_pilot_v1,P096,manipulation,C02,pc_sub,1,cat,retain,retain,affirm,continuous,standard,5,1
catman_pilot_v1,P096,manipulation,C02,pc_info,7,cat,retain,retain,affirm,continuous,standard,5,1
catman_pilot_v1,P096,manipulation,C02,pc_func,4,cat,retain,retain,affirm,continuous,standard,5,1
catman_pilot_v1,P096,manipulation,C02,pc_self,6,cat,retain,retain,affirm,continuous,standard,5,1
catman_pilot_v1,P096,manipulation,C02,pc_tran,6,cat,retain,retain,affirm,continuous,standard,5,1
catman_pilot_v1,P096,manipulation,A09,pc_sub,7,human,retain,retain,deny,continuous,anchor,6,1
catman_pilot_v1,P096,manipulation,A09,pc_info,7,human,retain,retain,deny,continuous,anchor,6,1
catman_pilot_v1,P096,manipulation,A09,pc_func,7,human,retain,retain,deny,continuous,anchor,6,1
catman_pilot_v1,P096,manipulation,A09,pc_self,1,human,retain,retain,deny,continuous,anchor,6,1
catman_pilot_v1,P096,manipulation,A09,pc_tran,6,human,retain,retain,deny,continuous,anchor,6,1
catman_pilot_v1,P096,manipulation,A10,k_copy,4,cat,retain,retain,affirm,parallel,anchor,7,1
catman_pilot_v1,P096,manipulation,A10,k_term,1,cat,retain,retain,affirm,parallel,anchor,7,1
catman_pilot_v1,P096,manipulation,A10,k_coex,7,cat,retain,retain,affirm,parallel,anchor,7,1
catman_pilot_v1,P096,manipulation,A10,pc_sub,1,cat,retain,retain,affirm,parallel,anchor,7,1
catman_pilot_v1,P096,manipulation,A10,pc_info,7,cat,retain,retain,affirm,parallel,anchor,7,1
catman_pilot_v1,P096,manipulation,A10,pc_func,6,cat,retain,retain,affirm,parallel,anchor,7,1
catman_pilot_v1,P096,manipulation,A10,pc_self,6,cat,retain,retain,affirm,parallel,anchor,7,1
catman_pilot_v1,P096,manipulation,A10,pc_tran,1,cat,retain,retain,affirm,parallel,anchor,7,1
catman_pilot_v1,P096,manipulation,C07,pc_sub,1,cat,retain,retain,affirm,discontinuous,standard,8,1
catman_pilot_v1,P096,manipulation,C07,pc_info,7,cat,retain,retain,affirm,discontinuous,standard,8,1
catman_pilot_v1,P096,manipulation,C07,pc_func,6,cat,retain,retain,affirm,discontinuous,standard,8,1
catman_pilot_v1,P096,manipulation,C07,pc_self,5,cat,retain,retain,affirm,discontinuous,standard,8,1
catman_pilot_v1,P096,manipulation,C07,pc_tran,2,cat,retain,retain,affirm,discontinuous,standard,8,1
catman_pilot_v1,P096,manipulation,C07,k_copy,4,cat,retain,retain,affirm,discontinuous,standard,8,1
catman_pilot_v1,P096,manipulation,C07,k_term,4,cat,retain,retain,affirm,discontinuous,standard,8,1
catman_pilot_v1,P096,manipulation,C04,pc_sub,7,human,retain,limited,affirm,continuous,standard,9,1
catman_pilot_v1,P096,manipulation,C04,pc_info,7,human,retain,limited,affirm,continuous,standard,9,1
catman_pilot_v1,P096,manipulation,C04,pc_func,1,human,retain,limited,affirm,continuous,standard,9,1
catman_pilot_v1,P096,manipulation,C04,pc_self,6,human,retain,limited,affirm,continuous,standard,9,1
catman_pilot_v1,P096,manipulation,C04,pc_tran,7,human,retain,limited,affirm,continuous,standard,9,1
catman_pilot_v1,P096,manipulation,C01,pc_sub,7,human,retain,retain,affirm,continuous,standard,10,1
catman_pilot_v1,P096,manipulation,C01,pc_info,7,human,retain,retain,affirm,continuous,standard,10,1
catman_pilot_v1,P096,manipulation,C01,pc_func,7,human,retain,retain,affirm,continuous,standard,10,1
catman_pilot_v1,P096,manipulation,C01,pc_self,7,human,retain,retain,affirm,continuous,standard,10,1
catman_pilot_v1,P096,manipulation,C01,pc_tran,7,human,retain,retain,affirm,continuous,standard,10,1
catman_pilot_v1,P024,manipulation,C07,pc_sub,1,cat,retain,retain,affirm,discontinuous,standard,1,1
catman_pilot_v1,P024,manipulation,C07,pc_info,7,cat,retain,retain,affirm,discontinuous,standard,1,1
catman_pilot_v1,P024,manipulation,C07,pc_func,7,cat,retain,retain,affirm,discontinuous,standard,1,1
catman_pilot_v1,P024,manipulation,C07,pc_self,7,cat,retain,retain,affirm,discontinuous,standard,1,1
catman_pilot_v1,P024,manipulation,C07,pc_tran,4,cat,retain,retain,affirm,discontinuous,standard,1,1
catman_pilot_v1,P024,manipulation,C07,k_copy,4,cat,retain,retain,affirm,discontinuous,standard,1,1
catman_pilot_v1,P024,manipulation,C07,k_term,1,cat,retain,retain,affirm,discontinuous,standard,1,1
catman_pilot_v1,P024,manipulation,C05,pc_sub,7,human,retain,retain,uncertain,continuous,standard,2,1
catman_pilot_v1,P024,manipulation,C05,pc_info,7,human,retain,retain,uncertain,continuous,standard,2,1
catman_pilot_v1,P024,manipulation,C05,pc_func,7,human,retain,retain,uncertain,continuous,standard,2,1
catman_pilot_v1,P024,manipulation,C05,pc_self,1,human,retain,retain,uncertain,continuous,standard,2,1
catman_pilot_v1,P024,manipulation,C05,pc_tran,1,human,retain,retain,uncertain,continuous,standard,2,1
catman_pilot_v1,P024,manipulation,C02,pc_sub,1,cat,retain,retain,affirm,continuous,standard,3,1
catman_pilot_v1,P024,manipulation,C02,pc_info,7,cat,retain,retain,affirm,continuous,standard,3,1
catman_pilot_v1,P024,manipulation,C02,pc_func,7,cat,retain,retain,affirm,continuous,standard,3,1
catman_pilot_v1,P024,manipulation,C02,pc_self,7,cat,retain,retain,affirm,continuous,standard,3,1
catman_pilot_v1,P024,manipulation,C02,pc_tran,5,cat,retain,retain,affirm,continuous,standard,3,1
catman_pilot_v1,P024,manipulation,C08,pc_sub,7,human,lost,retain,affirm,discontinuous,standard,4,1
catman_pilot_v1,P024,manipulation,C08,pc_info,1,human,lost,retain,affirm,discontinuous,standard,4,1
catman_pilot_v1,P024,manipulation,C08,pc_func,7,human,lost,retain,affirm,discontinuous,standard,4,1
catman_pilot_v1,P024,manipulation,C08,pc_self,7,human,lost,retain,affirm,discontinuous,standard,4,1
catman_pilot_v1,P024,manipulation,C08,pc_tran,5,human,lost,retain,affirm,discontinuous,standard,4,1
catman_pilot_v1,P024,manipulation,C08,k_copy,5,human,lost,retain,affirm,discontinuous,standard,4,1
catman_pilot_v1,P024,manipulation,C08,k_term,7,human,lost,retain,affirm,discontinuous,standard,4,1
catman_pilot_v1,P024,manipulation,C04,pc_sub,7,human,retain,limited,affirm,continuous,standard,5,1
catman_pilot_v1,P024,manipulation,C04,pc_info,7,human,retain,limited,affirm,continuous,standard,5,1
catman_pilot_v1,P024,manipulation,C04,pc_func,1,human,retain,limited,affirm,continuous,standard,5,1
catman_pilot_v1,P024,manipulation,C04,pc_self,7,human,retain,limited,affirm,continuous,standard,5,1
catman_pilot_v1,P024,manipulation,C04,pc_tran,4,human,retain,limited,affirm,continuous,standard,5,1
catman_pilot_v1,P024,manipulation,C01,pc_sub,7,human,retain,retain,affirm,continuous,standard,6,1
catman_pilot_v1,P024,manipulation,C01,pc_info,7,human,retain,retain,affirm,continuous,standard,6,1
catman_pilot_v1,P024,manipulation,C01,pc_func,7,human,retain,retain,affirm,continuous,standard,6,1
catman_pilot_v1,P024,manipulation,C01,pc_self,7,human,retain,retain,affirm,continuous,standard,6,1
catman_pilot_v1,P024,manipulation,C01,pc_tran,4,human,retain,retain,affirm,continuous,standard,6,1
catman_pilot_v1,P024,manipulation,A10,k_copy,1,cat,retain,retain,affirm,parallel,anchor,7,1
catman_pilot_v1,P024,manipulation,A10,k_term,1,cat,retain,retain,affirm,parallel,anchor,7,1
catman_pilot_v1,P024,manipulation,A10,k_coex,7,cat,retain,retain,affirm,parallel,anchor,7,1
catman_pilot_v1,P024,manipulation,A10,pc_sub,1,cat,retain,retain,affirm,parallel,anchor,7,1
catman_pilot_v1,P024,manipulation,A10,pc_info,7,cat,retain,retain,affirm,parallel,anchor,7,1
catman_pilot_v1,P024,manipulation,A10,pc_func,7,cat,retain,retain,affirm,parallel,anchor,7,1
catman_pilot_v1,P024,manipulation,A10,pc_self,7,cat,retain,retain,affirm,parallel,anchor,7,1
catman_pilot_v1,P024,manipulation,A10,pc_tran,4,cat,retain,retain,affirm,parallel,anchor,7,1
catman_pilot_v1,P024,manipulation,C03,pc_sub,7,human,lost,retain,affirm,continuous,standard,8,1
catman_pilot_v1,P024,manipulation,C03,pc_info,1,human,lost,retain,affirm,continuous,standard,8,1
catman_pilot_v1,P024,manipulation,C03,pc_func,7,human,lost,retain,affirm,continuous,standard,8,1
catman_pilot_v1,P024,manipulation,C03,pc_self,7,human,lost,retain,affirm,continuous,standard,8,1
catman_pilot_v1,P024,manipulation,C03,pc_tran,4,human,lost,retain,affirm,continuous,standard,8,1
catman_pilot_v1,P024,manipulation,A09,pc_sub,7,human,retain,retain,deny,continuous,anchor,9,1
catman_pilot_v1,P024,manipulation,A09,pc_info,7,human,retain,retain,deny,continuous,anchor,9,1
catman_pilot_v1,P024,manipulation,A09,pc_func,7,human,retain,retain,deny,continuous,anchor,9,1
catman_pilot_v1,P024,manipulation,A09,pc_self,7,human,retain,retain,deny,continuous,anchor,9,1
catman_pilot_v1,P024,manipulation,A09,pc_tran,5,human,retain,retain,deny,continuous,anchor,9,1
catman_pilot_v1,P024,manipulation,C06,pc_sub,7,human,retain,retain,affirm,discontinuous,standard,10,1
catman_pilot_v1,P024,manipulation,C06,pc_info,7,human,retain,retain,affirm,discontinuous,standard,10,1
catman_pilot_v1,P024,manipulation,C06,pc_func,7,human,retain,retain,affirm,discontinuous,standard,10,1
catman_pilot_v1,P024,manipulation,C06,pc_self,7,human,retain,retain,affirm,discontinuous,standard,10,1
catman_pilot_v1,P024,manipulation,C06,pc_tran,5,human,retain,retain,affirm,discontinuous,standard,10,1
catman_pilot_v1,P024,manipulation,C06,k_copy,1,human,retain,retain,affirm,discontinuous,standard,10,1
catman_pilot_v1,P024,manipulation,C06,k_term,1,human,retain,retain,affirm,discontinuous,standard,10,1
catman_pilot_v1,P078,manipulation,C02,pc_sub,1,cat,retain,retain,affirm,continuous,standard,1,1
catman_pilot_v1,P078,manipulation,C02,pc_info,7,cat,retain,retain,affirm,continuous,standard,1,1
catman_pilot_v1,P078,manipulation,C02,pc_func,5,cat,retain,retain,affirm,continuous,standard,1,1
catman_pilot_v1,P078,manipulation,C02,pc_self,6,cat,retain,retain,affirm,continuous,standard,1,1
catman_pilot_v1,P078,manipulation,C02,pc_tran,6,cat,retain,retain,affirm,continuous,standard,1,1
catman_pilot_v1,P078,manipulation,C01,pc_sub,6,human,retain,retain,affirm,continuous,standard,2,1
catman_pilot_v1,P078,manipulation,C01,pc_info,7,human,retain,retain,affirm,continuous,standard,2,1
catman_pilot_v1,P078,manipulation,C01,pc_func,6,human,retain,retain,affirm,continuous,standard,2,1
catman_pilot_v1,P078,manipulation,C01,pc_self,7,human,retain,retain,affirm,continuous,standard,2,1
catman_pilot_v1,P078,manipulation,C01,pc_tran,6,human,retain,retain,affirm,continuous,standard,2,1
catman_pilot_v1,P078,manipulation,C05,pc_sub,6,human,retain,retain,uncertain,continuous,standard,3,1
catman_pilot_v1,P078,manipulation,C05,pc_info,2,human,retain,retain,uncertain,continuous,standard,3,1
catman_pilot_v1,P078,manipulation,C05,pc_func,5,human,retain,retain,uncertain,continuous,standard,3,1
catman_pilot_v1,P078,manipulation,C05,pc_self,2,human,retain,retain,uncertain,continuous,standard,3,1
catman_pilot_v1,P078,manipulation,C05,pc_tran,6,human,retain,retain,uncertain,continuous,standard,3,1
catman_pilot_v1,P078,manipulation,C03,pc_sub,6,human,lost,retain,affirm,continuous,standard,4,1
catman_pilot_v1,P078,manipulation,C03,pc_info,1,human,lost,retain,affirm,continuous,standard,4,1
catman_pilot_v1,P078,manipulation,C03,pc_func,5,human,lost,retain,affirm,continuous,standard,4,1
catman_pilot_v1,P078,manipulation,C03,pc_self,6,human,lost,retain,affirm,continuous,standard,4,1
catman_pilot_v1,P078,manipulation,C03,pc_tran,6,human,lost,retain,affirm,continuous,standard,4,1
catman_pilot_v1,P078,manipulation,C04,pc_sub,6,human,retain,limited,affirm,continuous,standard,5,1
catman_pilot_v1,P078,manipulation,C04,pc_info,7,human,retain,limited,affirm,continuous,standard,5,1
catman_pilot_v1,P078,manipulation,C04,pc_func,4,human,retain,limited,affirm,continuous,standard,5,1
catman_pilot_v1,P078,manipulation,C04,pc_self,6,human,retain,limited,affirm,continuous,standard,5,1
catman_pilot_v1,P078,manipulation,C04,pc_tran,5,human,retain,limited,affirm,continuous,standard,5,1
catman_pilot_v1,P078,manipulation,C06,pc_sub,7,human,retain,retain,affirm,discontinuous,standard,6,1
catman_pilot_v1,P078,manipulation,C06,pc_info,6,human,retain,retain,affirm,discontinuous,standard,6,1
catman_pilot_v1,P078,manipulation,C06,pc_func,7,human,retain,retain,affirm,discontinuous,standard,6,1
catman_pilot_v1,P078,manipulation,C06,pc_self,6,human,retain,retain,affirm,discontinuous,standard,6,1
catman_pilot_v1,P078,manipulation,C06,pc_tran,3,human,retain,retain,affirm,discontinuous,standard,6,1
catman_pilot_v1,P078,manipulation,C06,k_copy,6,human,retain,retain,affirm,discontinuous,standard,6,1
catman_pilot_v1,P078,manipulation,C06,k_term,5,human,retain,retain,affirm,discontinuous,standard,6,1
catman_pilot_v1,P078,manipulation,A09,pc_sub,6,human,retain,retain,deny,continuous,anchor,7,1
catman_pilot_v1,P078,manipulation,A09,pc_info,6,human,retain,retain,deny,continuous,anchor,7,1
catman_pilot_v1,P078,manipulation,A09,pc_func,6,human,retain,retain,deny,continuous,anchor,7,1
catman_pilot_v1,P078,manipulation,A09,pc_self,1,human,retain,retain,deny,continuous,anchor,7,1
catman_pilot_v1,P078,manipulation,A09,pc_tran,6,human,retain,retain,deny,continuous,anchor,7,1
catman_pilot_v1,P078,manipulation,C08,pc_sub,6,human,lost,retain,affirm,discontinuous,standard,8,1
catman_pilot_v1,P078,manipulation,C08,pc_info,2,human,lost,retain,affirm,discontinuous,standard,8,1
catman_pilot_v1,P078,manipulation,C08,pc_func,7,human,lost,retain,affirm,discontinuous,standard,8,1
catman_pilot_v1,P078,manipulation,C08,pc_self,6,human,lost,retain,affirm,discontinuous,standard,8,1
catman_pilot_v1,P078,manipulation,C08,pc_tran,2,human,lost,retain,affirm,discontinuous,standard,8,1
catman_pilot_v1,P078,manipulation,C08,k_copy,6,human,lost,retain,affirm,discontinuous,standard,8,1
catman_pilot_v1,P078,manipulation,C08,k_term,6,human,lost,retain,affirm,discontinuous,standard,8,1
catman_pilot_v1,P078,manipulation,C07,pc_sub,1,cat,retain,retain,affirm,discontinuous,standard,9,1
catman_pilot_v1,P078,manipulation,C07,pc_info,6,cat,retain,retain,affirm,discontinuous,standard,9,1
catman_pilot_v1,P078,manipulation,C07,pc_func,5,cat,retain,retain,affirm,discontinuous,standard,9,1
catman_pilot_v1,P078,manipulation,C07,pc_self,6,cat,retain,retain,affirm,discontinuous,standard,9,1
catman_pilot_v1,P078,manipulation,C07,pc_tran,2,cat,retain,retain,affirm,discontinuous,standard,9,1
catman_pilot_v1,P078,manipulation,C07,k_copy,2,cat,retain,retain,affirm,discontinuous,standard,9,1
catman_pilot_v1,P078,manipulation,C07,k_term,6,cat,retain,retain,affirm,discontinuous,standard,9,1
catman_pilot_v1,P078,manipulation,A10,k_copy,1,cat,retain,retain,affirm,parallel,anchor,10,1
catman_pilot_v1,P078,manipulation,A10,k_term,2,cat,retain,retain,affirm,parallel,anchor,10,1
catman_pilot_v1,P078,manipulation,A10,k_coex,7,cat,retain,retain,affirm,parallel,anchor,10,1
catman_pilot_v1,P078,manipulation,A10,pc_sub,1,cat,retain,retain,affirm,parallel,anchor,10,1
catman_pilot_v1,P078,manipulation,A10,pc_info,5,cat,retain,retain,affirm,parallel,anchor,10,1
catman_pilot_v1,P078,manipulation,A10,pc_func,6,cat,retain,retain,affirm,parallel,anchor,10,1
catman_pilot_v1,P078,manipulation,A10,pc_self,6,cat,retain,retain,affirm,parallel,anchor,10,1
catman_pilot_v1,P078,manipulation,A10,pc_tran,3,cat,retain,retain,affirm,parallel,anchor,10,1
catman_pilot_v1,P076,manipulation,C08,pc_sub,7,human,lost,retain,affirm,discontinuous,standard,1,1
catman_pilot_v1,P076,manipulation,C08,pc_info,1,human,lost,retain,affirm,discontinuous,standard,1,1
catman_pilot_v1,P076,manipulation,C08,pc_func,7,human,lost,retain,affirm,discontinuous,standard,1,1
catman_pilot_v1,P076,manipulation,C08,pc_self,7,human,lost,retain,affirm,discontinuous,standard,1,1
catman_pilot_v1,P076,manipulation,C08,pc_tran,4,human,lost,retain,affirm,discontinuous,standard,1,1
catman_pilot_v1,P076,manipulation,C08,k_copy,5,human,lost,retain,affirm,discontinuous,standard,1,1
catman_pilot_v1,P076,manipulation,C08,k_term,5,human,lost,retain,affirm,discontinuous,standard,1,1
catman_pilot_v1,P076,manipulation,C04,pc_sub,7,human,retain,limited,affirm,continuous,standard,2,1
catman_pilot_v1,P076,manipulation,C04,pc_info,7,human,retain,limited,affirm,continuous,standard,2,1
catman_pilot_v1,P076,manipulation,C04,pc_func,1,human,retain,limited,affirm,continuous,standard,2,1
catman_pilot_v1,P076,manipulation,C04,pc_self,2,human,retain,limited,affirm,continuous,standard,2,1
catman_pilot_v1,P076,manipulation,C04,pc_tran,7,human,retain,limited,affirm,continuous,standard,2,1
catman_pilot_v1,P076,manipulation,C06,pc_sub,7,human,retain,retain,affirm,discontinuous,standard,3,1
catman_pilot_v1,P076,manipulation,C06,pc_info,7,human,retain,retain,affirm,discontinuous,standard,3,1
catman_pilot_v1,P076,manipulation,C06,pc_func,7,human,retain,retain,affirm,discontinuous,standard,3,1
catman_pilot_v1,P076,manipulation,C06,pc_self,7,human,retain,retain,affirm,discontinuous,standard,3,1
catman_pilot_v1,P076,manipulation,C06,pc_tran,3,human,retain,retain,affirm,discontinuous,standard,3,1
catman_pilot_v1,P076,manipulation,C06,k_copy,1,human,retain,retain,affirm,discontinuous,standard,3,1
catman_pilot_v1,P076,manipulation,C06,k_term,7,human,retain,retain,affirm,discontinuous,standard,3,1
catman_pilot_v1,P076,manipulation,C05,pc_sub,7,human,retain,retain,uncertain,continuous,standard,4,1
catman_pilot_v1,P076,manipulation,C05,pc_info,7,human,retain,retain,uncertain,continuous,standard,4,1
catman_pilot_v1,P076,manipulation,C05,pc_func,7,human,retain,retain,uncertain,continuous,standard,4,1
catman_pilot_v1,P076,manipulation,C05,pc_self,2,human,retain,retain,uncertain,continuous,standard,4,1
catman_pilot_v1,P076,manipulation,C05,pc_tran,2,human,retain,retain,uncertain,continuous,standard,4,1
catman_pilot_v1,P076,manipulation,A09,pc_sub,7,human,retain,retain,deny,continuous,anchor,5,1
catman_pilot_v1,P076,manipulation,A09,pc_info,7,human,retain,retain,deny,continuous,anchor,5,1
catman_pilot_v1,P076,manipulation,A09,pc_func,7,human,retain,retain,deny,continuous,anchor,5,1
catman_pilot_v1,P076,manipulation,A09,pc_self,7,human,retain,retain,deny,continuous,anchor,5,1
catman_pilot_v1,P076,manipulation,A09,pc_tran,6,human,retain,retain,deny,continuous,anchor,5,1
catman_pilot_v1,P076,manipulation,C01,pc_sub,7,human,retain,retain,affirm,continuous,standard,6,1
catman_pilot_v1,P076,manipulation,C01,pc_info,7,human,retain,retain,affirm,continuous,standard,6,1
catman_pilot_v1,P076,manipulation,C01,pc_func,7,human,retain,retain,affirm,continuous,standard,6,1
catman_pilot_v1,P076,manipulation,C01,pc_self,7,human,retain,retain,affirm,continuous,standard,6,1
catman_pilot_v1,P076,manipulation,C01,pc_tran,7,human,retain,retain,affirm,continuous,standard,6,1
catman_pilot_v1,P076,manipulation,A10,k_copy,6,cat,retain,retain,affirm,parallel,anchor,7,1
catman_pilot_v1,P076,manipulation,A10,k_term,7,cat,retain,retain,affirm,parallel,anchor,7,1
catman_pilot_v1,P076,manipulation,A10,k_coex,7,cat,retain,retain,affirm,parallel,anchor,7,1
catman_pilot_v1,P076,manipulation,A10,pc_sub,1,cat,retain,retain,affirm,parallel,anchor,7,1
catman_pilot_v1,P076,manipulation,A10,pc_info,7,cat,retain,retain,affirm,parallel,anchor,7,1
catman_pilot_v1,P076,manipulation,A10,pc_func,7,cat,retain,retain,affirm,parallel,anchor,7,1
catman_pilot_v1,P076,manipulation,A10,pc_self,7,cat,retain,retain,affirm,parallel,anchor,7,1
catman_pilot_v1,P076,manipulation,A10,pc_tran,7,cat,retain,retain,affirm,parallel,anchor,7,1
catman_pilot_v1,P076,manipulation,C02,pc_sub,1,cat,retain,retain,affirm,continuous,standard,8,1
catman_pilot_v1,P076,manipulation,C02,pc_info,7,cat,retain,retain,affirm,continuous,standard,8,1
catman_pilot_v1,P076,manipulation,C02,pc_func,7,cat,retain,retain,affirm,continuous,standard,8,1
catman_pilot_v1,P076,manipulation,C02,pc_self,7,cat,retain,retain,affirm,continuous,standard,8,1
catman_pilot_v1,P076,manipulation,C02,pc_tran,7,cat,retain,retain,affirm,continuous,standard,8,1
catman_pilot_v1,P076,manipulation,C03,pc_sub,7,human,lost,retain,affirm,continuous,standard,9,1
catman_pilot_v1,P076,manipulation,C03,pc_info,1,human,lost,retain,affirm,continuous,standard,9,1
catman_pilot_v1,P076,manipulation,C03,pc_func,7,human,lost,retain,affirm,continuous,standard,9,1
catman_pilot_v1,P076,manipulation,C03,pc_self,7,human,lost,retain,affirm,continuous,standard,9,1
catman_pilot_v1,P076,manipulation,C03,pc_tran,2,human,lost,retain,affirm,continuous,standard,9,1
catman_pilot_v1,P076,manipulation,C07,pc_sub,1,cat,retain,retain,affirm,discontinuous,standard,10,1
catman_pilot_v1,P076,manipulation,C07,pc_info,7,cat,retain,retain,affirm,discontinuous,standard,10,1
catman_pilot_v1,P076,manipulation,C07,pc_func,7,cat,retain,retain,affirm,discontinuous,standard,10,1
catman_pilot_v1,P076,manipulation,C07,pc_self,7,cat,retain,retain,affirm,discontinuous,standard,10,1
catman_pilot_v1,P076,manipulation,C07,pc_tran,2,cat,retain,retain,affirm,discontinuous,standard,10,1
catman_pilot_v1,P076,manipulation,C07,k_copy,4,cat,retain,retain,affirm,discontinuous,standard,10,1
catman_pilot_v1,P076,manipulation,C07,k_term,4,cat,retain,retain,affirm,discontinuous,standard,10,1
catman_pilot_v1,P003,manipulation,C07,pc_sub,1,cat,retain,retain,affirm,discontinuous,standard,1,1
catman_pilot_v1,P003,manipulation,C07,pc_info,7,cat,retain,retain,affirm,discontinuous,standard,1,1
catman_pilot_v1,P003,manipulation,C07,pc_func,3,cat,retain,retain,affirm,discontinuous,standard,1,1
catman_pilot_v1,P003,manipulation,C07,pc_self,5,cat,retain,retain,affirm,discontinuous,standard,1,1
catman_pilot_v1,P003,manipulation,C07,pc_tran,1,cat,retain,retain,affirm,discontinuous,standard,1,1
catman_pilot_v1,P003,manipulation,C07,k_copy,3,cat,retain,retain,affirm,discontinuous,standard,1,1
catman_pilot_v1,P003,manipulation,C07,k_term,2,cat,retain,retain,affirm,discontinuous,standard,1,1
catman_pilot_v1,P003,manipulation,C05,pc_sub,7,human,retain,retain,uncertain,continuous,standard,2,1
catman_pilot_v1,P003,manipulation,C05,pc_info,7,human,retain,retain,uncertain,continuous,standard,2,1
catman_pilot_v1,P003,manipulation,C05,pc_func,7,human,retain,retain,uncertain,continuous,standard,2,1
catman_pilot_v1,P003,manipulation,C05,pc_self,3,human,retain,retain,uncertain,continuous,standard,2,1
catman_pilot_v1,P003,manipulation,C05,pc_tran,7,human,retain,retain,uncertain,continuous,standard,2,1
catman_pilot_v1,P003,manipulation,C03,pc_sub,7,human,lost,retain,affirm,continuous,standard,3,1
catman_pilot_v1,P003,manipulation,C03,pc_info,1,human,lost,retain,affirm,continuous,standard,3,1
catman_pilot_v1,P003,manipulation,C03,pc_func,7,human,lost,retain,affirm,continuous,standard,3,1
catman_pilot_v1,P003,manipulation,C03,pc_self,5,human,lost,retain,affirm,continuous,standard,3,1
catman_pilot_v1,P003,manipulation,C03,pc_tran,7,human,lost,retain,affirm,continuous,standard,3,1
catman_pilot_v1,P003,manipulation,C06,pc_sub,7,human,retain,retain,affirm,discontinuous,standard,4,1
catman_pilot_v1,P003,manipulation,C06,pc_info,7,human,retain,retain,affirm,discontinuous,standard,4,1
catman_pilot_v1,P003,manipulation,C06,pc_func,7,human,retain,retain,affirm,discontinuous,standard,4,1
catman_pilot_v1,P003,manipulation,C06,pc_self,5,human,retain,retain,affirm,discontinuous,standard,4,1
catman_pilot_v1,P003,manipulation,C06,pc_tran,1,human,retain,retain,affirm,discontinuous,standard,4,1
catman_pilot_v1,P003,manipulation,C06,k_copy,3,human,retain,retain,affirm,discontinuous,standard,4,1
catman_pilot_v1,P003,manipulation,C06,k_term,2,human,retain,retain,affirm,discontinuous,standard,4,1
catman_pilot_v1,P003,manipulation,C02,pc_sub,1,cat,retain,retain,affirm,continuous,standard,5,1
catman_pilot_v1,P003,manipulation,C02,pc_info,7,cat,retain,retain,affirm,continuous,standard,5,1
catman_pilot_v1,P003,manipulation,C02,pc_func,5,cat,retain,retain,affirm,continuous,standard,5,1
catman_pilot_v1,P003,manipulation,C02,pc_self,5,cat,retain,retain,affirm,continuous,standard,5,1
catman_pilot_v1,P003,manipulation,C02,pc_tran,1,cat,retain,retain,affirm,continuous,standard,5,1
catman_pilot_v1,P003,manipulation,A10,k_copy,6,cat,retain,retain,affirm,parallel,anchor,6,1
catman_pilot_v1,P003,manipulation,A10,k_term,1,cat,retain,retain,affirm,parallel,anchor,6,1
catman_pilot_v1,P003,manipulation,A10,k_coex,7,cat,retain,retain,affirm,parallel,anchor,6,1
catman_pilot_v1,P003,manipulation,A10,pc_sub,1,cat,retain,retain,affirm,parallel,anchor,6,1
catman_pilot_v1,P003,manipulation,A10,pc_info,7,cat,retain,retain,affirm,parallel,anchor,6,1
catman_pilot_v1,P003,manipulation,A10,pc_func,5,cat,retain,retain,affirm,parallel,anchor,6,1
catman_pilot_v1,P003,manipulation,A10,pc_self,7,cat,retain,retain,affirm,parallel,anchor,6,1
catman_pilot_v1,P003,manipulation,A10,pc_tran,5,cat,retain,retain,affirm,parallel,anchor,6,1
catman_pilot_v1,P003,manipulation,C08,pc_sub,7,human,lost,retain,affirm,discontinuous,standard,7,1
catman_pilot_v1,P003,manipulation,C08,pc_info,1,human,lost,retain,affirm,discontinuous,standard,7,1
catman_pilot_v1,P003,manipulation,C08,pc_func,7,human,lost,retain,affirm,discontinuous,standard,7,1
catman_pilot_v1,P003,manipulation,C08,pc_self,3,human,lost,retain,affirm,discontinuous,standard,7,1
catman_pilot_v1,P003,manipulation,C08,pc_tran,3,human,lost,retain,affirm,discontinuous,standard,7,1
catman_pilot_v1,P003,manipulation,C08,k_copy,6,human,lost,retain,affirm,discontinuous,standard,7,1
catman_pilot_v1,P003,manipulation,C08,k_term,3,human,lost,retain,affirm,discontinuous,standard,7,1
catman_pilot_v1,P003,manipulation,C01,pc_sub,7,human,retain,retain,affirm,continuous,standard,8,1
catman_pilot_v1,P003,manipulation,C01,pc_info,7,human,retain,retain,affirm,continuous,standard,8,1
catman_pilot_v1,P003,manipulation,C01,pc_func,7,human,retain,retain,affirm,continuous,standard,8,1
catman_pilot_v1,P003,manipulation,C01,pc_self,3,human,retain,retain,affirm,continuous,standard,8,1
catman_pilot_v1,P003,manipulation,C01,pc_tran,6,human,retain,retain,affirm,continuous,standard,8,1
catman_pilot_v1,P003,manipulation,C04,pc_sub,7,human,retain,limited,affirm,continuous,standard,9,1
catman_pilot_v1,P003,manipulation,C04,pc_info,7,human,retain,limited,affirm,continuous,standard,9,1
catman_pilot_v1,P003,manipulation,C04,pc_func,1,human,retain,limited,affirm,continuous,standard,9,1
catman_pilot_v1,P003,manipulation,C04,pc_self,4,human,retain,limited,affirm,continuous,standard,9,1
catman_pilot_v1,P003,manipulation,C04,pc_tran,5,human,retain,limited,affirm,continuous,standard,9,1
catman_pilot_v1,P003,manipulation,A09,pc_sub,7,human,retain,retain,deny,continuous,anchor,10,1
catman_pilot_v1,P003,manipulation,A09,pc_info,7,human,retain,retain,deny,continuous,anchor,10,1
catman_pilot_v1,P003,manipulation,A09,pc_func,7,human,retain,retain,deny,continuous,anchor,10,1
catman_pilot_v1,P003,manipulation,A09,pc_self,1,human,retain,retain,deny,continuous,anchor,10,1
catman_pilot_v1,P003,manipulation,A09,pc_tran,5,human,retain,retain,deny,continuous,anchor,10,1
catman_pilot_v1,P061,manipulation,C01,pc_sub,5,human,retain,retain,affirm,continuous,standard,1,1
catman_pilot_v1,P061,manipulation,C01,pc_info,7,human,retain,retain,affirm,continuous,standard,1,1
catman_pilot_v1,P061,manipulation,C01,pc_func,5,human,retain,retain,affirm,continuous,standard,1,1
catman_pilot_v1,P061,manipulation,C01,pc_self,4,human,retain,retain,affirm,continuous,standard,1,1
catman_pilot_v1,P061,manipulation,C01,pc_tran,5,human,retain,retain,affirm,continuous,standard,1,1
catman_pilot_v1,P061,manipulation,C04,pc_sub,4,human,retain,limited,affirm,continuous,standard,2,1
catman_pilot_v1,P061,manipulation,C04,pc_info,6,human,retain,limited,affirm,continuous,standard,2,1
catman_pilot_v1,P061,manipulation,C04,pc_func,3,human,retain,limited,affirm,continuous,standard,2,1
catman_pilot_v1,P061,manipulation,C04,pc_self,5,human,retain,limited,affirm,continuous,standard,2,1
catman_pilot_v1,P061,manipulation,C04,pc_tran,4,human,retain,limited,affirm,continuous,standard,2,1
catman_pilot_v1,P061,manipulation,C02,pc_sub,1,cat,retain,retain,affirm,continuous,standard,3,1
catman_pilot_v1,P061,manipulation,C02,pc_info,6,cat,retain,retain,affirm,continuous,standard,3,1
catman_pilot_v1,P061,manipulation,C02,pc_func,6,cat,retain,retain,affirm,continuous,standard,3,1
catman_pilot_v1,P061,manipulation,C02,pc_self,5,cat,retain,retain,affirm,continuous,standard,3,1
catman_pilot_v1,P061,manipulation,C02,pc_tran,6,cat,retain,retain,affirm,continuous,standard,3,1
catman_pilot_v1,P061,manipulation,C03,pc_sub,6,human,lost,retain,affirm,continuous,standard,4,1
catman_pilot_v1,P061,manipulation,C03,pc_info,1,human,lost,retain,affirm,continuous,standard,4,1
catman_pilot_v1,P061,manipulation,C03,pc_func,6,human,lost,retain,affirm,continuous,standard,4,1
catman_pilot_v1,P061,manipulation,C03,pc_self,5,human,lost,retain,affirm,continuous,standard,4,1
catman_pilot_v1,P061,manipulation,C03,pc_tran,6,human,lost,retain,affirm,continuous,standard,4,1
catman_pilot_v1,P061,manipulation,A10,k_copy,6,cat,retain,retain,affirm,parallel,anchor,5,1
catman_pilot_v1,P061,manipulation,A10,k_term,5,cat,retain,retain,affirm,parallel,anchor,5,1
catman_pilot_v1,P061,manipulation,A10,k_coex,3,cat,retain,retain,affirm,parallel,anchor,5,1
catman_pilot_v1,P061,manipulation,A10,pc_sub,1,cat,retain,retain,affirm,parallel,anchor,5,1
catman_pilot_v1,P061,manipulation,A10,pc_info,6,cat,retain,retain,affirm,parallel,anchor,5,1
catman_pilot_v1,P061,manipulation,A10,pc_func,6,cat,retain,retain,affirm,parallel,anchor,5,1
catman_pilot_v1,P061,manipulation,A10,pc_self,5,cat,retain,retain,affirm,parallel,anchor,5,1
catman_pilot_v1,P061,manipulation,A10,pc_tran,4,cat,retain,retain,affirm,parallel,anchor,5,1
catman_pilot_v1,P061,manipulation,C08,pc_sub,6,human,lost,retain,affirm,discontinuous,standard,6,1
catman_pilot_v1,P061,manipulation,C08,pc_info,1,human,lost,retain,affirm,discontinuous,standard,6,1
catman_pilot_v1,P061,manipulation,C08,pc_func,6,human,lost,retain,affirm,discontinuous,standard,6,1
catman_pilot_v1,P061,manipulation,C08,pc_self,5,human,lost,retain,affirm,discontinuous,standard,6,1
catman_pilot_v1,P061,manipulation,C08,pc_tran,5,human,lost,retain,affirm,discontinuous,standard,6,1
catman_pilot_v1,P061,manipulation,C08,k_copy,6,human,lost,retain,affirm,discontinuous,standard,6,1
catman_pilot_v1,P061,manipulation,C08,k_term,5,human,lost,retain,affirm,discontinuous,standard,6,1
catman_pilot_v1,P061,manipulation,A09,pc_sub,6,human,retain,retain,deny,continuous,anchor,7,1
catman_pilot_v1,P061,manipulation,A09,pc_info,6,human,retain,retain,deny,continuous,anchor,7,1
catman_pilot_v1,P061,manipulation,A09,pc_func,5,human,retain,retain,deny,continuous,anchor,7,1
catman_pilot_v1,P061,manipulation,A09,pc_self,5,human,retain,retain,deny,continuous,anchor,7,1
catman_pilot_v1,P061,manipulation,A09,pc_tran,4,human,retain,retain,deny,continuous,anchor,7,1
catman_pilot_v1,P061,manipulation,C05,pc_sub,6,human,retain,retain,uncertain,continuous,standard,8,1
catman_pilot_v1,P061,manipulation,C05,pc_info,6,human,retain,retain,uncertain,continuous,standard,8,1
catman_pilot_v1,P061,manipulation,C05,pc_func,5,human,retain,retain,uncertain,continuous,standard,8,1
catman_pilot_v1,P061,manipulation,C05,pc_self,3,human,retain,retain,uncertain,continuous,standard,8,1
catman_pilot_v1,P061,manipulation,C05,pc_tran,4,human,retain,retain,uncertain,continuous,standard,8,1
catman_pilot_v1,P061,manipulation,C06,pc_sub,6,human,retain,retain,affirm,discontinuous,standard,9,1
catman_pilot_v1,P061,manipulation,C06,pc_info,6,human,retain,retain,affirm,discontinuous,standard,9,1
catman_pilot_v1,P061,manipulation,C06,pc_func,5,human,retain,retain,affirm,discontinuous,standard,9,1
catman_pilot_v1,P061,manipulation,C06,pc_self,5,human,retain,retain,affirm,discontinuous,standard,9,1
catman_pilot_v1,P061,manipulation,C06,pc_tran,4,human,retain,retain,affirm,discontinuous,standard,9,1
catman_pilot_v1,P061,manipulation,C06,k_copy,6,human,retain,retain,affirm,discontinuous,standard,9,1
catman_pilot_v1,P061,manipulation,C06,k_term,5,human,retain,retain,affirm,discontinuous,standard,9,1
catman_pilot_v1,P061,manipulation,C07,pc_sub,1,cat,retain,retain,affirm,discontinuous,standard,10,1
catman_pilot_v1,P061,manipulation,C07,pc_info,6,cat,retain,retain,affirm,discontinuous,standard,10,1
catman_pilot_v1,P061,manipulation,C07,pc_func,5,cat,retain,retain,affirm,discontinuous,standard,10,1
catman_pilot_v1,P061,manipulation,C07,pc_self,5,cat,retain,retain,affirm,discontinuous,standard,10,1
catman_pilot_v1,P061,manipulation,C07,pc_tran,3,cat,retain,retain,affirm,discontinuous,standard,10,1
catman_pilot_v1,P061,manipulation,C07,k_copy,6,cat,retain,retain,affirm,discontinuous,standard,10,1
catman_pilot_v1,P061,manipulation,C07,k_term,5,cat,retain,retain,affirm,discontinuous,standard,10,1
catman_pilot_v1,P050,manipulation,C05,pc_sub,7,human,retain,retain,uncertain,continuous,standard,1,1
catman_pilot_v1,P050,manipulation,C05,pc_info,7,human,retain,retain,uncertain,continuous,standard,1,1
catman_pilot_v1,P050,manipulation,C05,pc_func,7,human,retain,retain,uncertain,continuous,standard,1,1
catman_pilot_v1,P050,manipulation,C05,pc_self,4,human,retain,retain,uncertain,continuous,standard,1,1
catman_pilot_v1,P050,manipulation,C05,pc_tran,7,human,retain,retain,uncertain,continuous,standard,1,1
catman_pilot_v1,P050,manipulation,C02,pc_sub,1,cat,retain,retain,affirm,continuous,standard,2,1
catman_pilot_v1,P050,manipulation,C02,pc_info,7,cat,retain,retain,affirm,continuous,standard,2,1
catman_pilot_v1,P050,manipulation,C02,pc_func,7,cat,retain,retain,affirm,continuous,standard,2,1
catman_pilot_v1,P050,manipulation,C02,pc_self,7,cat,retain,retain,affirm,continuous,standard,2,1
catman_pilot_v1,P050,manipulation,C02,pc_tran,7,cat,retain,retain,affirm,continuous,standard,2,1
catman_pilot_v1,P050,manipulation,C03,pc_sub,7,human,lost,retain,affirm,continuous,standard,3,1
catman_pilot_v1,P050,manipulation,C03,pc_info,1,human,lost,retain,affirm,continuous,standard,3,1
catman_pilot_v1,P050,manipulation,C03,pc_func,7,human,lost,retain,affirm,continuous,standard,3,1
catman_pilot_v1,P050,manipulation,C03,pc_self,7,human,lost,retain,affirm,continuous,standard,3,1
catman_pilot_v1,P050,manipulation,C03,pc_tran,7,human,lost,retain,affirm,continuous,standard,3,1
catman_pilot_v1,P050,manipulation,C08,pc_sub,7,human,lost,retain,affirm,discontinuous,standard,4,1
catman_pilot_v1,P050,manipulation,C08,pc_info,1,human,lost,retain,affirm,discontinuous,standard,4,1
catman_pilot_v1,P050,manipulation,C08,pc_func,7,human,lost,retain,affirm,discontinuous,standard,4,1
catman_pilot_v1,P050,manipulation,C08,pc_self,7,human,lost,retain,affirm,discontinuous,standard,4,1
catman_pilot_v1,P050,manipulation,C08,pc_tran,1,human,lost,retain,affirm,discontinuous,standard,4,1
catman_pilot_v1,P050,manipulation,C08,k_copy,2,human,lost,retain,affirm,discontinuous,standard,4,1
catman_pilot_v1,P050,manipulation,C08,k_term,7,human,lost,retain,affirm,discontinuous,standard,4,1
catman_pilot_v1,P050,manipulation,C07,pc_sub,1,cat,retain,retain,affirm,discontinuous,standard,5,1
catman_pilot_v1,P050,manipulation,C07,pc_info,7,cat,retain,retain,affirm,discontinuous,standard,5,1
catman_pilot_v1,P050,manipulation,C07,pc_func,7,cat,retain,retain,affirm,discontinuous,standard,5,1
catman_pilot_v1,P050,manipulation,C07,pc_self,7,cat,retain,retain,affirm,discontinuous,standard,5,1
catman_pilot_v1,P050,manipulation,C07,pc_tran,1,cat,retain,retain,affirm,discontinuous,standard,5,1
catman_pilot_v1,P050,manipulation,C07,k_copy,2,cat,retain,retain,affirm,discontinuous,standard,5,1
catman_pilot_v1,P050,manipulation,C07,k_term,7,cat,retain,retain,affirm,discontinuous,standard,5,1
catman_pilot_v1,P050,manipulation,C06,pc_sub,7,human,retain,retain,affirm,discontinuous,standard,6,1
catman_pilot_v1,P050,manipulation,C06,pc_info,7,human,retain,retain,affirm,discontinuous,standard,6,1
catman_pilot_v1,P050,manipulation,C06,pc_func,7,human,retain,retain,affirm,discontinuous,standard,6,1
catman_pilot_v1,P050,manipulation,C06,pc_self,7,human,retain,retain,affirm,discontinuous,standard,6,1
catman_pilot_v1,P050,manipulation,C06,pc_tran,1,human,retain,retain,affirm,discontinuous,standard,6,1
catman_pilot_v1,P050,manipulation,C06,k_copy,7,human,retain,retain,affirm,discontinuous,standard,6,1
catman_pilot_v1,P050,manipulation,C06,k_term,7,human,retain,retain,affirm,discontinuous,standard,6,1
catman_pilot_v1,P050,manipulation,C01,pc_sub,7,human,retain,retain,affirm,continuous,standard,7,1
catman_pilot_v1,P050,manipulation,C01,pc_info,7,human,retain,retain,affirm,continuous,standard,7,1
catman_pilot_v1,P050,manipulation,C01,pc_func,7,human,retain,retain,affirm,continuous,standard,7,1
catman_pilot_v1,P050,manipulation,C01,pc_self,7,human,retain,retain,affirm,continuous,standard,7,1
catman_pilot_v1,P050,manipulation,C01,pc_tran,7,human,retain,retain,affirm,continuous,standard,7,1
catman_pilot_v1,P050,manipulation,A09,pc_sub,7,human,retain,retain,deny,continuous,anchor,8,1
catman_pilot_v1,P050,manipulation,A09,pc_info,7,human,retain,retain,deny,continuous,anchor,8,1
catman_pilot_v1,P050,manipulation,A09,pc_func,7,human,retain,retain,deny,continuous,anchor,8,1
catman_pilot_v1,P050,manipulation,A09,pc_self,1,human,retain,retain,deny,continuous,anchor,8,1
catman_pilot_v1,P050,manipulation,A09,pc_tran,7,human,retain,retain,deny,continuous,anchor,8,1
catman_pilot_v1,P050,manipulation,A10,k_copy,7,cat,retain,retain,affirm,parallel,anchor,9,1
catman_pilot_v1,P050,manipulation,A10,k_term,1,cat,retain,retain,affirm,parallel,anchor,9,1
catman_pilot_v1,P050,manipulation,A10,k_coex,7,cat,retain,retain,affirm,parallel,anchor,9,1
catman_pilot_v1,P050,manipulation,A10,pc_sub,1,cat,retain,retain,affirm,parallel,anchor,9,1
catman_pilot_v1,P050,manipulation,A10,pc_info,7,cat,retain,retain,affirm,parallel,anchor,9,1
catman_pilot_v1,P050,manipulation,A10,pc_func,7,cat,retain,retain,affirm,parallel,anchor,9,1
catman_pilot_v1,P050,manipulation,A10,pc_self,7,cat,retain,retain,affirm,parallel,anchor,9,1
catman_pilot_v1,P050,manipulation,A10,pc_tran,1,cat,retain,retain,affirm,parallel,anchor,9,1
catman_pilot_v1,P050,manipulation,C04,pc_sub,7,human,retain,limited,affirm,continuous,standard,10,1
catman_pilot_v1,P050,manipulation,C04,pc_info,7,human,retain,limited,affirm,continuous,standard,10,1
catman_pilot_v1,P050,manipulation,C04,pc_func,3,human,retain,limited,affirm,continuous,standard,10,1
catman_pilot_v1,P050,manipulation,C04,pc_self,7,human,retain,limited,affirm,continuous,standard,10,1
catman_pilot_v1,P050,manipulation,C04,pc_tran,7,human,retain,limited,affirm,continuous,standard,10,1
catman_pilot_v1,P098,manipulation,C08,pc_sub,5,human,lost,retain,affirm,discontinuous,standard,1,1
catman_pilot_v1,P098,manipulation,C08,pc_info,6,human,lost,retain,affirm,discontinuous,standard,1,1
catman_pilot_v1,P098,manipulation,C08,pc_func,5,human,lost,retain,affirm,discontinuous,standard,1,1
catman_pilot_v1,P098,manipulation,C08,pc_self,4,human,lost,retain,affirm,discontinuous,standard,1,1
catman_pilot_v1,P098,manipulation,C08,pc_tran,5,human,lost,retain,affirm,discontinuous,standard,1,1
catman_pilot_v1,P098,manipulation,C08,k_copy,5,human,lost,retain,affirm,discontinuous,standard,1,1
catman_pilot_v1,P098,manipulation,C08,k_term,3,human,lost,retain,affirm,discontinuous,standard,1,1
catman_pilot_v1,P098,manipulation,C01,pc_sub,7,human,retain,retain,affirm,continuous,standard,2,1
catman_pilot_v1,P098,manipulation,C01,pc_info,7,human,retain,retain,affirm,continuous,standard,2,1
catman_pilot_v1,P098,manipulation,C01,pc_func,7,human,retain,retain,affirm,continuous,standard,2,1
catman_pilot_v1,P098,manipulation,C01,pc_self,7,human,retain,retain,affirm,continuous,standard,2,1
catman_pilot_v1,P098,manipulation,C01,pc_tran,7,human,retain,retain,affirm,continuous,standard,2,1
catman_pilot_v1,P098,manipulation,C04,pc_sub,7,human,retain,limited,affirm,continuous,standard,3,1
catman_pilot_v1,P098,manipulation,C04,pc_info,7,human,retain,limited,affirm,continuous,standard,3,1
catman_pilot_v1,P098,manipulation,C04,pc_func,2,human,retain,limited,affirm,continuous,standard,3,1
catman_pilot_v1,P098,manipulation,C04,pc_self,7,human,retain,limited,affirm,continuous,standard,3,1
catman_pilot_v1,P098,manipulation,C04,pc_tran,7,human,retain,limited,affirm,continuous,standard,3,1
catman_pilot_v1,P098,manipulation,C07,pc_sub,7,cat,retain,retain,affirm,discontinuous,standard,4,1
catman_pilot_v1,P098,manipulation,C07,pc_info,7,cat,retain,retain,affirm,discontinuous,standard,4,1
catman_pilot_v1,P098,manipulation,C07,pc_func,6,cat,retain,retain,affirm,discontinuous,standard,4,1
catman_pilot_v1,P098,manipulation,C07,pc_self,1,cat,retain,retain,affirm,discontinuous,standard,4,1
catman_pilot_v1,P098,manipulation,C07,pc_tran,6,cat,retain,retain,affirm,discontinuous,standard,4,1
catman_pilot_v1,P098,manipulation,C07,k_copy,5,cat,retain,retain,affirm,discontinuous,standard,4,1
catman_pilot_v1,P098,manipulation,C07,k_term,4,cat,retain,retain,affirm,discontinuous,standard,4,1
catman_pilot_v1,P098,manipulation,C03,pc_sub,7,human,lost,retain,affirm,continuous,standard,5,1
catman_pilot_v1,P098,manipulation,C03,pc_info,7,human,lost,retain,affirm,continuous,standard,5,1
catman_pilot_v1,P098,manipulation,C03,pc_func,7,human,lost,retain,affirm,continuous,standard,5,1
catman_pilot_v1,P098,manipulation,C03,pc_self,7,human,lost,retain,affirm,continuous,standard,5,1
catman_pilot_v1,P098,manipulation,C03,pc_tran,7,human,lost,retain,affirm,continuous,standard,5,1
catman_pilot_v1,P098,manipulation,C06,pc_sub,7,human,retain,retain,affirm,discontinuous,standard,6,1
catman_pilot_v1,P098,manipulation,C06,pc_info,7,human,retain,retain,affirm,discontinuous,standard,6,1
catman_pilot_v1,P098,manipulation,C06,pc_func,7,human,retain,retain,affirm,discontinuous,standard,6,1
catman_pilot_v1,P098,manipulation,C06,pc_self,7,human,retain,retain,affirm,discontinuous,standard,6,1
catman_pilot_v1,P098,manipulation,C06,pc_tran,6,human,retain,retain,affirm,discontinuous,standard,6,1
catman_pilot_v1,P098,manipulation,C06,k_copy,6,human,retain,retain,affirm,discontinuous,standard,6,1
catman_pilot_v1,P098,manipulation,C06,k_term,7,human,retain,retain,affirm,discontinuous,standard,6,1
catman_pilot_v1,P098,manipulation,A10,k_copy,7,cat,retain,retain,affirm,parallel,anchor,7,1
catman_pilot_v1,P098,manipulation,A10,k_term,5,cat,retain,retain,affirm,parallel,anchor,7,1
catman_pilot_v1,P098,manipulation,A10,k_coex,7,cat,retain,retain,affirm,parallel,anchor,7,1
catman_pilot_v1,P098,manipulation,A10,pc_sub,1,cat,retain,retain,affirm,parallel,anchor,7,1
catman_pilot_v1,P098,manipulation,A10,pc_info,6,cat,retain,retain,affirm,parallel,anchor,7,1
catman_pilot_v1,P098,manipulation,A10,pc_func,7,cat,retain,retain,affirm,parallel,anchor,7,1
catman_pilot_v1,P098,manipulation,A10,pc_self,7,cat,retain,retain,affirm,parallel,anchor,7,1
catman_pilot_v1,P098,manipulation,A10,pc_tran,5,cat,retain,retain,affirm,parallel,anchor,7,1
catman_pilot_v1,P098,manipulation,C05,pc_sub,7,human,retain,retain,uncertain,continuous,standard,8,1
catman_pilot_v1,P098,manipulation,C05,pc_info,7,human,retain,retain,uncertain,continuous,standard,8,1
catman_pilot_v1,P098,manipulation,C05,pc_func,7,human,retain,retain,uncertain,continuous,standard,8,1
catman_pilot_v1,P098,manipulation,C05,pc_self,1,human,retain,retain,uncertain,continuous,standard,8,1
catman_pilot_v1,P098,manipulation,C05,pc_tran,4,human,retain,retain,uncertain,continuous,standard,8,1
catman_pilot_v1,P098,manipulation,A09,pc_sub,7,human,retain,retain,deny,continuous,anchor,9,1
catman_pilot_v1,P098,manipulation,A09,pc_info,7,human,retain,retain,deny,continuous,anchor,9,1
catman_pilot_v1,P098,manipulation,A09,pc_func,7,human,retain,retain,deny,continuous,anchor,9,1
catman_pilot_v1,P098,manipulation,A09,pc_self,1,human,retain,retain,deny,continuous,anchor,9,1
catman_pilot_v1,P098,manipulation,A09,pc_tran,5,human,retain,retain,deny,continuous,anchor,9,1
catman_pilot_v1,P098,manipulation,C02,pc_sub,1,cat,retain,retain,affirm,continuous,standard,10,1
catman_pilot_v1,P098,manipulation,C02,pc_info,7,cat,retain,retain,affirm,continuous,standard,10,1
catman_pilot_v1,P098,manipulation,C02,pc_func,7,cat,retain,retain,affirm,continuous,standard,10,1
catman_pilot_v1,P098,manipulation,C02,pc_self,7,cat,retain,retain,affirm,continuous,standard,10,1
catman_pilot_v1,P098,manipulation,C02,pc_tran,5,cat,retain,retain,affirm,continuous,standard,10,1
catman_pilot_v1,P006,manipulation,C07,pc_sub,1,cat,retain,retain,affirm,discontinuous,standard,1,1
catman_pilot_v1,P006,manipulation,C07,pc_info,7,cat,retain,retain,affirm,discontinuous,standard,1,1
catman_pilot_v1,P006,manipulation,C07,pc_func,7,cat,retain,retain,affirm,discontinuous,standard,1,1
catman_pilot_v1,P006,manipulation,C07,pc_self,3,cat,retain,retain,affirm,discontinuous,standard,1,1
catman_pilot_v1,P006,manipulation,C07,pc_tran,1,cat,retain,retain,affirm,discontinuous,standard,1,1
catman_pilot_v1,P006,manipulation,C07,k_copy,7,cat,retain,retain,affirm,discontinuous,standard,1,1
catman_pilot_v1,P006,manipulation,C07,k_term,1,cat,retain,retain,affirm,discontinuous,standard,1,1
catman_pilot_v1,P006,manipulation,C08,pc_sub,7,human,lost,retain,affirm,discontinuous,standard,2,1
catman_pilot_v1,P006,manipulation,C08,pc_info,1,human,lost,retain,affirm,discontinuous,standard,2,1
catman_pilot_v1,P006,manipulation,C08,pc_func,7,human,lost,retain,affirm,discontinuous,standard,2,1
catman_pilot_v1,P006,manipulation,C08,pc_self,1,human,lost,retain,affirm,discontinuous,standard,2,1
catman_pilot_v1,P006,manipulation,C08,pc_tran,1,human,lost,retain,affirm,discontinuous,standard,2,1
catman_pilot_v1,P006,manipulation,C08,k_copy,1,human,lost,retain,affirm,discontinuous,standard,2,1
catman_pilot_v1,P006,manipulation,C08,k_term,1,human,lost,retain,affirm,discontinuous,standard,2,1
catman_pilot_v1,P006,manipulation,C03,pc_sub,7,human,lost,retain,affirm,continuous,standard,3,1
catman_pilot_v1,P006,manipulation,C03,pc_info,1,human,lost,retain,affirm,continuous,standard,3,1
catman_pilot_v1,P006,manipulation,C03,pc_func,7,human,lost,retain,affirm,continuous,standard,3,1
catman_pilot_v1,P006,manipulation,C03,pc_self,4,human,lost,retain,affirm,continuous,standard,3,1
catman_pilot_v1,P006,manipulation,C03,pc_tran,7,human,lost,retain,affirm,continuous,standard,3,1
catman_pilot_v1,P006,manipulation,C01,pc_sub,7,human,retain,retain,affirm,continuous,standard,4,1
catman_pilot_v1,P006,manipulation,C01,pc_info,7,human,retain,retain,affirm,continuous,standard,4,1
catman_pilot_v1,P006,manipulation,C01,pc_func,7,human,retain,retain,affirm,continuous,standard,4,1
catman_pilot_v1,P006,manipulation,C01,pc_self,7,human,retain,retain,affirm,continuous,standard,4,1
catman_pilot_v1,P006,manipulation,C01,pc_tran,1,human,retain,retain,affirm,continuous,standard,4,1
catman_pilot_v1,P006,manipulation,C02,pc_sub,1,cat,retain,retain,affirm,continuous,standard,5,1
catman_pilot_v1,P006,manipulation,C02,pc_info,7,cat,retain,retain,affirm,continuous,standard,5,1
catman_pilot_v1,P006,manipulation,C02,pc_func,7,cat,retain,retain,affirm,continuous,standard,5,1
catman_pilot_v1,P006,manipulation,C02,pc_self,7,cat,retain,retain,affirm,continuous,standard,5,1
catman_pilot_v1,P006,manipulation,C02,pc_tran,7,cat,retain,retain,affirm,continuous,standard,5,1
catman_pilot_v1,P006,manipulation,A09,pc_sub,7,human,retain,retain,deny,continuous,anchor,6,1
catman_pilot_v1,P006,manipulation,A09,pc_info,7,human,retain,retain,deny,continuous,anchor,6,1
catman_pilot_v1,P006,manipulation,A09,pc_func,7,human,retain,retain,deny,continuous,anchor,6,1
catman_pilot_v1,P006,manipulation,A09,pc_self,1,human,retain,retain,deny,continuous,anchor,6,1
catman_pilot_v1,P006,manipulation,A09,pc_tran,7,human,retain,retain,deny,continuous,anchor,6,1
catman_pilot_v1,P006,manipulation,C04,pc_sub,7,human,retain,limited,affirm,continuous,standard,7,1
catman_pilot_v1,P006,manipulation,C04,pc_info,7,human,retain,limited,affirm,continuous,standard,7,1
catman_pilot_v1,P006,manipulation,C04,pc_func,1,human,retain,limited,affirm,continuous,standard,7,1
catman_pilot_v1,P006,manipulation,C04,pc_self,7,human,retain,limited,affirm,continuous,standard,7,1
catman_pilot_v1,P006,manipulation,C04,pc_tran,7,human,retain,limited,affirm,continuous,standard,7,1
catman_pilot_v1,P006,manipulation,C05,pc_sub,7,human,retain,retain,uncertain,continuous,standard,8,1
catman_pilot_v1,P006,manipulation,C05,pc_info,7,human,retain,retain,uncertain,continuous,standard,8,1
catman_pilot_v1,P006,manipulation,C05,pc_func,7,human,retain,retain,uncertain,continuous,standard,8,1
catman_pilot_v1,P006,manipulation,C05,pc_self,4,human,retain,retain,uncertain,continuous,standard,8,1
catman_pilot_v1,P006,manipulation,C05,pc_tran,7,human,retain,retain,uncertain,continuous,standard,8,1
catman_pilot_v1,P006,manipulation,A10,k_copy,7,cat,retain,retain,affirm,parallel,anchor,9,1
catman_pilot_v1,P006,manipulation,A10,k_term,7,cat,retain,retain,affirm,parallel,anchor,9,1
catman_pilot_v1,P006,manipulation,A10,k_coex,7,cat,retain,retain,affirm,parallel,anchor,9,1
catman_pilot_v1,P006,manipulation,A10,pc_sub,1,cat,retain,retain,affirm,parallel,anchor,9,1
catman_pilot_v1,P006,manipulation,A10,pc_info,7,cat,retain,retain,affirm,parallel,anchor,9,1
catman_pilot_v1,P006,manipulation,A10,pc_func,7,cat,retain,retain,affirm,parallel,anchor,9,1
catman_pilot_v1,P006,manipulation,A10,pc_self,7,cat,retain,retain,affirm,parallel,anchor,9,1
catman_pilot_v1,P006,manipulation,A10,pc_tran,7,cat,retain,retain,affirm,parallel,anchor,9,1
catman_pilot_v1,P006,manipulation,C06,pc_sub,7,human,retain,retain,affirm,discontinuous,standard,10,1
catman_pilot_v1,P006,manipulation,C06,pc_info,7,human,retain,retain,affirm,discontinuous,standard,10,1
catman_pilot_v1,P006,manipulation,C06,pc_func,7,human,retain,retain,affirm,discontinuous,standard,10,1
catman_pilot_v1,P006,manipulation,C06,pc_self,7,human,retain,retain,affirm,discontinuous,standard,10,1
catman_pilot_v1,P006,manipulation,C06,pc_tran,7,human,retain,retain,affirm,discontinuous,standard,10,1
catman_pilot_v1,P006,manipulation,C06,k_copy,7,human,retain,retain,affirm,discontinuous,standard,10,1
catman_pilot_v1,P006,manipulation,C06,k_term,7,human,retain,retain,affirm,discontinuous,standard,10,1
catman_pilot_v1,P014,manipulation,C03,pc_sub,2,human,lost,retain,affirm,continuous,standard,1,1
catman_pilot_v1,P014,manipulation,C03,pc_info,5,human,lost,retain,affirm,continuous,standard,1,1
catman_pilot_v1,P014,manipulation,C03,pc_func,4,human,lost,retain,affirm,continuous,standard,1,1
catman_pilot_v1,P014,manipulation,C03,pc_self,4,human,lost,retain,affirm,continuous,standard,1,1
catman_pilot_v1,P014,manipulation,C03,pc_tran,2,human,lost,retain,affirm,continuous,standard,1,1
catman_pilot_v1,P014,manipulation,C07,pc_sub,1,cat,retain,retain,affirm,discontinuous,standard,2,1
catman_pilot_v1,P014,manipulation,C07,pc_info,5,cat,retain,retain,affirm,discontinuous,standard,2,1
catman_pilot_v1,P014,manipulation,C07,pc_func,2,cat,retain,retain,affirm,discontinuous,standard,2,1
catman_pilot_v1,P014,manipulation,C07,pc_self,4,cat,retain,retain,affirm,discontinuous,standard,2,1
catman_pilot_v1,P014,manipulation,C07,pc_tran,1,cat,retain,retain,affirm,discontinuous,standard,2,1
catman_pilot_v1,P014,manipulation,C07,k_copy,5,cat,retain,retain,affirm,discontinuous,standard,2,1
catman_pilot_v1,P014,manipulation,C07,k_term,4,cat,retain,retain,affirm,discontinuous,standard,2,1
catman_pilot_v1,P014,manipulation,C08,pc_sub,6,human,lost,retain,affirm,discontinuous,standard,3,1
catman_pilot_v1,P014,manipulation,C08,pc_info,1,human,lost,retain,affirm,discontinuous,standard,3,1
catman_pilot_v1,P014,manipulation,C08,pc_func,2,human,lost,retain,affirm,discontinuous,standard,3,1
catman_pilot_v1,P014,manipulation,C08,pc_self,5,human,lost,retain,affirm,discontinuous,standard,3,1
catman_pilot_v1,P014,manipulation,C08,pc_tran,1,human,lost,retain,affirm,discontinuous,standard,3,1
catman_pilot_v1,P014,manipulation,C08,k_copy,5,human,lost,retain,affirm,discontinuous,standard,3,1
catman_pilot_v1,P014,manipulation,C08,k_term,6,human,lost,retain,affirm,discontinuous,standard,3,1
catman_pilot_v1,P014,manipulation,C04,pc_sub,6,human,retain,limited,affirm,continuous,standard,4,1
catman_pilot_v1,P014,manipulation,C04,pc_info,1,human,retain,limited,affirm,continuous,standard,4,1
catman_pilot_v1,P014,manipulation,C04,pc_func,1,human,retain,limited,affirm,continuous,standard,4,1
catman_pilot_v1,P014,manipulation,C04,pc_self,4,human,retain,limited,affirm,continuous,standard,4,1
catman_pilot_v1,P014,manipulation,C04,pc_tran,7,human,retain,limited,affirm,continuous,standard,4,1
catman_pilot_v1,P014,manipulation,A10,k_copy,4,cat,retain,retain,affirm,parallel,anchor,5,1
catman_pilot_v1,P014,manipulation,A10,k_term,1,cat,retain,retain,affirm,parallel,anchor,5,1
catman_pilot_v1,P014,manipulation,A10,k_coex,6,cat,retain,retain,affirm,parallel,anchor,5,1
catman_pilot_v1,P014,manipulation,A10,pc_sub,1,cat,retain,retain,affirm,parallel,anchor,5,1
catman_pilot_v1,P014,manipulation,A10,pc_info,4,cat,retain,retain,affirm,parallel,anchor,5,1
catman_pilot_v1,P014,manipulation,A10,pc_func,3,cat,retain,retain,affirm,parallel,anchor,5,1
catman_pilot_v1,P014,manipulation,A10,pc_self,4,cat,retain,retain,affirm,parallel,anchor,5,1
catman_pilot_v1,P014,manipulation,A10,pc_tran,4,cat,retain,retain,affirm,parallel,anchor,5,1
catman_pilot_v1,P014,manipulation,C01,pc_sub,6,human,retain,retain,affirm,continuous,standard,6,1
catman_pilot_v1,P014,manipulation,C01,pc_info,6,human,retain,retain,affirm,continuous,standard,6,1
catman_pilot_v1,P014,manipulation,C01,pc_func,6,human,retain,retain,affirm,continuous,standard,6,1
catman_pilot_v1,P014,manipulation,C01,pc_self,6,human,retain,retain,affirm,continuous,standard,6,1
catman_pilot_v1,P014,manipulation,C01,pc_tran,6,human,retain,retain,affirm,continuous,standard,6,1
catman_pilot_v1,P014,manipulation,A09,pc_sub,6,human,retain,retain,deny,continuous,anchor,7,1
catman_pilot_v1,P014,manipulation,A09,pc_info,6,human,retain,retain,deny,continuous,anchor,7,1
catman_pilot_v1,P014,manipulation,A09,pc_func,6,human,retain,retain,deny,continuous,anchor,7,1
catman_pilot_v1,P014,manipulation,A09,pc_self,2,human,retain,retain,deny,continuous,anchor,7,1
catman_pilot_v1,P014,manipulation,A09,pc_tran,6,human,retain,retain,deny,continuous,anchor,7,1
catman_pilot_v1,P014,manipulation,C06,pc_sub,6,human,retain,retain,affirm,discontinuous,standard,8,1
catman_pilot_v1,P014,manipulation,C06,pc_info,6,human,retain,retain,affirm,discontinuous,standard,8,1
catman_pilot_v1,P014,manipulation,C06,pc_func,6,human,retain,retain,affirm,discontinuous,standard,8,1
catman_pilot_v1,P014,manipulation,C06,pc_self,6,human,retain,retain,affirm,discontinuous,standard,8,1
catman_pilot_v1,P014,manipulation,C06,pc_tran,2,human,retain,retain,affirm,discontinuous,standard,8,1
catman_pilot_v1,P014,manipulation,C06,k_copy,5,human,retain,retain,affirm,discontinuous,standard,8,1
catman_pilot_v1,P014,manipulation,C06,k_term,4,human,retain,retain,affirm,discontinuous,standard,8,1
catman_pilot_v1,P014,manipulation,C05,pc_sub,6,human,retain,retain,uncertain,continuous,standard,9,1
catman_pilot_v1,P014,manipulation,C05,pc_info,6,human,retain,retain,uncertain,continuous,standard,9,1
catman_pilot_v1,P014,manipulation,C05,pc_func,6,human,retain,retain,uncertain,continuous,standard,9,1
catman_pilot_v1,P014,manipulation,C05,pc_self,3,human,retain,retain,uncertain,continuous,standard,9,1
catman_pilot_v1,P014,manipulation,C05,pc_tran,2,human,retain,retain,uncertain,continuous,standard,9,1
catman_pilot_v1,P014,manipulation,C02,pc_sub,1,cat,retain,retain,affirm,continuous,standard,10,1
catman_pilot_v1,P014,manipulation,C02,pc_info,6,cat,retain,retain,affirm,continuous,standard,10,1
catman_pilot_v1,P014,manipulation,C02,pc_func,2,cat,retain,retain,affirm,continuous,standard,10,1
catman_pilot_v1,P014,manipulation,C02,pc_self,5,cat,retain,retain,affirm,continuous,standard,10,1
catman_pilot_v1,P014,manipulation,C02,pc_tran,6,cat,retain,retain,affirm,continuous,standard,10,1
catman_pilot_v1,P040,judgment,C08,j_identity,6,human,lost,retain,affirm,discontinuous,standard,1,1
catman_pilot_v1,P040,judgment,C08,j_likeness,6,human,lost,retain,affirm,discontinuous,standard,1,1
catman_pilot_v1,P040,judgment,C08,j_relationship,4,human,lost,retain,affirm,discontinuous,standard,1,1
catman_pilot_v1,P040,judgment,C08,j_obligation,5,human,lost,retain,affirm,discontinuous,standard,1,1
catman_pilot_v1,P040,judgment,C08,j_treatment,5,human,lost,retain,affirm,discontinuous,standard,1,1
catman_pilot_v1,P040,judgment,C03,j_identity,3,human,lost,retain,affirm,continuous,standard,2,1
catman_pilot_v1,P040,judgment,C03,j_likeness,3,human,lost,retain,affirm,continuous,standard,2,1
catman_pilot_v1,P040,judgment,C03,j_relationship,2,human,lost,retain,affirm,continuous,standard,2,1
catman_pilot_v1,P040,judgment,C03,j_obligation,2,human,lost,retain,affirm,continuous,standard,2,1
catman_pilot_v1,P040,judgment,C03,j_treatment,5,human,lost,retain,affirm,continuous,standard,2,1
catman_pilot_v1,P040,judgment,C02,j_identity,2,cat,retain,retain,affirm,continuous,standard,3,1
catman_pilot_v1,P040,judgment,C02,j_likeness,5,cat,retain,retain,affirm,continuous,standard,3,1
catman_pilot_v1,P040,judgment,C02,j_relationship,5,cat,retain,retain,affirm,continuous,standard,3,1
catman_pilot_v1,P040,judgment,C02,j_obligation,4,cat,retain,retain,affirm,continuous,standard,3,1
catman_pilot_v1,P040,judgment,C02,j_treatment,4,cat,retain,retain,affirm,continuous,standard,3,1
catman_pilot_v1,P040,judgment,C01,j_identity,6,human,retain,retain,affirm,continuous,standard,4,1
catman_pilot_v1,P040,judgment,C01,j_likeness,6,human,retain,retain,affirm,continuous,standard,4,1
catman_pilot_v1,P040,judgment,C01,j_relationship,5,human,retain,retain,affirm,continuous,standard,4,1
catman_pilot_v1,P040,judgment,C01,j_obligation,5,human,retain,retain,affirm,continuous,standard,4,1
catman_pilot_v1,P040,judgment,C01,j_treatment,5,human,retain,retain,affirm,continuous,standard,4,1
catman_pilot_v1,P040,judgment,A10,j_ab,2,cat,retain,retain,affirm,parallel,anchor,5,1
catman_pilot_v1,P040,judgment,A10,j_ac,5,cat,retain,retain,affirm,parallel,anchor,5,1
catman_pilot_v1,P040,judgment,A10,j_bc,5,cat,retain,retain,affirm,parallel,anchor,5,1
catman_pilot_v1,P040,judgment,A10,j_excl,3,cat,retain,retain,affirm,parallel,anchor,5,1
catman_pilot_v1,P040,judgment,A10,j_relationship,5,cat,retain,retain,affirm,parallel,anchor,5,1
catman_pilot_v1,P040,judgment,A10,j_obligation,5,cat,retain,retain,affirm,parallel,anchor,5,1
catman_pilot_v1,P040,judgment,A10,j_treatment,4,cat,retain,retain,affirm,parallel,anchor,5,1
catman_pilot_v1,P040,judgment,C05,j_identity,6,human,retain,retain,uncertain,continuous,standard,6,1
catman_pilot_v1,P040,judgment,C05,j_likeness,6,human,retain,retain,uncertain,continuous,standard,6,1
catman_pilot_v1,P040,judgment,C05,j_relationship,5,human,retain,retain,uncertain,continuous,standard,6,1
catman_pilot_v1,P040,judgment,C05,j_obligation,5,human,retain,retain,uncertain,continuous,standard,6,1
catman_pilot_v1,P040,judgment,C05,j_treatment,6,human,retain,retain,uncertain,continuous,standard,6,1
catman_pilot_v1,P040,judgment,C06,j_identity,6,human,retain,retain,affirm,discontinuous,standard,7,1
catman_pilot_v1,P040,judgment,C06,j_likeness,6,human,retain,retain,affirm,discontinuous,standard,7,1
catman_pilot_v1,P040,judgment,C06,j_relationship,6,human,retain,retain,affirm,discontinuous,standard,7,1
catman_pilot_v1,P040,judgment,C06,j_obligation,6,human,retain,retain,affirm,discontinuous,standard,7,1
catman_pilot_v1,P040,judgment,C06,j_treatment,6,human,retain,retain,affirm,discontinuous,standard,7,1
catman_pilot_v1,P040,judgment,C07,j_identity,3,cat,retain,retain,affirm,discontinuous,standard,8,1
catman_pilot_v1,P040,judgment,C07,j_likeness,3,cat,retain,retain,affirm,discontinuous,standard,8,1
catman_pilot_v1,P040,judgment,C07,j_relationship,5,cat,retain,retain,affirm,discontinuous,standard,8,1
catman_pilot_v1,P040,judgment,C07,j_obligation,5,cat,retain,retain,affirm,discontinuous,standard,8,1
catman_pilot_v1,P040,judgment,C07,j_treatment,3,cat,retain,retain,affirm,discontinuous,standard,8,1
catman_pilot_v1,P040,judgment,C04,j_identity,4,human,retain,limited,affirm,continuous,standard,9,1
catman_pilot_v1,P040,judgment,C04,j_likeness,5,human,retain,limited,affirm,continuous,standard,9,1
catman_pilot_v1,P040,judgment,C04,j_relationship,5,human,retain,limited,affirm,continuous,standard,9,1
catman_pilot_v1,P040,judgment,C04,j_obligation,4,human,retain,limited,affirm,continuous,standard,9,1
catman_pilot_v1,P040,judgment,C04,j_treatment,3,human,retain,limited,affirm,continuous,standard,9,1
catman_pilot_v1,P040,judgment,A09,j_identity,6,human,retain,retain,deny,continuous,anchor,10,1
catman_pilot_v1,P040,judgment,A09,j_likeness,6,human,retain,retain,deny,continuous,anchor,10,1
catman_pilot_v1,P040,judgment,A09,j_relationship,6,human,retain,retain,deny,continuous,anchor,10,1
catman_pilot_v1,P040,judgment,A09,j_obligation,5,human,retain,retain,deny,continuous,anchor,10,1
catman_pilot_v1,P040,judgment,A09,j_treatment,5,human,retain,retain,deny,continuous,anchor,10,1
catman_pilot_v1,P040,judgment,A09,v_epistemic,2,human,retain,retain,deny,continuous,anchor,10,1
catman_pilot_v1,P040,judgment,A09,v_normative,4,human,retain,retain,deny,continuous,anchor,10,1
catman_pilot_v1,P091,manipulation,C05,pc_sub,7,human,retain,retain,uncertain,continuous,standard,1,1
catman_pilot_v1,P091,manipulation,C05,pc_info,7,human,retain,retain,uncertain,continuous,standard,1,1
catman_pilot_v1,P091,manipulation,C05,pc_func,7,human,retain,retain,uncertain,continuous,standard,1,1
catman_pilot_v1,P091,manipulation,C05,pc_self,7,human,retain,retain,uncertain,continuous,standard,1,1
catman_pilot_v1,P091,manipulation,C05,pc_tran,4,human,retain,retain,uncertain,continuous,standard,1,1
catman_pilot_v1,P091,manipulation,C03,pc_sub,7,human,lost,retain,affirm,continuous,standard,2,1
catman_pilot_v1,P091,manipulation,C03,pc_info,1,human,lost,retain,affirm,continuous,standard,2,1
catman_pilot_v1,P091,manipulation,C03,pc_func,7,human,lost,retain,affirm,continuous,standard,2,1
catman_pilot_v1,P091,manipulation,C03,pc_self,7,human,lost,retain,affirm,continuous,standard,2,1
catman_pilot_v1,P091,manipulation,C03,pc_tran,2,human,lost,retain,affirm,continuous,standard,2,1
catman_pilot_v1,P091,manipulation,C08,pc_sub,7,human,lost,retain,affirm,discontinuous,standard,3,1
catman_pilot_v1,P091,manipulation,C08,pc_info,1,human,lost,retain,affirm,discontinuous,standard,3,1
catman_pilot_v1,P091,manipulation,C08,pc_func,7,human,lost,retain,affirm,discontinuous,standard,3,1
catman_pilot_v1,P091,manipulation,C08,pc_self,7,human,lost,retain,affirm,discontinuous,standard,3,1
catman_pilot_v1,P091,manipulation,C08,pc_tran,1,human,lost,retain,affirm,discontinuous,standard,3,1
catman_pilot_v1,P091,manipulation,C08,k_copy,1,human,lost,retain,affirm,discontinuous,standard,3,1
catman_pilot_v1,P091,manipulation,C08,k_term,1,human,lost,retain,affirm,discontinuous,standard,3,1
catman_pilot_v1,P091,manipulation,C01,pc_sub,7,human,retain,retain,affirm,continuous,standard,4,1
catman_pilot_v1,P091,manipulation,C01,pc_info,7,human,retain,retain,affirm,continuous,standard,4,1
catman_pilot_v1,P091,manipulation,C01,pc_func,7,human,retain,retain,affirm,continuous,standard,4,1
catman_pilot_v1,P091,manipulation,C01,pc_self,3,human,retain,retain,affirm,continuous,standard,4,1
catman_pilot_v1,P091,manipulation,C01,pc_tran,2,human,retain,retain,affirm,continuous,standard,4,1
catman_pilot_v1,P091,manipulation,A09,pc_sub,7,human,retain,retain,deny,continuous,anchor,5,1
catman_pilot_v1,P091,manipulation,A09,pc_info,7,human,retain,retain,deny,continuous,anchor,5,1
catman_pilot_v1,P091,manipulation,A09,pc_func,7,human,retain,retain,deny,continuous,anchor,5,1
catman_pilot_v1,P091,manipulation,A09,pc_self,1,human,retain,retain,deny,continuous,anchor,5,1
catman_pilot_v1,P091,manipulation,A09,pc_tran,2,human,retain,retain,deny,continuous,anchor,5,1
catman_pilot_v1,P091,manipulation,A10,k_copy,2,cat,retain,retain,affirm,parallel,anchor,6,1
catman_pilot_v1,P091,manipulation,A10,k_term,2,cat,retain,retain,affirm,parallel,anchor,6,1
catman_pilot_v1,P091,manipulation,A10,k_coex,5,cat,retain,retain,affirm,parallel,anchor,6,1
catman_pilot_v1,P091,manipulation,A10,pc_sub,7,cat,retain,retain,affirm,parallel,anchor,6,1
catman_pilot_v1,P091,manipulation,A10,pc_info,7,cat,retain,retain,affirm,parallel,anchor,6,1
catman_pilot_v1,P091,manipulation,A10,pc_func,7,cat,retain,retain,affirm,parallel,anchor,6,1
catman_pilot_v1,P091,manipulation,A10,pc_self,4,cat,retain,retain,affirm,parallel,anchor,6,1
catman_pilot_v1,P091,manipulation,A10,pc_tran,2,cat,retain,retain,affirm,parallel,anchor,6,1
catman_pilot_v1,P091,manipulation,C04,pc_sub,7,human,retain,limited,affirm,continuous,standard,7,1
catman_pilot_v1,P091,manipulation,C04,pc_info,7,human,retain,limited,affirm,continuous,standard,7,1
catman_pilot_v1,P091,manipulation,C04,pc_func,1,human,retain,limited,affirm,continuous,standard,7,1
catman_pilot_v1,P091,manipulation,C04,pc_self,3,human,retain,limited,affirm,continuous,standard,7,1
catman_pilot_v1,P091,manipulation,C04,pc_tran,3,human,retain,limited,affirm,continuous,standard,7,1
catman_pilot_v1,P091,manipulation,C07,pc_sub,1,cat,retain,retain,affirm,discontinuous,standard,8,1
catman_pilot_v1,P091,manipulation,C07,pc_info,7,cat,retain,retain,affirm,discontinuous,standard,8,1
catman_pilot_v1,P091,manipulation,C07,pc_func,7,cat,retain,retain,affirm,discontinuous,standard,8,1
catman_pilot_v1,P091,manipulation,C07,pc_self,7,cat,retain,retain,affirm,discontinuous,standard,8,1
catman_pilot_v1,P091,manipulation,C07,pc_tran,2,cat,retain,retain,affirm,discontinuous,standard,8,1
catman_pilot_v1,P091,manipulation,C07,k_copy,4,cat,retain,retain,affirm,discontinuous,standard,8,1
catman_pilot_v1,P091,manipulation,C07,k_term,4,cat,retain,retain,affirm,discontinuous,standard,8,1
catman_pilot_v1,P091,manipulation,C06,pc_sub,7,human,retain,retain,affirm,discontinuous,standard,9,1
catman_pilot_v1,P091,manipulation,C06,pc_info,7,human,retain,retain,affirm,discontinuous,standard,9,1
catman_pilot_v1,P091,manipulation,C06,pc_func,7,human,retain,retain,affirm,discontinuous,standard,9,1
catman_pilot_v1,P091,manipulation,C06,pc_self,7,human,retain,retain,affirm,discontinuous,standard,9,1
catman_pilot_v1,P091,manipulation,C06,pc_tran,2,human,retain,retain,affirm,discontinuous,standard,9,1
catman_pilot_v1,P091,manipulation,C06,k_copy,4,human,retain,retain,affirm,discontinuous,standard,9,1
catman_pilot_v1,P091,manipulation,C06,k_term,5,human,retain,retain,affirm,discontinuous,standard,9,1
catman_pilot_v1,P091,manipulation,C02,pc_sub,1,cat,retain,retain,affirm,continuous,standard,10,1
catman_pilot_v1,P091,manipulation,C02,pc_info,7,cat,retain,retain,affirm,continuous,standard,10,1
catman_pilot_v1,P091,manipulation,C02,pc_func,7,cat,retain,retain,affirm,continuous,standard,10,1
catman_pilot_v1,P091,manipulation,C02,pc_self,7,cat,retain,retain,affirm,continuous,standard,10,1
catman_pilot_v1,P091,manipulation,C02,pc_tran,6,cat,retain,retain,affirm,continuous,standard,10,1
catman_pilot_v1,P001,manipulation,C07,pc_sub,6,cat,retain,retain,affirm,discontinuous,standard,1,1
catman_pilot_v1,P001,manipulation,C07,pc_info,6,cat,retain,retain,affirm,discontinuous,standard,1,1
catman_pilot_v1,P001,manipulation,C07,pc_func,6,cat,retain,retain,affirm,discontinuous,standard,1,1
catman_pilot_v1,P001,manipulation,C07,pc_self,6,cat,retain,retain,affirm,discontinuous,standard,1,1
catman_pilot_v1,P001,manipulation,C07,pc_tran,2,cat,retain,retain,affirm,discontinuous,standard,1,1
catman_pilot_v1,P001,manipulation,C07,k_copy,2,cat,retain,retain,affirm,discontinuous,standard,1,1
catman_pilot_v1,P001,manipulation,C07,k_term,6,cat,retain,retain,affirm,discontinuous,standard,1,1
catman_pilot_v1,P001,manipulation,C08,pc_sub,6,human,lost,retain,affirm,discontinuous,standard,2,1
catman_pilot_v1,P001,manipulation,C08,pc_info,2,human,lost,retain,affirm,discontinuous,standard,2,1
catman_pilot_v1,P001,manipulation,C08,pc_func,6,human,lost,retain,affirm,discontinuous,standard,2,1
catman_pilot_v1,P001,manipulation,C08,pc_self,6,human,lost,retain,affirm,discontinuous,standard,2,1
catman_pilot_v1,P001,manipulation,C08,pc_tran,1,human,lost,retain,affirm,discontinuous,standard,2,1
catman_pilot_v1,P001,manipulation,C08,k_copy,2,human,lost,retain,affirm,discontinuous,standard,2,1
catman_pilot_v1,P001,manipulation,C08,k_term,6,human,lost,retain,affirm,discontinuous,standard,2,1
catman_pilot_v1,P001,manipulation,C03,pc_sub,7,human,lost,retain,affirm,continuous,standard,3,1
catman_pilot_v1,P001,manipulation,C03,pc_info,1,human,lost,retain,affirm,continuous,standard,3,1
catman_pilot_v1,P001,manipulation,C03,pc_func,6,human,lost,retain,affirm,continuous,standard,3,1
catman_pilot_v1,P001,manipulation,C03,pc_self,6,human,lost,retain,affirm,continuous,standard,3,1
catman_pilot_v1,P001,manipulation,C03,pc_tran,7,human,lost,retain,affirm,continuous,standard,3,1
catman_pilot_v1,P001,manipulation,C04,pc_sub,6,human,retain,limited,affirm,continuous,standard,4,1
catman_pilot_v1,P001,manipulation,C04,pc_info,6,human,retain,limited,affirm,continuous,standard,4,1
catman_pilot_v1,P001,manipulation,C04,pc_func,2,human,retain,limited,affirm,continuous,standard,4,1
catman_pilot_v1,P001,manipulation,C04,pc_self,7,human,retain,limited,affirm,continuous,standard,4,1
catman_pilot_v1,P001,manipulation,C04,pc_tran,7,human,retain,limited,affirm,continuous,standard,4,1
catman_pilot_v1,P001,manipulation,C02,pc_sub,1,cat,retain,retain,affirm,continuous,standard,5,1
catman_pilot_v1,P001,manipulation,C02,pc_info,7,cat,retain,retain,affirm,continuous,standard,5,1
catman_pilot_v1,P001,manipulation,C02,pc_func,6,cat,retain,retain,affirm,continuous,standard,5,1
catman_pilot_v1,P001,manipulation,C02,pc_self,7,cat,retain,retain,affirm,continuous,standard,5,1
catman_pilot_v1,P001,manipulation,C02,pc_tran,7,cat,retain,retain,affirm,continuous,standard,5,1
catman_pilot_v1,P001,manipulation,C01,pc_sub,7,human,retain,retain,affirm,continuous,standard,6,1
catman_pilot_v1,P001,manipulation,C01,pc_info,7,human,retain,retain,affirm,continuous,standard,6,1
catman_pilot_v1,P001,manipulation,C01,pc_func,7,human,retain,retain,affirm,continuous,standard,6,1
catman_pilot_v1,P001,manipulation,C01,pc_self,7,human,retain,retain,affirm,continuous,standard,6,1
catman_pilot_v1,P001,manipulation,C01,pc_tran,7,human,retain,retain,affirm,continuous,standard,6,1
catman_pilot_v1,P001,manipulation,A09,pc_sub,7,human,retain,retain,deny,continuous,anchor,7,1
catman_pilot_v1,P001,manipulation,A09,pc_info,7,human,retain,retain,deny,continuous,anchor,7,1
catman_pilot_v1,P001,manipulation,A09,pc_func,7,human,retain,retain,deny,continuous,anchor,7,1
catman_pilot_v1,P001,manipulation,A09,pc_self,2,human,retain,retain,deny,continuous,anchor,7,1
catman_pilot_v1,P001,manipulation,A09,pc_tran,7,human,retain,retain,deny,continuous,anchor,7,1
catman_pilot_v1,P001,manipulation,C06,pc_sub,7,human,retain,retain,affirm,discontinuous,standard,8,1
catman_pilot_v1,P001,manipulation,C06,pc_info,7,human,retain,retain,affirm,discontinuous,standard,8,1
catman_pilot_v1,P001,manipulation,C06,pc_func,7,human,retain,retain,affirm,discontinuous,standard,8,1
catman_pilot_v1,P001,manipulation,C06,pc_self,7,human,retain,retain,affirm,discontinuous,standard,8,1
catman_pilot_v1,P001,manipulation,C06,pc_tran,6,human,retain,retain,affirm,discontinuous,standard,8,1
catman_pilot_v1,P001,manipulation,C06,k_copy,1,human,retain,retain,affirm,discontinuous,standard,8,1
catman_pilot_v1,P001,manipulation,C06,k_term,1,human,retain,retain,affirm,discontinuous,standard,8,1
catman_pilot_v1,P001,manipulation,C05,pc_sub,7,human,retain,retain,uncertain,continuous,standard,9,1
catman_pilot_v1,P001,manipulation,C05,pc_info,7,human,retain,retain,uncertain,continuous,standard,9,1
catman_pilot_v1,P001,manipulation,C05,pc_func,7,human,retain,retain,uncertain,continuous,standard,9,1
catman_pilot_v1,P001,manipulation,C05,pc_self,1,human,retain,retain,uncertain,continuous,standard,9,1
catman_pilot_v1,P001,manipulation,C05,pc_tran,7,human,retain,retain,uncertain,continuous,standard,9,1
catman_pilot_v1,P001,manipulation,A10,k_copy,1,cat,retain,retain,affirm,parallel,anchor,10,1
catman_pilot_v1,P001,manipulation,A10,k_term,1,cat,retain,retain,affirm,parallel,anchor,10,1
catman_pilot_v1,P001,manipulation,A10,k_coex,7,cat,retain,retain,affirm,parallel,anchor,10,1
catman_pilot_v1,P001,manipulation,A10,pc_sub,1,cat,retain,retain,affirm,parallel,anchor,10,1
catman_pilot_v1,P001,manipulation,A10,pc_info,7,cat,retain,retain,affirm,parallel,anchor,10,1
catman_pilot_v1,P001,manipulation,A10,pc_func,7,cat,retain,retain,affirm,parallel,anchor,10,1
catman_pilot_v1,P001,manipulation,A10,pc_self,7,cat,retain,retain,affirm,parallel,anchor,10,1
catman_pilot_v1,P001,manipulation,A10,pc_tran,1,cat,retain,retain,affirm,parallel,anchor,10,1
catman_pilot_v1,P023,manipulation,C01,pc_sub,7,human,retain,retain,affirm,continuous,standard,1,1
catman_pilot_v1,P023,manipulation,C01,pc_info,7,human,retain,retain,affirm,continuous,standard,1,1
catman_pilot_v1,P023,manipulation,C01,pc_func,7,human,retain,retain,affirm,continuous,standard,1,1
catman_pilot_v1,P023,manipulation,C01,pc_self,7,human,retain,retain,affirm,continuous,standard,1,1
catman_pilot_v1,P023,manipulation,C01,pc_tran,7,human,retain,retain,affirm,continuous,standard,1,1
catman_pilot_v1,P023,manipulation,C08,pc_sub,7,human,lost,retain,affirm,discontinuous,standard,2,1
catman_pilot_v1,P023,manipulation,C08,pc_info,1,human,lost,retain,affirm,discontinuous,standard,2,1
catman_pilot_v1,P023,manipulation,C08,pc_func,7,human,lost,retain,affirm,discontinuous,standard,2,1
catman_pilot_v1,P023,manipulation,C08,pc_self,7,human,lost,retain,affirm,discontinuous,standard,2,1
catman_pilot_v1,P023,manipulation,C08,pc_tran,4,human,lost,retain,affirm,discontinuous,standard,2,1
catman_pilot_v1,P023,manipulation,C08,k_copy,4,human,lost,retain,affirm,discontinuous,standard,2,1
catman_pilot_v1,P023,manipulation,C08,k_term,1,human,lost,retain,affirm,discontinuous,standard,2,1
catman_pilot_v1,P023,manipulation,C07,pc_sub,1,cat,retain,retain,affirm,discontinuous,standard,3,1
catman_pilot_v1,P023,manipulation,C07,pc_info,7,cat,retain,retain,affirm,discontinuous,standard,3,1
catman_pilot_v1,P023,manipulation,C07,pc_func,1,cat,retain,retain,affirm,discontinuous,standard,3,1
catman_pilot_v1,P023,manipulation,C07,pc_self,1,cat,retain,retain,affirm,discontinuous,standard,3,1
catman_pilot_v1,P023,manipulation,C07,pc_tran,1,cat,retain,retain,affirm,discontinuous,standard,3,1
catman_pilot_v1,P023,manipulation,C07,k_copy,7,cat,retain,retain,affirm,discontinuous,standard,3,1
catman_pilot_v1,P023,manipulation,C07,k_term,1,cat,retain,retain,affirm,discontinuous,standard,3,1
catman_pilot_v1,P023,manipulation,C02,pc_sub,1,cat,retain,retain,affirm,continuous,standard,4,1
catman_pilot_v1,P023,manipulation,C02,pc_info,7,cat,retain,retain,affirm,continuous,standard,4,1
catman_pilot_v1,P023,manipulation,C02,pc_func,1,cat,retain,retain,affirm,continuous,standard,4,1
catman_pilot_v1,P023,manipulation,C02,pc_self,1,cat,retain,retain,affirm,continuous,standard,4,1
catman_pilot_v1,P023,manipulation,C02,pc_tran,7,cat,retain,retain,affirm,continuous,standard,4,1
catman_pilot_v1,P023,manipulation,C06,pc_sub,7,human,retain,retain,affirm,discontinuous,standard,5,1
catman_pilot_v1,P023,manipulation,C06,pc_info,7,human,retain,retain,affirm,discontinuous,standard,5,1
catman_pilot_v1,P023,manipulation,C06,pc_func,7,human,retain,retain,affirm,discontinuous,standard,5,1
catman_pilot_v1,P023,manipulation,C06,pc_self,7,human,retain,retain,affirm,discontinuous,standard,5,1
catman_pilot_v1,P023,manipulation,C06,pc_tran,1,human,retain,retain,affirm,discontinuous,standard,5,1
catman_pilot_v1,P023,manipulation,C06,k_copy,4,human,retain,retain,affirm,discontinuous,standard,5,1
catman_pilot_v1,P023,manipulation,C06,k_term,1,human,retain,retain,affirm,discontinuous,standard,5,1
catman_pilot_v1,P023,manipulation,C04,pc_sub,7,human,retain,limited,affirm,continuous,standard,6,1
catman_pilot_v1,P023,manipulation,C04,pc_info,7,human,retain,limited,affirm,continuous,standard,6,1
catman_pilot_v1,P023,manipulation,C04,pc_func,1,human,retain,limited,affirm,continuous,standard,6,1
catman_pilot_v1,P023,manipulation,C04,pc_self,1,human,retain,limited,affirm,continuous,standard,6,1
catman_pilot_v1,P023,manipulation,C04,pc_tran,1,human,retain,limited,affirm,continuous,standard,6,1
catman_pilot_v1,P023,manipulation,C03,pc_sub,7,human,lost,retain,affirm,continuous,standard,7,1
catman_pilot_v1,P023,manipulation,C03,pc_info,1,human,lost,retain,affirm,continuous,standard,7,1
catman_pilot_v1,P023,manipulation,C03,pc_func,7,human,lost,retain,affirm,continuous,standard,7,1
catman_pilot_v1,P023,manipulation,C03,pc_self,7,human,lost,retain,affirm,continuous,standard,7,1
catman_pilot_v1,P023,manipulation,C03,pc_tran,7,human,lost,retain,affirm,continuous,standard,7,1
catman_pilot_v1,P023,manipulation,A09,pc_sub,7,human,retain,retain,deny,continuous,anchor,8,1
catman_pilot_v1,P023,manipulation,A09,pc_info,7,human,retain,retain,deny,continuous,anchor,8,1
catman_pilot_v1,P023,manipulation,A09,pc_func,7,human,retain,retain,deny,continuous,anchor,8,1
catman_pilot_v1,P023,manipulation,A09,pc_self,7,human,retain,retain,deny,continuous,anchor,8,1
catman_pilot_v1,P023,manipulation,A09,pc_tran,7,human,retain,retain,deny,continuous,anchor,8,1
catman_pilot_v1,P023,manipulation,A10,k_copy,1,cat,retain,retain,affirm,parallel,anchor,9,1
catman_pilot_v1,P023,manipulation,A10,k_term,7,cat,retain,retain,affirm,parallel,anchor,9,1
catman_pilot_v1,P023,manipulation,A10,k_coex,7,cat,retain,retain,affirm,parallel,anchor,9,1
catman_pilot_v1,P023,manipulation,A10,pc_sub,1,cat,retain,retain,affirm,parallel,anchor,9,1
catman_pilot_v1,P023,manipulation,A10,pc_info,7,cat,retain,retain,affirm,parallel,anchor,9,1
catman_pilot_v1,P023,manipulation,A10,pc_func,7,cat,retain,retain,affirm,parallel,anchor,9,1
catman_pilot_v1,P023,manipulation,A10,pc_self,4,cat,retain,retain,affirm,parallel,anchor,9,1
catman_pilot_v1,P023,manipulation,A10,pc_tran,4,cat,retain,retain,affirm,parallel,anchor,9,1
catman_pilot_v1,P023,manipulation,C05,pc_sub,7,human,retain,retain,uncertain,continuous,standard,10,1
catman_pilot_v1,P023,manipulation,C05,pc_info,7,human,retain,retain,uncertain,continuous,standard,10,1
catman_pilot_v1,P023,manipulation,C05,pc_func,7,human,retain,retain,uncertain,continuous,standard,10,1
catman_pilot_v1,P023,manipulation,C05,pc_self,7,human,retain,retain,uncertain,continuous,standard,10,1
catman_pilot_v1,P023,manipulation,C05,pc_tran,7,human,retain,retain,uncertain,continuous,standard,10,1
catman_pilot_v1,P046,manipulation,C08,pc_sub,3,human,lost,retain,affirm,discontinuous,standard,1,1
catman_pilot_v1,P046,manipulation,C08,pc_info,6,human,lost,retain,affirm,discontinuous,standard,1,1
catman_pilot_v1,P046,manipulation,C08,pc_func,6,human,lost,retain,affirm,discontinuous,standard,1,1
catman_pilot_v1,P046,manipulation,C08,pc_self,5,human,lost,retain,affirm,discontinuous,standard,1,1
catman_pilot_v1,P046,manipulation,C08,pc_tran,6,human,lost,retain,affirm,discontinuous,standard,1,1
catman_pilot_v1,P046,manipulation,C08,k_copy,6,human,lost,retain,affirm,discontinuous,standard,1,1
catman_pilot_v1,P046,manipulation,C08,k_term,5,human,lost,retain,affirm,discontinuous,standard,1,1
catman_pilot_v1,P046,manipulation,C01,pc_sub,6,human,retain,retain,affirm,continuous,standard,2,1
catman_pilot_v1,P046,manipulation,C01,pc_info,6,human,retain,retain,affirm,continuous,standard,2,1
catman_pilot_v1,P046,manipulation,C01,pc_func,6,human,retain,retain,affirm,continuous,standard,2,1
catman_pilot_v1,P046,manipulation,C01,pc_self,6,human,retain,retain,affirm,continuous,standard,2,1
catman_pilot_v1,P046,manipulation,C01,pc_tran,7,human,retain,retain,affirm,continuous,standard,2,1
catman_pilot_v1,P046,manipulation,C04,pc_sub,5,human,retain,limited,affirm,continuous,standard,3,1
catman_pilot_v1,P046,manipulation,C04,pc_info,2,human,retain,limited,affirm,continuous,standard,3,1
catman_pilot_v1,P046,manipulation,C04,pc_func,2,human,retain,limited,affirm,continuous,standard,3,1
catman_pilot_v1,P046,manipulation,C04,pc_self,2,human,retain,limited,affirm,continuous,standard,3,1
catman_pilot_v1,P046,manipulation,C04,pc_tran,2,human,retain,limited,affirm,continuous,standard,3,1
catman_pilot_v1,P046,manipulation,C03,pc_sub,6,human,lost,retain,affirm,continuous,standard,4,1
catman_pilot_v1,P046,manipulation,C03,pc_info,6,human,lost,retain,affirm,continuous,standard,4,1
catman_pilot_v1,P046,manipulation,C03,pc_func,6,human,lost,retain,affirm,continuous,standard,4,1
catman_pilot_v1,P046,manipulation,C03,pc_self,2,human,lost,retain,affirm,continuous,standard,4,1
catman_pilot_v1,P046,manipulation,C03,pc_tran,2,human,lost,retain,affirm,continuous,standard,4,1
catman_pilot_v1,P046,manipulation,A09,pc_sub,6,human,retain,retain,deny,continuous,anchor,5,1
catman_pilot_v1,P046,manipulation,A09,pc_info,6,human,retain,retain,deny,continuous,anchor,5,1
catman_pilot_v1,P046,manipulation,A09,pc_func,6,human,retain,retain,deny,continuous,anchor,5,1
catman_pilot_v1,P046,manipulation,A09,pc_self,2,human,retain,retain,deny,continuous,anchor,5,1
catman_pilot_v1,P046,manipulation,A09,pc_tran,2,human,retain,retain,deny,continuous,anchor,5,1
catman_pilot_v1,P046,manipulation,C02,pc_sub,1,cat,retain,retain,affirm,continuous,standard,6,1
catman_pilot_v1,P046,manipulation,C02,pc_info,6,cat,retain,retain,affirm,continuous,standard,6,1
catman_pilot_v1,P046,manipulation,C02,pc_func,6,cat,retain,retain,affirm,continuous,standard,6,1
catman_pilot_v1,P046,manipulation,C02,pc_self,1,cat,retain,retain,affirm,continuous,standard,6,1
catman_pilot_v1,P046,manipulation,C02,pc_tran,6,cat,retain,retain,affirm,continuous,standard,6,1
catman_pilot_v1,P046,manipulation,A10,k_copy,1,cat,retain,retain,affirm,parallel,anchor,7,1
catman_pilot_v1,P046,manipulation,A10,k_term,1,cat,retain,retain,affirm,parallel,anchor,7,1
catman_pilot_v1,P046,manipulation,A10,k_coex,6,cat,retain,retain,affirm,parallel,anchor,7,1
catman_pilot_v1,P046,manipulation,A10,pc_sub,6,cat,retain,retain,affirm,parallel,anchor,7,1
catman_pilot_v1,P046,manipulation,A10,pc_info,6,cat,retain,retain,affirm,parallel,anchor,7,1
catman_pilot_v1,P046,manipulation,A10,pc_func,6,cat,retain,retain,affirm,parallel,anchor,7,1
catman_pilot_v1,P046,manipulation,A10,pc_self,6,cat,retain,retain,affirm,parallel,anchor,7,1
catman_pilot_v1,P046,manipulation,A10,pc_tran,6,cat,retain,retain,affirm,parallel,anchor,7,1
catman_pilot_v1,P046,manipulation,C07,pc_sub,1,cat,retain,retain,affirm,discontinuous,standard,8,1
catman_pilot_v1,P046,manipulation,C07,pc_info,6,cat,retain,retain,affirm,discontinuous,standard,8,1
catman_pilot_v1,P046,manipulation,C07,pc_func,6,cat,retain,retain,affirm,discontinuous,standard,8,1
catman_pilot_v1,P046,manipulation,C07,pc_self,1,cat,retain,retain,affirm,discontinuous,standard,8,1
catman_pilot_v1,P046,manipulation,C07,pc_tran,2,cat,retain,retain,affirm,discontinuous,standard,8,1
catman_pilot_v1,P046,manipulation,C07,k_copy,2,cat,retain,retain,affirm,discontinuous,standard,8,1
catman_pilot_v1,P046,manipulation,C07,k_term,2,cat,retain,retain,affirm,discontinuous,standard,8,1
catman_pilot_v1,P046,manipulation,C05,pc_sub,6,human,retain,retain,uncertain,continuous,standard,9,1
catman_pilot_v1,P046,manipulation,C05,pc_info,6,human,retain,retain,uncertain,continuous,standard,9,1
catman_pilot_v1,P046,manipulation,C05,pc_func,6,human,retain,retain,uncertain,continuous,standard,9,1
catman_pilot_v1,P046,manipulation,C05,pc_self,2,human,retain,retain,uncertain,continuous,standard,9,1
catman_pilot_v1,P046,manipulation,C05,pc_tran,2,human,retain,retain,uncertain,continuous,standard,9,1
catman_pilot_v1,P046,manipulation,C06,pc_sub,6,human,retain,retain,affirm,discontinuous,standard,10,1
catman_pilot_v1,P046,manipulation,C06,pc_info,6,human,retain,retain,affirm,discontinuous,standard,10,1
catman_pilot_v1,P046,manipulation,C06,pc_func,6,human,retain,retain,affirm,discontinuous,standard,10,1
catman_pilot_v1,P046,manipulation,C06,pc_self,4,human,retain,retain,affirm,discontinuous,standard,10,1
catman_pilot_v1,P046,manipulation,C06,pc_tran,2,human,retain,retain,affirm,discontinuous,standard,10,1
catman_pilot_v1,P046,manipulation,C06,k_copy,3,human,retain,retain,affirm,discontinuous,standard,10,1
catman_pilot_v1,P046,manipulation,C06,k_term,2,human,retain,retain,affirm,discontinuous,standard,10,1
catman_pilot_v1,P094,manipulation,C07,pc_sub,1,cat,retain,retain,affirm,discontinuous,standard,1,1
catman_pilot_v1,P094,manipulation,C07,pc_info,7,cat,retain,retain,affirm,discontinuous,standard,1,1
catman_pilot_v1,P094,manipulation,C07,pc_func,7,cat,retain,retain,affirm,discontinuous,standard,1,1
catman_pilot_v1,P094,manipulation,C07,pc_self,7,cat,retain,retain,affirm,discontinuous,standard,1,1
catman_pilot_v1,P094,manipulation,C07,pc_tran,5,cat,retain,retain,affirm,discontinuous,standard,1,1
catman_pilot_v1,P094,manipulation,C07,k_copy,3,cat,retain,retain,affirm,discontinuous,standard,1,1
catman_pilot_v1,P094,manipulation,C07,k_term,2,cat,retain,retain,affirm,discontinuous,standard,1,1
catman_pilot_v1,P094,manipulation,C04,pc_sub,7,human,retain,limited,affirm,continuous,standard,2,1
catman_pilot_v1,P094,manipulation,C04,pc_info,7,human,retain,limited,affirm,continuous,standard,2,1
catman_pilot_v1,P094,manipulation,C04,pc_func,2,human,retain,limited,affirm,continuous,standard,2,1
catman_pilot_v1,P094,manipulation,C04,pc_self,1,human,retain,limited,affirm,continuous,standard,2,1
catman_pilot_v1,P094,manipulation,C04,pc_tran,5,human,retain,limited,affirm,continuous,standard,2,1
catman_pilot_v1,P094,manipulation,C03,pc_sub,7,human,lost,retain,affirm,continuous,standard,3,1
catman_pilot_v1,P094,manipulation,C03,pc_info,1,human,lost,retain,affirm,continuous,standard,3,1
catman_pilot_v1,P094,manipulation,C03,pc_func,7,human,lost,retain,affirm,continuous,standard,3,1
catman_pilot_v1,P094,manipulation,C03,pc_self,6,human,lost,retain,affirm,continuous,standard,3,1
catman_pilot_v1,P094,manipulation,C03,pc_tran,5,human,lost,retain,affirm,continuous,standard,3,1
catman_pilot_v1,P094,manipulation,C06,pc_sub,7,human,retain,retain,affirm,discontinuous,standard,4,1
catman_pilot_v1,P094,manipulation,C06,pc_info,7,human,retain,retain,affirm,discontinuous,standard,4,1
catman_pilot_v1,P094,manipulation,C06,pc_func,7,human,retain,retain,affirm,discontinuous,standard,4,1
catman_pilot_v1,P094,manipulation,C06,pc_self,7,human,retain,retain,affirm,discontinuous,standard,4,1
catman_pilot_v1,P094,manipulation,C06,pc_tran,5,human,retain,retain,affirm,discontinuous,standard,4,1
catman_pilot_v1,P094,manipulation,C06,k_copy,2,human,retain,retain,affirm,discontinuous,standard,4,1
catman_pilot_v1,P094,manipulation,C06,k_term,2,human,retain,retain,affirm,discontinuous,standard,4,1
catman_pilot_v1,P094,manipulation,C08,pc_sub,7,human,lost,retain,affirm,discontinuous,standard,5,1
catman_pilot_v1,P094,manipulation,C08,pc_info,1,human,lost,retain,affirm,discontinuous,standard,5,1
catman_pilot_v1,P094,manipulation,C08,pc_func,7,human,lost,retain,affirm,discontinuous,standard,5,1
catman_pilot_v1,P094,manipulation,C08,pc_self,7,human,lost,retain,affirm,discontinuous,standard,5,1
catman_pilot_v1,P094,manipulation,C08,pc_tran,2,human,lost,retain,affirm,discontinuous,standard,5,1
catman_pilot_v1,P094,manipulation,C08,k_copy,6,human,lost,retain,affirm,discontinuous,standard,5,1
catman_pilot_v1,P094,manipulation,C08,k_term,3,human,lost,retain,affirm,discontinuous,standard,5,1
catman_pilot_v1,P094,manipulation,A10,k_copy,3,cat,retain,retain,affirm,parallel,anchor,6,1
catman_pilot_v1,P094,manipulation,A10,k_term,2,cat,retain,retain,affirm,parallel,anchor,6,1
catman_pilot_v1,P094,manipulation,A10,k_coex,7,cat,retain,retain,affirm,parallel,anchor,6,1
catman_pilot_v1,P094,manipulation,A10,pc_sub,1,cat,retain,retain,affirm,parallel,anchor,6,1
catman_pilot_v1,P094,manipulation,A10,pc_info,7,cat,retain,retain,affirm,parallel,anchor,6,1
catman_pilot_v1,P094,manipulation,A10,pc_func,6,cat,retain,retain,affirm,parallel,anchor,6,1
catman_pilot_v1,P094,manipulation,A10,pc_self,7,cat,retain,retain,affirm,parallel,anchor,6,1
catman_pilot_v1,P094,manipulation,A10,pc_tran,2,cat,retain,retain,affirm,parallel,anchor,6,1
catman_pilot_v1,P094,manipulation,C05,pc_sub,7,human,retain,retain,uncertain,continuous,standard,7,1
catman_pilot_v1,P094,manipulation,C05,pc_info,7,human,retain,retain,uncertain,continuous,standard,7,1
catman_pilot_v1,P094,manipulation,C05,pc_func,7,human,retain,retain,uncertain,continuous,standard,7,1
catman_pilot_v1,P094,manipulation,C05,pc_self,2,human,retain,retain,uncertain,continuous,standard,7,1
catman_pilot_v1,P094,manipulation,C05,pc_tran,6,human,retain,retain,uncertain,continuous,standard,7,1
catman_pilot_v1,P094,manipulation,A09,pc_sub,7,human,retain,retain,deny,continuous,anchor,8,1
catman_pilot_v1,P094,manipulation,A09,pc_info,7,human,retain,retain,deny,continuous,anchor,8,1
catman_pilot_v1,P094,manipulation,A09,pc_func,7,human,retain,retain,deny,continuous,anchor,8,1
catman_pilot_v1,P094,manipulation,A09,pc_self,7,human,retain,retain,deny,continuous,anchor,8,1
catman_pilot_v1,P094,manipulation,A09,pc_tran,6,human,retain,retain,deny,continuous,anchor,8,1
catman_pilot_v1,P094,manipulation,C02,pc_sub,1,cat,retain,retain,affirm,continuous,standard,9,1
catman_pilot_v1,P094,manipulation,C02,pc_info,7,cat,retain,retain,affirm,continuous,standard,9,1
catman_pilot_v1,P094,manipulation,C02,pc_func,6,cat,retain,retain,affirm,continuous,standard,9,1
catman_pilot_v1,P094,manipulation,C02,pc_self,7,cat,retain,retain,affirm,continuous,standard,9,1
catman_pilot_v1,P094,manipulation,C02,pc_tran,6,cat,retain,retain,affirm,continuous,standard,9,1
catman_pilot_v1,P094,manipulation,C01,pc_sub,7,human,retain,retain,affirm,continuous,standard,10,1
catman_pilot_v1,P094,manipulation,C01,pc_info,7,human,retain,retain,affirm,continuous,standard,10,1
catman_pilot_v1,P094,manipulation,C01,pc_func,7,human,retain,retain,affirm,continuous,standard,10,1
catman_pilot_v1,P094,manipulation,C01,pc_self,7,human,retain,retain,affirm,continuous,standard,10,1
catman_pilot_v1,P094,manipulation,C01,pc_tran,6,human,retain,retain,affirm,continuous,standard,10,1
catman_pilot_v1,P041,manipulation,C05,pc_sub,7,human,retain,retain,uncertain,continuous,standard,1,1
catman_pilot_v1,P041,manipulation,C05,pc_info,7,human,retain,retain,uncertain,continuous,standard,1,1
catman_pilot_v1,P041,manipulation,C05,pc_func,7,human,retain,retain,uncertain,continuous,standard,1,1
catman_pilot_v1,P041,manipulation,C05,pc_self,4,human,retain,retain,uncertain,continuous,standard,1,1
catman_pilot_v1,P041,manipulation,C05,pc_tran,7,human,retain,retain,uncertain,continuous,standard,1,1
catman_pilot_v1,P041,manipulation,C08,pc_sub,7,human,lost,retain,affirm,discontinuous,standard,2,1
catman_pilot_v1,P041,manipulation,C08,pc_info,1,human,lost,retain,affirm,discontinuous,standard,2,1
catman_pilot_v1,P041,manipulation,C08,pc_func,7,human,lost,retain,affirm,discontinuous,standard,2,1
catman_pilot_v1,P041,manipulation,C08,pc_self,7,human,lost,retain,affirm,discontinuous,standard,2,1
catman_pilot_v1,P041,manipulation,C08,pc_tran,1,human,lost,retain,affirm,discontinuous,standard,2,1
catman_pilot_v1,P041,manipulation,C08,k_copy,1,human,lost,retain,affirm,discontinuous,standard,2,1
catman_pilot_v1,P041,manipulation,C08,k_term,1,human,lost,retain,affirm,discontinuous,standard,2,1
catman_pilot_v1,P041,manipulation,C03,pc_sub,7,human,lost,retain,affirm,continuous,standard,3,1
catman_pilot_v1,P041,manipulation,C03,pc_info,1,human,lost,retain,affirm,continuous,standard,3,1
catman_pilot_v1,P041,manipulation,C03,pc_func,7,human,lost,retain,affirm,continuous,standard,3,1
catman_pilot_v1,P041,manipulation,C03,pc_self,7,human,lost,retain,affirm,continuous,standard,3,1
catman_pilot_v1,P041,manipulation,C03,pc_tran,6,human,lost,retain,affirm,continuous,standard,3,1
catman_pilot_v1,P041,manipulation,C01,pc_sub,7,human,retain,retain,affirm,continuous,standard,4,1
catman_pilot_v1,P041,manipulation,C01,pc_info,7,human,retain,retain,affirm,continuous,standard,4,1
catman_pilot_v1,P041,manipulation,C01,pc_func,7,human,retain,retain,affirm,continuous,standard,4,1
catman_pilot_v1,P041,manipulation,C01,pc_self,7,human,retain,retain,affirm,continuous,standard,4,1
catman_pilot_v1,P041,manipulation,C01,pc_tran,7,human,retain,retain,affirm,continuous,standard,4,1
catman_pilot_v1,P041,manipulation,C06,pc_sub,7,human,retain,retain,affirm,discontinuous,standard,5,1
catman_pilot_v1,P041,manipulation,C06,pc_info,7,human,retain,retain,affirm,discontinuous,standard,5,1
catman_pilot_v1,P041,manipulation,C06,pc_func,7,human,retain,retain,affirm,discontinuous,standard,5,1
catman_pilot_v1,P041,manipulation,C06,pc_self,7,human,retain,retain,affirm,discontinuous,standard,5,1
catman_pilot_v1,P041,manipulation,C06,pc_tran,1,human,retain,retain,affirm,discontinuous,standard,5,1
catman_pilot_v1,P041,manipulation,C06,k_copy,1,human,retain,retain,affirm,discontinuous,standard,5,1
catman_pilot_v1,P041,manipulation,C06,k_term,1,human,retain,retain,affirm,discontinuous,standard,5,1
catman_pilot_v1,P041,manipulation,C02,pc_sub,1,cat,retain,retain,affirm,continuous,standard,6,1
catman_pilot_v1,P041,manipulation,C02,pc_info,7,cat,retain,retain,affirm,continuous,standard,6,1
catman_pilot_v1,P041,manipulation,C02,pc_func,7,cat,retain,retain,affirm,continuous,standard,6,1
catman_pilot_v1,P041,manipulation,C02,pc_self,7,cat,retain,retain,affirm,continuous,standard,6,1
catman_pilot_v1,P041,manipulation,C02,pc_tran,7,cat,retain,retain,affirm,continuous,standard,6,1
catman_pilot_v1,P041,manipulation,A09,pc_sub,7,human,retain,retain,deny,continuous,anchor,7,1
catman_pilot_v1,P041,manipulation,A09,pc_info,7,human,retain,retain,deny,continuous,anchor,7,1
catman_pilot_v1,P041,manipulation,A09,pc_func,7,human,retain,retain,deny,continuous,anchor,7,1
catman_pilot_v1,P041,manipulation,A09,pc_self,1,human,retain,retain,deny,continuous,anchor,7,1
catman_pilot_v1,P041,manipulation,A09,pc_tran,7,human,retain,retain,deny,continuous,anchor,7,1
catman_pilot_v1,P041,manipulation,A10,k_copy,1,cat,retain,retain,affirm,parallel,anchor,8,1
catman_pilot_v1,P041,manipulation,A10,k_term,1,cat,retain,retain,affirm,parallel,anchor,8,1
catman_pilot_v1,P041,manipulation,A10,k_coex,7,cat,retain,retain,affirm,parallel,anchor,8,1
catman_pilot_v1,P041,manipulation,A10,pc_sub,4,cat,retain,retain,affirm,parallel,anchor,8,1
catman_pilot_v1,P041,manipulation,A10,pc_info,7,cat,retain,retain,affirm,parallel,anchor,8,1
catman_pilot_v1,P041,manipulation,A10,pc_func,7,cat,retain,retain,affirm,parallel,anchor,8,1
catman_pilot_v1,P041,manipulation,A10,pc_self,7,cat,retain,retain,affirm,parallel,anchor,8,1
catman_pilot_v1,P041,manipulation,A10,pc_tran,1,cat,retain,retain,affirm,parallel,anchor,8,1
catman_pilot_v1,P041,manipulation,C04,pc_sub,7,human,retain,limited,affirm,continuous,standard,9,1
catman_pilot_v1,P041,manipulation,C04,pc_info,7,human,retain,limited,affirm,continuous,standard,9,1
catman_pilot_v1,P041,manipulation,C04,pc_func,1,human,retain,limited,affirm,continuous,standard,9,1
catman_pilot_v1,P041,manipulation,C04,pc_self,7,human,retain,limited,affirm,continuous,standard,9,1
catman_pilot_v1,P041,manipulation,C04,pc_tran,6,human,retain,limited,affirm,continuous,standard,9,1
catman_pilot_v1,P041,manipulation,C07,pc_sub,1,cat,retain,retain,affirm,discontinuous,standard,10,1
catman_pilot_v1,P041,manipulation,C07,pc_info,7,cat,retain,retain,affirm,discontinuous,standard,10,1
catman_pilot_v1,P041,manipulation,C07,pc_func,7,cat,retain,retain,affirm,discontinuous,standard,10,1
catman_pilot_v1,P041,manipulation,C07,pc_self,7,cat,retain,retain,affirm,discontinuous,standard,10,1
catman_pilot_v1,P041,manipulation,C07,pc_tran,1,cat,retain,retain,affirm,discontinuous,standard,10,1
catman_pilot_v1,P041,manipulation,C07,k_copy,1,cat,retain,retain,affirm,discontinuous,standard,10,1
catman_pilot_v1,P041,manipulation,C07,k_term,4,cat,retain,retain,affirm,discontinuous,standard,10,1
catman_pilot_v1,P071,manipulation,C02,pc_sub,1,cat,retain,retain,affirm,continuous,standard,1,1
catman_pilot_v1,P071,manipulation,C02,pc_info,7,cat,retain,retain,affirm,continuous,standard,1,1
catman_pilot_v1,P071,manipulation,C02,pc_func,7,cat,retain,retain,affirm,continuous,standard,1,1
catman_pilot_v1,P071,manipulation,C02,pc_self,7,cat,retain,retain,affirm,continuous,standard,1,1
catman_pilot_v1,P071,manipulation,C02,pc_tran,7,cat,retain,retain,affirm,continuous,standard,1,1
catman_pilot_v1,P071,manipulation,C06,pc_sub,7,human,retain,retain,affirm,discontinuous,standard,2,1
catman_pilot_v1,P071,manipulation,C06,pc_info,7,human,retain,retain,affirm,discontinuous,standard,2,1
catman_pilot_v1,P071,manipulation,C06,pc_func,7,human,retain,retain,affirm,discontinuous,standard,2,1
catman_pilot_v1,P071,manipulation,C06,pc_self,7,human,retain,retain,affirm,discontinuous,standard,2,1
catman_pilot_v1,P071,manipulation,C06,pc_tran,1,human,retain,retain,affirm,discontinuous,standard,2,1
catman_pilot_v1,P071,manipulation,C06,k_copy,7,human,retain,retain,affirm,discontinuous,standard,2,1
catman_pilot_v1,P071,manipulation,C06,k_term,7,human,retain,retain,affirm,discontinuous,standard,2,1
catman_pilot_v1,P071,manipulation,C07,pc_sub,1,cat,retain,retain,affirm,discontinuous,standard,3,1
catman_pilot_v1,P071,manipulation,C07,pc_info,1,cat,retain,retain,affirm,discontinuous,standard,3,1
catman_pilot_v1,P071,manipulation,C07,pc_func,7,cat,retain,retain,affirm,discontinuous,standard,3,1
catman_pilot_v1,P071,manipulation,C07,pc_self,7,cat,retain,retain,affirm,discontinuous,standard,3,1
catman_pilot_v1,P071,manipulation,C07,pc_tran,1,cat,retain,retain,affirm,discontinuous,standard,3,1
catman_pilot_v1,P071,manipulation,C07,k_copy,7,cat,retain,retain,affirm,discontinuous,standard,3,1
catman_pilot_v1,P071,manipulation,C07,k_term,6,cat,retain,retain,affirm,discontinuous,standard,3,1
catman_pilot_v1,P071,manipulation,C08,pc_sub,7,human,lost,retain,affirm,discontinuous,standard,4,1
catman_pilot_v1,P071,manipulation,C08,pc_info,1,human,lost,retain,affirm,discontinuous,standard,4,1
catman_pilot_v1,P071,manipulation,C08,pc_func,7,human,lost,retain,affirm,discontinuous,standard,4,1
catman_pilot_v1,P071,manipulation,C08,pc_self,7,human,lost,retain,affirm,discontinuous,standard,4,1
catman_pilot_v1,P071,manipulation,C08,pc_tran,1,human,lost,retain,affirm,discontinuous,standard,4,1
catman_pilot_v1,P071,manipulation,C08,k_copy,6,human,lost,retain,affirm,discontinuous,standard,4,1
catman_pilot_v1,P071,manipulation,C08,k_term,6,human,lost,retain,affirm,discontinuous,standard,4,1
catman_pilot_v1,P071,manipulation,C03,pc_sub,7,human,lost,retain,affirm,continuous,standard,5,1
catman_pilot_v1,P071,manipulation,C03,pc_info,1,human,lost,retain,affirm,continuous,standard,5,1
catman_pilot_v1,P071,manipulation,C03,pc_func,7,human,lost,retain,affirm,continuous,standard,5,1
catman_pilot_v1,P071,manipulation,C03,pc_self,7,human,lost,retain,affirm,continuous,standard,5,1
catman_pilot_v1,P071,manipulation,C03,pc_tran,6,human,lost,retain,affirm,continuous,standard,5,1
catman_pilot_v1,P071,manipulation,A09,pc_sub,7,human,retain,retain,deny,continuous,anchor,6,1
catman_pilot_v1,P071,manipulation,A09,pc_info,7,human,retain,retain,deny,continuous,anchor,6,1
catman_pilot_v1,P071,manipulation,A09,pc_func,7,human,retain,retain,deny,continuous,anchor,6,1
catman_pilot_v1,P071,manipulation,A09,pc_self,1,human,retain,retain,deny,continuous,anchor,6,1
catman_pilot_v1,P071,manipulation,A09,pc_tran,6,human,retain,retain,deny,continuous,anchor,6,1
catman_pilot_v1,P071,manipulation,C01,pc_sub,7,human,retain,retain,affirm,continuous,standard,7,1
catman_pilot_v1,P071,manipulation,C01,pc_info,7,human,retain,retain,affirm,continuous,standard,7,1
catman_pilot_v1,P071,manipulation,C01,pc_func,7,human,retain,retain,affirm,continuous,standard,7,1
catman_pilot_v1,P071,manipulation,C01,pc_self,7,human,retain,retain,affirm,continuous,standard,7,1
catman_pilot_v1,P071,manipulation,C01,pc_tran,7,human,retain,retain,affirm,continuous,standard,7,1
catman_pilot_v1,P071,manipulation,C05,pc_sub,7,human,retain,retain,uncertain,continuous,standard,8,1
catman_pilot_v1,P071,manipulation,C05,pc_info,6,human,retain,retain,uncertain,continuous,standard,8,1
catman_pilot_v1,P071,manipulation,C05,pc_func,6,human,retain,retain,uncertain,continuous,standard,8,1
catman_pilot_v1,P071,manipulation,C05,pc_self,1,human,retain,retain,uncertain,continuous,standard,8,1
catman_pilot_v1,P071,manipulation,C05,pc_tran,7,human,retain,retain,uncertain,continuous,standard,8,1
catman_pilot_v1,P071,manipulation,C04,pc_sub,7,human,retain,limited,affirm,continuous,standard,9,1
catman_pilot_v1,P071,manipulation,C04,pc_info,6,human,retain,limited,affirm,continuous,standard,9,1
catman_pilot_v1,P071,manipulation,C04,pc_func,1,human,retain,limited,affirm,continuous,standard,9,1
catman_pilot_v1,P071,manipulation,C04,pc_self,7,human,retain,limited,affirm,continuous,standard,9,1
catman_pilot_v1,P071,manipulation,C04,pc_tran,6,human,retain,limited,affirm,continuous,standard,9,1
catman_pilot_v1,P071,manipulation,A10,k_copy,7,cat,retain,retain,affirm,parallel,anchor,10,1
catman_pilot_v1,P071,manipulation,A10,k_term,1,cat,retain,retain,affirm,parallel,anchor,10,1
catman_pilot_v1,P071,manipulation,A10,k_coex,6,cat,retain,retain,affirm,parallel,anchor,10,1
catman_pilot_v1,P071,manipulation,A10,pc_sub,1,cat,retain,retain,affirm,parallel,anchor,10,1
catman_pilot_v1,P071,manipulation,A10,pc_info,6,cat,retain,retain,affirm,parallel,anchor,10,1
catman_pilot_v1,P071,manipulation,A10,pc_func,6,cat,retain,retain,affirm,parallel,anchor,10,1
catman_pilot_v1,P071,manipulation,A10,pc_self,7,cat,retain,retain,affirm,parallel,anchor,10,1
catman_pilot_v1,P071,manipulation,A10,pc_tran,1,cat,retain,retain,affirm,parallel,anchor,10,1
catman_pilot_v1,P062,manipulation,C05,pc_sub,7,human,retain,retain,uncertain,continuous,standard,1,1
catman_pilot_v1,P062,manipulation,C05,pc_info,7,human,retain,retain,uncertain,continuous,standard,1,1
catman_pilot_v1,P062,manipulation,C05,pc_func,7,human,retain,retain,uncertain,continuous,standard,1,1
catman_pilot_v1,P062,manipulation,C05,pc_self,1,human,retain,retain,uncertain,continuous,standard,1,1
catman_pilot_v1,P062,manipulation,C05,pc_tran,7,human,retain,retain,uncertain,continuous,standard,1,1
catman_pilot_v1,P062,manipulation,C06,pc_sub,7,human,retain,retain,affirm,discontinuous,standard,2,1
catman_pilot_v1,P062,manipulation,C06,pc_info,7,human,retain,retain,affirm,discontinuous,standard,2,1
catman_pilot_v1,P062,manipulation,C06,pc_func,7,human,retain,retain,affirm,discontinuous,standard,2,1
catman_pilot_v1,P062,manipulation,C06,pc_self,7,human,retain,retain,affirm,discontinuous,standard,2,1
catman_pilot_v1,P062,manipulation,C06,pc_tran,1,human,retain,retain,affirm,discontinuous,standard,2,1
catman_pilot_v1,P062,manipulation,C06,k_copy,7,human,retain,retain,affirm,discontinuous,standard,2,1
catman_pilot_v1,P062,manipulation,C06,k_term,7,human,retain,retain,affirm,discontinuous,standard,2,1
catman_pilot_v1,P062,manipulation,C07,pc_sub,1,cat,retain,retain,affirm,discontinuous,standard,3,1
catman_pilot_v1,P062,manipulation,C07,pc_info,7,cat,retain,retain,affirm,discontinuous,standard,3,1
catman_pilot_v1,P062,manipulation,C07,pc_func,7,cat,retain,retain,affirm,discontinuous,standard,3,1
catman_pilot_v1,P062,manipulation,C07,pc_self,7,cat,retain,retain,affirm,discontinuous,standard,3,1
catman_pilot_v1,P062,manipulation,C07,pc_tran,1,cat,retain,retain,affirm,discontinuous,standard,3,1
catman_pilot_v1,P062,manipulation,C07,k_copy,7,cat,retain,retain,affirm,discontinuous,standard,3,1
catman_pilot_v1,P062,manipulation,C07,k_term,7,cat,retain,retain,affirm,discontinuous,standard,3,1
catman_pilot_v1,P062,manipulation,C03,pc_sub,7,human,lost,retain,affirm,continuous,standard,4,1
catman_pilot_v1,P062,manipulation,C03,pc_info,1,human,lost,retain,affirm,continuous,standard,4,1
catman_pilot_v1,P062,manipulation,C03,pc_func,7,human,lost,retain,affirm,continuous,standard,4,1
catman_pilot_v1,P062,manipulation,C03,pc_self,7,human,lost,retain,affirm,continuous,standard,4,1
catman_pilot_v1,P062,manipulation,C03,pc_tran,7,human,lost,retain,affirm,continuous,standard,4,1
catman_pilot_v1,P062,manipulation,C04,pc_sub,7,human,retain,limited,affirm,continuous,standard,5,1
catman_pilot_v1,P062,manipulation,C04,pc_info,7,human,retain,limited,affirm,continuous,standard,5,1
catman_pilot_v1,P062,manipulation,C04,pc_func,1,human,retain,limited,affirm,continuous,standard,5,1
catman_pilot_v1,P062,manipulation,C04,pc_self,7,human,retain,limited,affirm,continuous,standard,5,1
catman_pilot_v1,P062,manipulation,C04,pc_tran,7,human,retain,limited,affirm,continuous,standard,5,1
catman_pilot_v1,P062,manipulation,A10,k_copy,7,cat,retain,retain,affirm,parallel,anchor,6,1
catman_pilot_v1,P062,manipulation,A10,k_term,1,cat,retain,retain,affirm,parallel,anchor,6,1
catman_pilot_v1,P062,manipulation,A10,k_coex,7,cat,retain,retain,affirm,parallel,anchor,6,1
catman_pilot_v1,P062,manipulation,A10,pc_sub,1,cat,retain,retain,affirm,parallel,anchor,6,1
catman_pilot_v1,P062,manipulation,A10,pc_info,7,cat,retain,retain,affirm,parallel,anchor,6,1
catman_pilot_v1,P062,manipulation,A10,pc_func,7,cat,retain,retain,affirm,parallel,anchor,6,1
catman_pilot_v1,P062,manipulation,A10,pc_self,7,cat,retain,retain,affirm,parallel,anchor,6,1
catman_pilot_v1,P062,manipulation,A10,pc_tran,1,cat,retain,retain,affirm,parallel,anchor,6,1
catman_pilot_v1,P062,manipulation,C02,pc_sub,1,cat,retain,retain,affirm,continuous,standard,7,1
catman_pilot_v1,P062,manipulation,C02,pc_info,7,cat,retain,retain,affirm,continuous,standard,7,1
catman_pilot_v1,P062,manipulation,C02,pc_func,7,cat,retain,retain,affirm,continuous,standard,7,1
catman_pilot_v1,P062,manipulation,C02,pc_self,7,cat,retain,retain,affirm,continuous,standard,7,1
catman_pilot_v1,P062,manipulation,C02,pc_tran,7,cat,retain,retain,affirm,continuous,standard,7,1
catman_pilot_v1,P062,manipulation,C08,pc_sub,7,human,lost,retain,affirm,discontinuous,standard,8,1
catman_pilot_v1,P062,manipulation,C08,pc_info,1,human,lost,retain,affirm,discontinuous,standard,8,1
catman_pilot_v1,P062,manipulation,C08,pc_func,7,human,lost,retain,affirm,discontinuous,standard,8,1
catman_pilot_v1,P062,manipulation,C08,pc_self,7,human,lost,retain,affirm,discontinuous,standard,8,1
catman_pilot_v1,P062,manipulation,C08,pc_tran,1,human,lost,retain,affirm,discontinuous,standard,8,1
catman_pilot_v1,P062,manipulation,C08,k_copy,7,human,lost,retain,affirm,discontinuous,standard,8,1
catman_pilot_v1,P062,manipulation,C08,k_term,7,human,lost,retain,affirm,discontinuous,standard,8,1
catman_pilot_v1,P062,manipulation,A09,pc_sub,7,human,retain,retain,deny,continuous,anchor,9,1
catman_pilot_v1,P062,manipulation,A09,pc_info,7,human,retain,retain,deny,continuous,anchor,9,1
catman_pilot_v1,P062,manipulation,A09,pc_func,7,human,retain,retain,deny,continuous,anchor,9,1
catman_pilot_v1,P062,manipulation,A09,pc_self,1,human,retain,retain,deny,continuous,anchor,9,1
catman_pilot_v1,P062,manipulation,A09,pc_tran,7,human,retain,retain,deny,continuous,anchor,9,1
catman_pilot_v1,P062,manipulation,C01,pc_sub,7,human,retain,retain,affirm,continuous,standard,10,1
catman_pilot_v1,P062,manipulation,C01,pc_info,7,human,retain,retain,affirm,continuous,standard,10,1
catman_pilot_v1,P062,manipulation,C01,pc_func,7,human,retain,retain,affirm,continuous,standard,10,1
catman_pilot_v1,P062,manipulation,C01,pc_self,7,human,retain,retain,affirm,continuous,standard,10,1
catman_pilot_v1,P062,manipulation,C01,pc_tran,7,human,retain,retain,affirm,continuous,standard,10,1
catman_pilot_v1,P081,manipulation,C03,pc_sub,7,human,lost,retain,affirm,continuous,standard,1,1
catman_pilot_v1,P081,manipulation,C03,pc_info,1,human,lost,retain,affirm,continuous,standard,1,1
catman_pilot_v1,P081,manipulation,C03,pc_func,7,human,lost,retain,affirm,continuous,standard,1,1
catman_pilot_v1,P081,manipulation,C03,pc_self,7,human,lost,retain,affirm,continuous,standard,1,1
catman_pilot_v1,P081,manipulation,C03,pc_tran,4,human,lost,retain,affirm,continuous,standard,1,1
catman_pilot_v1,P081,manipulation,C06,pc_sub,7,human,retain,retain,affirm,discontinuous,standard,2,1
catman_pilot_v1,P081,manipulation,C06,pc_info,7,human,retain,retain,affirm,discontinuous,standard,2,1
catman_pilot_v1,P081,manipulation,C06,pc_func,7,human,retain,retain,affirm,discontinuous,standard,2,1
catman_pilot_v1,P081,manipulation,C06,pc_self,7,human,retain,retain,affirm,discontinuous,standard,2,1
catman_pilot_v1,P081,manipulation,C06,pc_tran,2,human,retain,retain,affirm,discontinuous,standard,2,1
catman_pilot_v1,P081,manipulation,C06,k_copy,2,human,retain,retain,affirm,discontinuous,standard,2,1
catman_pilot_v1,P081,manipulation,C06,k_term,5,human,retain,retain,affirm,discontinuous,standard,2,1
catman_pilot_v1,P081,manipulation,C04,pc_sub,7,human,retain,limited,affirm,continuous,standard,3,1
catman_pilot_v1,P081,manipulation,C04,pc_info,7,human,retain,limited,affirm,continuous,standard,3,1
catman_pilot_v1,P081,manipulation,C04,pc_func,1,human,retain,limited,affirm,continuous,standard,3,1
catman_pilot_v1,P081,manipulation,C04,pc_self,6,human,retain,limited,affirm,continuous,standard,3,1
catman_pilot_v1,P081,manipulation,C04,pc_tran,4,human,retain,limited,affirm,continuous,standard,3,1
catman_pilot_v1,P081,manipulation,C02,pc_sub,1,cat,retain,retain,affirm,continuous,standard,4,1
catman_pilot_v1,P081,manipulation,C02,pc_info,7,cat,retain,retain,affirm,continuous,standard,4,1
catman_pilot_v1,P081,manipulation,C02,pc_func,7,cat,retain,retain,affirm,continuous,standard,4,1
catman_pilot_v1,P081,manipulation,C02,pc_self,7,cat,retain,retain,affirm,continuous,standard,4,1
catman_pilot_v1,P081,manipulation,C02,pc_tran,1,cat,retain,retain,affirm,continuous,standard,4,1
catman_pilot_v1,P081,manipulation,C01,pc_sub,7,human,retain,retain,affirm,continuous,standard,5,1
catman_pilot_v1,P081,manipulation,C01,pc_info,7,human,retain,retain,affirm,continuous,standard,5,1
catman_pilot_v1,P081,manipulation,C01,pc_func,7,human,retain,retain,affirm,continuous,standard,5,1
catman_pilot_v1,P081,manipulation,C01,pc_self,7,human,retain,retain,affirm,continuous,standard,5,1
catman_pilot_v1,P081,manipulation,C01,pc_tran,2,human,retain,retain,affirm,continuous,standard,5,1
catman_pilot_v1,P081,manipulation,C08,pc_sub,7,human,lost,retain,affirm,discontinuous,standard,6,1
catman_pilot_v1,P081,manipulation,C08,pc_info,1,human,lost,retain,affirm,discontinuous,standard,6,1
catman_pilot_v1,P081,manipulation,C08,pc_func,7,human,lost,retain,affirm,discontinuous,standard,6,1
catman_pilot_v1,P081,manipulation,C08,pc_self,7,human,lost,retain,affirm,discontinuous,standard,6,1
catman_pilot_v1,P081,manipulation,C08,pc_tran,2,human,lost,retain,affirm,discontinuous,standard,6,1
catman_pilot_v1,P081,manipulation,C08,k_copy,2,human,lost,retain,affirm,discontinuous,standard,6,1
catman_pilot_v1,P081,manipulation,C08,k_term,4,human,lost,retain,affirm,discontinuous,standard,6,1
catman_pilot_v1,P081,manipulation,C05,pc_sub,7,human,retain,retain,uncertain,continuous,standard,7,1
catman_pilot_v1,P081,manipulation,C05,pc_info,7,human,retain,retain,uncertain,continuous,standard,7,1
catman_pilot_v1,P081,manipulation,C05,pc_func,7,human,retain,retain,uncertain,continuous,standard,7,1
catman_pilot_v1,P081,manipulation,C05,pc_self,7,human,retain,retain,uncertain,continuous,standard,7,1
catman_pilot_v1,P081,manipulation,C05,pc_tran,4,human,retain,retain,uncertain,continuous,standard,7,1
catman_pilot_v1,P081,manipulation,A09,pc_sub,7,human,retain,retain,deny,continuous,anchor,8,1
catman_pilot_v1,P081,manipulation,A09,pc_info,7,human,retain,retain,deny,continuous,anchor,8,1
catman_pilot_v1,P081,manipulation,A09,pc_func,7,human,retain,retain,deny,continuous,anchor,8,1
catman_pilot_v1,P081,manipulation,A09,pc_self,1,human,retain,retain,deny,continuous,anchor,8,1
catman_pilot_v1,P081,manipulation,A09,pc_tran,3,human,retain,retain,deny,continuous,anchor,8,1
catman_pilot_v1,P081,manipulation,A10,k_copy,6,cat,retain,retain,affirm,parallel,anchor,9,1
catman_pilot_v1,P081,manipulation,A10,k_term,3,cat,retain,retain,affirm,parallel,anchor,9,1
catman_pilot_v1,P081,manipulation,A10,k_coex,7,cat,retain,retain,affirm,parallel,anchor,9,1
catman_pilot_v1,P081,manipulation,A10,pc_sub,1,cat,retain,retain,affirm,parallel,anchor,9,1
catman_pilot_v1,P081,manipulation,A10,pc_info,1,cat,retain,retain,affirm,parallel,anchor,9,1
catman_pilot_v1,P081,manipulation,A10,pc_func,7,cat,retain,retain,affirm,parallel,anchor,9,1
catman_pilot_v1,P081,manipulation,A10,pc_self,7,cat,retain,retain,affirm,parallel,anchor,9,1
catman_pilot_v1,P081,manipulation,A10,pc_tran,4,cat,retain,retain,affirm,parallel,anchor,9,1
catman_pilot_v1,P081,manipulation,C07,pc_sub,1,cat,retain,retain,affirm,discontinuous,standard,10,1
catman_pilot_v1,P081,manipulation,C07,pc_info,7,cat,retain,retain,affirm,discontinuous,standard,10,1
catman_pilot_v1,P081,manipulation,C07,pc_func,7,cat,retain,retain,affirm,discontinuous,standard,10,1
catman_pilot_v1,P081,manipulation,C07,pc_self,7,cat,retain,retain,affirm,discontinuous,standard,10,1
catman_pilot_v1,P081,manipulation,C07,pc_tran,2,cat,retain,retain,affirm,discontinuous,standard,10,1
catman_pilot_v1,P081,manipulation,C07,k_copy,3,cat,retain,retain,affirm,discontinuous,standard,10,1
catman_pilot_v1,P081,manipulation,C07,k_term,3,cat,retain,retain,affirm,discontinuous,standard,10,1
catman_pilot_v1,P015,manipulation,C07,pc_sub,1,cat,retain,retain,affirm,discontinuous,standard,1,1
catman_pilot_v1,P015,manipulation,C07,pc_info,7,cat,retain,retain,affirm,discontinuous,standard,1,1
catman_pilot_v1,P015,manipulation,C07,pc_func,7,cat,retain,retain,affirm,discontinuous,standard,1,1
catman_pilot_v1,P015,manipulation,C07,pc_self,7,cat,retain,retain,affirm,discontinuous,standard,1,1
catman_pilot_v1,P015,manipulation,C07,pc_tran,7,cat,retain,retain,affirm,discontinuous,standard,1,1
catman_pilot_v1,P015,manipulation,C07,k_copy,1,cat,retain,retain,affirm,discontinuous,standard,1,1
catman_pilot_v1,P015,manipulation,C07,k_term,7,cat,retain,retain,affirm,discontinuous,standard,1,1
catman_pilot_v1,P015,manipulation,C08,pc_sub,7,human,lost,retain,affirm,discontinuous,standard,2,1
catman_pilot_v1,P015,manipulation,C08,pc_info,1,human,lost,retain,affirm,discontinuous,standard,2,1
catman_pilot_v1,P015,manipulation,C08,pc_func,7,human,lost,retain,affirm,discontinuous,standard,2,1
catman_pilot_v1,P015,manipulation,C08,pc_self,7,human,lost,retain,affirm,discontinuous,standard,2,1
catman_pilot_v1,P015,manipulation,C08,pc_tran,7,human,lost,retain,affirm,discontinuous,standard,2,1
catman_pilot_v1,P015,manipulation,C08,k_copy,1,human,lost,retain,affirm,discontinuous,standard,2,1
catman_pilot_v1,P015,manipulation,C08,k_term,1,human,lost,retain,affirm,discontinuous,standard,2,1
catman_pilot_v1,P015,manipulation,C06,pc_sub,7,human,retain,retain,affirm,discontinuous,standard,3,1
catman_pilot_v1,P015,manipulation,C06,pc_info,7,human,retain,retain,affirm,discontinuous,standard,3,1
catman_pilot_v1,P015,manipulation,C06,pc_func,7,human,retain,retain,affirm,discontinuous,standard,3,1
catman_pilot_v1,P015,manipulation,C06,pc_self,7,human,retain,retain,affirm,discontinuous,standard,3,1
catman_pilot_v1,P015,manipulation,C06,pc_tran,7,human,retain,retain,affirm,discontinuous,standard,3,1
catman_pilot_v1,P015,manipulation,C06,k_copy,1,human,retain,retain,affirm,discontinuous,standard,3,1
catman_pilot_v1,P015,manipulation,C06,k_term,1,human,retain,retain,affirm,discontinuous,standard,3,1
catman_pilot_v1,P015,manipulation,C03,pc_sub,7,human,lost,retain,affirm,continuous,standard,4,1
catman_pilot_v1,P015,manipulation,C03,pc_info,1,human,lost,retain,affirm,continuous,standard,4,1
catman_pilot_v1,P015,manipulation,C03,pc_func,7,human,lost,retain,affirm,continuous,standard,4,1
catman_pilot_v1,P015,manipulation,C03,pc_self,7,human,lost,retain,affirm,continuous,standard,4,1
catman_pilot_v1,P015,manipulation,C03,pc_tran,1,human,lost,retain,affirm,continuous,standard,4,1
catman_pilot_v1,P015,manipulation,C05,pc_sub,7,human,retain,retain,uncertain,continuous,standard,5,1
catman_pilot_v1,P015,manipulation,C05,pc_info,7,human,retain,retain,uncertain,continuous,standard,5,1
catman_pilot_v1,P015,manipulation,C05,pc_func,7,human,retain,retain,uncertain,continuous,standard,5,1
catman_pilot_v1,P015,manipulation,C05,pc_self,4,human,retain,retain,uncertain,continuous,standard,5,1
catman_pilot_v1,P015,manipulation,C05,pc_tran,7,human,retain,retain,uncertain,continuous,standard,5,1
catman_pilot_v1,P015,manipulation,A09,pc_sub,7,human,retain,retain,deny,continuous,anchor,6,1
catman_pilot_v1,P015,manipulation,A09,pc_info,7,human,retain,retain,deny,continuous,anchor,6,1
catman_pilot_v1,P015,manipulation,A09,pc_func,7,human,retain,retain,deny,continuous,anchor,6,1
catman_pilot_v1,P015,manipulation,A09,pc_self,1,human,retain,retain,deny,continuous,anchor,6,1
catman_pilot_v1,P015,manipulation,A09,pc_tran,7,human,retain,retain,deny,continuous,anchor,6,1
catman_pilot_v1,P015,manipulation,C02,pc_sub,1,cat,retain,retain,affirm,continuous,standard,7,1
catman_pilot_v1,P015,manipulation,C02,pc_info,7,cat,retain,retain,affirm,continuous,standard,7,1
catman_pilot_v1,P015,manipulation,C02,pc_func,7,cat,retain,retain,affirm,continuous,standard,7,1
catman_pilot_v1,P015,manipulation,C02,pc_self,7,cat,retain,retain,affirm,continuous,standard,7,1
catman_pilot_v1,P015,manipulation,C02,pc_tran,7,cat,retain,retain,affirm,continuous,standard,7,1
catman_pilot_v1,P015,manipulation,A10,k_copy,1,cat,retain,retain,affirm,parallel,anchor,8,1
catman_pilot_v1,P015,manipulation,A10,k_term,1,cat,retain,retain,affirm,parallel,anchor,8,1
catman_pilot_v1,P015,manipulation,A10,k_coex,7,cat,retain,retain,affirm,parallel,anchor,8,1
catman_pilot_v1,P015,manipulation,A10,pc_sub,1,cat,retain,retain,affirm,parallel,anchor,8,1
catman_pilot_v1,P015,manipulation,A10,pc_info,7,cat,retain,retain,affirm,parallel,anchor,8,1
catman_pilot_v1,P015,manipulation,A10,pc_func,7,cat,retain,retain,affirm,parallel,anchor,8,1
catman_pilot_v1,P015,manipulation,A10,pc_self,7,cat,retain,retain,affirm,parallel,anchor,8,1
catman_pilot_v1,P015,manipulation,A10,pc_tran,7,cat,retain,retain,affirm,parallel,anchor,8,1
catman_pilot_v1,P015,manipulation,C01,pc_sub,7,human,retain,retain,affirm,continuous,standard,9,1
catman_pilot_v1,P015,manipulation,C01,pc_info,7,human,retain,retain,affirm,continuous,standard,9,1
catman_pilot_v1,P015,manipulation,C01,pc_func,7,human,retain,retain,affirm,continuous,standard,9,1
catman_pilot_v1,P015,manipulation,C01,pc_self,7,human,retain,retain,affirm,continuous,standard,9,1
catman_pilot_v1,P015,manipulation,C01,pc_tran,7,human,retain,retain,affirm,continuous,standard,9,1
catman_pilot_v1,P015,manipulation,C04,pc_sub,7,human,retain,limited,affirm,continuous,standard,10,1
catman_pilot_v1,P015,manipulation,C04,pc_info,7,human,retain,limited,affirm,continuous,standard,10,1
catman_pilot_v1,P015,manipulation,C04,pc_func,3,human,retain,limited,affirm,continuous,standard,10,1
catman_pilot_v1,P015,manipulation,C04,pc_self,7,human,retain,limited,affirm,continuous,standard,10,1
catman_pilot_v1,P015,manipulation,C04,pc_tran,7,human,retain,limited,affirm,continuous,standard,10,1
catman_pilot_v1,P034,manipulation,C06,pc_sub,6,human,retain,retain,affirm,discontinuous,standard,1,1
catman_pilot_v1,P034,manipulation,C06,pc_info,6,human,retain,retain,affirm,discontinuous,standard,1,1
catman_pilot_v1,P034,manipulation,C06,pc_func,6,human,retain,retain,affirm,discontinuous,standard,1,1
catman_pilot_v1,P034,manipulation,C06,pc_self,4,human,retain,retain,affirm,discontinuous,standard,1,1
catman_pilot_v1,P034,manipulation,C06,pc_tran,3,human,retain,retain,affirm,discontinuous,standard,1,1
catman_pilot_v1,P034,manipulation,C06,k_copy,3,human,retain,retain,affirm,discontinuous,standard,1,1
catman_pilot_v1,P034,manipulation,C06,k_term,3,human,retain,retain,affirm,discontinuous,standard,1,1
catman_pilot_v1,P034,manipulation,C07,pc_sub,2,cat,retain,retain,affirm,discontinuous,standard,2,1
catman_pilot_v1,P034,manipulation,C07,pc_info,6,cat,retain,retain,affirm,discontinuous,standard,2,1
catman_pilot_v1,P034,manipulation,C07,pc_func,6,cat,retain,retain,affirm,discontinuous,standard,2,1
catman_pilot_v1,P034,manipulation,C07,pc_self,6,cat,retain,retain,affirm,discontinuous,standard,2,1
catman_pilot_v1,P034,manipulation,C07,pc_tran,4,cat,retain,retain,affirm,discontinuous,standard,2,1
catman_pilot_v1,P034,manipulation,C07,k_copy,3,cat,retain,retain,affirm,discontinuous,standard,2,1
catman_pilot_v1,P034,manipulation,C07,k_term,4,cat,retain,retain,affirm,discontinuous,standard,2,1
catman_pilot_v1,P034,manipulation,C05,pc_sub,6,human,retain,retain,uncertain,continuous,standard,3,1
catman_pilot_v1,P034,manipulation,C05,pc_info,6,human,retain,retain,uncertain,continuous,standard,3,1
catman_pilot_v1,P034,manipulation,C05,pc_func,6,human,retain,retain,uncertain,continuous,standard,3,1
catman_pilot_v1,P034,manipulation,C05,pc_self,2,human,retain,retain,uncertain,continuous,standard,3,1
catman_pilot_v1,P034,manipulation,C05,pc_tran,4,human,retain,retain,uncertain,continuous,standard,3,1
catman_pilot_v1,P034,manipulation,C03,pc_sub,6,human,lost,retain,affirm,continuous,standard,4,1
catman_pilot_v1,P034,manipulation,C03,pc_info,2,human,lost,retain,affirm,continuous,standard,4,1
catman_pilot_v1,P034,manipulation,C03,pc_func,6,human,lost,retain,affirm,continuous,standard,4,1
catman_pilot_v1,P034,manipulation,C03,pc_self,6,human,lost,retain,affirm,continuous,standard,4,1
catman_pilot_v1,P034,manipulation,C03,pc_tran,4,human,lost,retain,affirm,continuous,standard,4,1
catman_pilot_v1,P034,manipulation,A10,k_copy,2,cat,retain,retain,affirm,parallel,anchor,5,1
catman_pilot_v1,P034,manipulation,A10,k_term,4,cat,retain,retain,affirm,parallel,anchor,5,1
catman_pilot_v1,P034,manipulation,A10,k_coex,6,cat,retain,retain,affirm,parallel,anchor,5,1
catman_pilot_v1,P034,manipulation,A10,pc_sub,2,cat,retain,retain,affirm,parallel,anchor,5,1
catman_pilot_v1,P034,manipulation,A10,pc_info,6,cat,retain,retain,affirm,parallel,anchor,5,1
catman_pilot_v1,P034,manipulation,A10,pc_func,6,cat,retain,retain,affirm,parallel,anchor,5,1
catman_pilot_v1,P034,manipulation,A10,pc_self,6,cat,retain,retain,affirm,parallel,anchor,5,1
catman_pilot_v1,P034,manipulation,A10,pc_tran,4,cat,retain,retain,affirm,parallel,anchor,5,1
catman_pilot_v1,P034,manipulation,C01,pc_sub,6,human,retain,retain,affirm,continuous,standard,6,1
catman_pilot_v1,P034,manipulation,C01,pc_info,6,human,retain,retain,affirm,continuous,standard,6,1
catman_pilot_v1,P034,manipulation,C01,pc_func,6,human,retain,retain,affirm,continuous,standard,6,1
catman_pilot_v1,P034,manipulation,C01,pc_self,5,human,retain,retain,affirm,continuous,standard,6,1
catman_pilot_v1,P034,manipulation,C01,pc_tran,4,human,retain,retain,affirm,continuous,standard,6,1
catman_pilot_v1,P034,manipulation,C02,pc_sub,2,cat,retain,retain,affirm,continuous,standard,7,1
catman_pilot_v1,P034,manipulation,C02,pc_info,6,cat,retain,retain,affirm,continuous,standard,7,1
catman_pilot_v1,P034,manipulation,C02,pc_func,6,cat,retain,retain,affirm,continuous,standard,7,1
catman_pilot_v1,P034,manipulation,C02,pc_self,5,cat,retain,retain,affirm,continuous,standard,7,1
catman_pilot_v1,P034,manipulation,C02,pc_tran,4,cat,retain,retain,affirm,continuous,standard,7,1
catman_pilot_v1,P034,manipulation,C04,pc_sub,6,human,retain,limited,affirm,continuous,standard,8,1
catman_pilot_v1,P034,manipulation,C04,pc_info,6,human,retain,limited,affirm,continuous,standard,8,1
catman_pilot_v1,P034,manipulation,C04,pc_func,3,human,retain,limited,affirm,continuous,standard,8,1
catman_pilot_v1,P034,manipulation,C04,pc_self,5,human,retain,limited,affirm,continuous,standard,8,1
catman_pilot_v1,P034,manipulation,C04,pc_tran,4,human,retain,limited,affirm,continuous,standard,8,1
catman_pilot_v1,P034,manipulation,A09,pc_sub,6,human,retain,retain,deny,continuous,anchor,9,1
catman_pilot_v1,P034,manipulation,A09,pc_info,6,human,retain,retain,deny,continuous,anchor,9,1
catman_pilot_v1,P034,manipulation,A09,pc_func,6,human,retain,retain,deny,continuous,anchor,9,1
catman_pilot_v1,P034,manipulation,A09,pc_self,2,human,retain,retain,deny,continuous,anchor,9,1
catman_pilot_v1,P034,manipulation,A09,pc_tran,4,human,retain,retain,deny,continuous,anchor,9,1
catman_pilot_v1,P034,manipulation,C08,pc_sub,6,human,lost,retain,affirm,discontinuous,standard,10,1
catman_pilot_v1,P034,manipulation,C08,pc_info,2,human,lost,retain,affirm,discontinuous,standard,10,1
catman_pilot_v1,P034,manipulation,C08,pc_func,6,human,lost,retain,affirm,discontinuous,standard,10,1
catman_pilot_v1,P034,manipulation,C08,pc_self,6,human,lost,retain,affirm,discontinuous,standard,10,1
catman_pilot_v1,P034,manipulation,C08,pc_tran,4,human,lost,retain,affirm,discontinuous,standard,10,1
catman_pilot_v1,P034,manipulation,C08,k_copy,6,human,lost,retain,affirm,discontinuous,standard,10,1
catman_pilot_v1,P034,manipulation,C08,k_term,5,human,lost,retain,affirm,discontinuous,standard,10,1
catman_pilot_v1,P007,manipulation,C06,pc_sub,7,human,retain,retain,affirm,discontinuous,standard,1,1
catman_pilot_v1,P007,manipulation,C06,pc_info,7,human,retain,retain,affirm,discontinuous,standard,1,1
catman_pilot_v1,P007,manipulation,C06,pc_func,7,human,retain,retain,affirm,discontinuous,standard,1,1
catman_pilot_v1,P007,manipulation,C06,pc_self,7,human,retain,retain,affirm,discontinuous,standard,1,1
catman_pilot_v1,P007,manipulation,C06,pc_tran,7,human,retain,retain,affirm,discontinuous,standard,1,1
catman_pilot_v1,P007,manipulation,C06,k_copy,4,human,retain,retain,affirm,discontinuous,standard,1,1
catman_pilot_v1,P007,manipulation,C06,k_term,4,human,retain,retain,affirm,discontinuous,standard,1,1
catman_pilot_v1,P007,manipulation,C04,pc_sub,7,human,retain,limited,affirm,continuous,standard,2,1
catman_pilot_v1,P007,manipulation,C04,pc_info,4,human,retain,limited,affirm,continuous,standard,2,1
catman_pilot_v1,P007,manipulation,C04,pc_func,1,human,retain,limited,affirm,continuous,standard,2,1
catman_pilot_v1,P007,manipulation,C04,pc_self,1,human,retain,limited,affirm,continuous,standard,2,1
catman_pilot_v1,P007,manipulation,C04,pc_tran,5,human,retain,limited,affirm,continuous,standard,2,1
catman_pilot_v1,P007,manipulation,C08,pc_sub,7,human,lost,retain,affirm,discontinuous,standard,3,1
catman_pilot_v1,P007,manipulation,C08,pc_info,1,human,lost,retain,affirm,discontinuous,standard,3,1
catman_pilot_v1,P007,manipulation,C08,pc_func,4,human,lost,retain,affirm,discontinuous,standard,3,1
catman_pilot_v1,P007,manipulation,C08,pc_self,4,human,lost,retain,affirm,discontinuous,standard,3,1
catman_pilot_v1,P007,manipulation,C08,pc_tran,7,human,lost,retain,affirm,discontinuous,standard,3,1
catman_pilot_v1,P007,manipulation,C08,k_copy,4,human,lost,retain,affirm,discontinuous,standard,3,1
catman_pilot_v1,P007,manipulation,C08,k_term,4,human,lost,retain,affirm,discontinuous,standard,3,1
catman_pilot_v1,P007,manipulation,C03,pc_sub,7,human,lost,retain,affirm,continuous,standard,4,1
catman_pilot_v1,P007,manipulation,C03,pc_info,1,human,lost,retain,affirm,continuous,standard,4,1
catman_pilot_v1,P007,manipulation,C03,pc_func,7,human,lost,retain,affirm,continuous,standard,4,1
catman_pilot_v1,P007,manipulation,C03,pc_self,4,human,lost,retain,affirm,continuous,standard,4,1
catman_pilot_v1,P007,manipulation,C03,pc_tran,7,human,lost,retain,affirm,continuous,standard,4,1
catman_pilot_v1,P007,manipulation,A10,k_copy,1,cat,retain,retain,affirm,parallel,anchor,5,1
catman_pilot_v1,P007,manipulation,A10,k_term,5,cat,retain,retain,affirm,parallel,anchor,5,1
catman_pilot_v1,P007,manipulation,A10,k_coex,7,cat,retain,retain,affirm,parallel,anchor,5,1
catman_pilot_v1,P007,manipulation,A10,pc_sub,1,cat,retain,retain,affirm,parallel,anchor,5,1
catman_pilot_v1,P007,manipulation,A10,pc_info,4,cat,retain,retain,affirm,parallel,anchor,5,1
catman_pilot_v1,P007,manipulation,A10,pc_func,4,cat,retain,retain,affirm,parallel,anchor,5,1
catman_pilot_v1,P007,manipulation,A10,pc_self,1,cat,retain,retain,affirm,parallel,anchor,5,1
catman_pilot_v1,P007,manipulation,A10,pc_tran,7,cat,retain,retain,affirm,parallel,anchor,5,1
catman_pilot_v1,P007,manipulation,C02,pc_sub,1,cat,retain,retain,affirm,continuous,standard,6,1
catman_pilot_v1,P007,manipulation,C02,pc_info,7,cat,retain,retain,affirm,continuous,standard,6,1
catman_pilot_v1,P007,manipulation,C02,pc_func,7,cat,retain,retain,affirm,continuous,standard,6,1
catman_pilot_v1,P007,manipulation,C02,pc_self,1,cat,retain,retain,affirm,continuous,standard,6,1
catman_pilot_v1,P007,manipulation,C02,pc_tran,7,cat,retain,retain,affirm,continuous,standard,6,1
catman_pilot_v1,P007,manipulation,A09,pc_sub,7,human,retain,retain,deny,continuous,anchor,7,1
catman_pilot_v1,P007,manipulation,A09,pc_info,7,human,retain,retain,deny,continuous,anchor,7,1
catman_pilot_v1,P007,manipulation,A09,pc_func,7,human,retain,retain,deny,continuous,anchor,7,1
catman_pilot_v1,P007,manipulation,A09,pc_self,4,human,retain,retain,deny,continuous,anchor,7,1
catman_pilot_v1,P007,manipulation,A09,pc_tran,7,human,retain,retain,deny,continuous,anchor,7,1
catman_pilot_v1,P007,manipulation,C01,pc_sub,7,human,retain,retain,affirm,continuous,standard,8,1
catman_pilot_v1,P007,manipulation,C01,pc_info,7,human,retain,retain,affirm,continuous,standard,8,1
catman_pilot_v1,P007,manipulation,C01,pc_func,7,human,retain,retain,affirm,continuous,standard,8,1
catman_pilot_v1,P007,manipulation,C01,pc_self,7,human,retain,retain,affirm,continuous,standard,8,1
catman_pilot_v1,P007,manipulation,C01,pc_tran,7,human,retain,retain,affirm,continuous,standard,8,1
catman_pilot_v1,P007,manipulation,C07,pc_sub,1,cat,retain,retain,affirm,discontinuous,standard,9,1
catman_pilot_v1,P007,manipulation,C07,pc_info,7,cat,retain,retain,affirm,discontinuous,standard,9,1
catman_pilot_v1,P007,manipulation,C07,pc_func,7,cat,retain,retain,affirm,discontinuous,standard,9,1
catman_pilot_v1,P007,manipulation,C07,pc_self,7,cat,retain,retain,affirm,discontinuous,standard,9,1
catman_pilot_v1,P007,manipulation,C07,pc_tran,7,cat,retain,retain,affirm,discontinuous,standard,9,1
catman_pilot_v1,P007,manipulation,C07,k_copy,4,cat,retain,retain,affirm,discontinuous,standard,9,1
catman_pilot_v1,P007,manipulation,C07,k_term,7,cat,retain,retain,affirm,discontinuous,standard,9,1
catman_pilot_v1,P007,manipulation,C05,pc_sub,7,human,retain,retain,uncertain,continuous,standard,10,1
catman_pilot_v1,P007,manipulation,C05,pc_info,7,human,retain,retain,uncertain,continuous,standard,10,1
catman_pilot_v1,P007,manipulation,C05,pc_func,7,human,retain,retain,uncertain,continuous,standard,10,1
catman_pilot_v1,P007,manipulation,C05,pc_self,3,human,retain,retain,uncertain,continuous,standard,10,1
catman_pilot_v1,P007,manipulation,C05,pc_tran,7,human,retain,retain,uncertain,continuous,standard,10,1
catman_pilot_v1,P068,manipulation,C01,pc_sub,7,human,retain,retain,affirm,continuous,standard,1,1
catman_pilot_v1,P068,manipulation,C01,pc_info,7,human,retain,retain,affirm,continuous,standard,1,1
catman_pilot_v1,P068,manipulation,C01,pc_func,6,human,retain,retain,affirm,continuous,standard,1,1
catman_pilot_v1,P068,manipulation,C01,pc_self,6,human,retain,retain,affirm,continuous,standard,1,1
catman_pilot_v1,P068,manipulation,C01,pc_tran,7,human,retain,retain,affirm,continuous,standard,1,1
catman_pilot_v1,P068,manipulation,C03,pc_sub,7,human,lost,retain,affirm,continuous,standard,2,1
catman_pilot_v1,P068,manipulation,C03,pc_info,1,human,lost,retain,affirm,continuous,standard,2,1
catman_pilot_v1,P068,manipulation,C03,pc_func,5,human,lost,retain,affirm,continuous,standard,2,1
catman_pilot_v1,P068,manipulation,C03,pc_self,6,human,lost,retain,affirm,continuous,standard,2,1
catman_pilot_v1,P068,manipulation,C03,pc_tran,7,human,lost,retain,affirm,continuous,standard,2,1
catman_pilot_v1,P068,manipulation,C08,pc_sub,7,human,lost,retain,affirm,discontinuous,standard,3,1
catman_pilot_v1,P068,manipulation,C08,pc_info,1,human,lost,retain,affirm,discontinuous,standard,3,1
catman_pilot_v1,P068,manipulation,C08,pc_func,5,human,lost,retain,affirm,discontinuous,standard,3,1
catman_pilot_v1,P068,manipulation,C08,pc_self,6,human,lost,retain,affirm,discontinuous,standard,3,1
catman_pilot_v1,P068,manipulation,C08,pc_tran,6,human,lost,retain,affirm,discontinuous,standard,3,1
catman_pilot_v1,P068,manipulation,C08,k_copy,5,human,lost,retain,affirm,discontinuous,standard,3,1
catman_pilot_v1,P068,manipulation,C08,k_term,6,human,lost,retain,affirm,discontinuous,standard,3,1
catman_pilot_v1,P068,manipulation,C02,pc_sub,1,cat,retain,retain,affirm,continuous,standard,4,1
catman_pilot_v1,P068,manipulation,C02,pc_info,7,cat,retain,retain,affirm,continuous,standard,4,1
catman_pilot_v1,P068,manipulation,C02,pc_func,3,cat,retain,retain,affirm,continuous,standard,4,1
catman_pilot_v1,P068,manipulation,C02,pc_self,6,cat,retain,retain,affirm,continuous,standard,4,1
catman_pilot_v1,P068,manipulation,C02,pc_tran,7,cat,retain,retain,affirm,continuous,standard,4,1
catman_pilot_v1,P068,manipulation,A09,pc_sub,7,human,retain,retain,deny,continuous,anchor,5,1
catman_pilot_v1,P068,manipulation,A09,pc_info,7,human,retain,retain,deny,continuous,anchor,5,1
catman_pilot_v1,P068,manipulation,A09,pc_func,6,human,retain,retain,deny,continuous,anchor,5,1
catman_pilot_v1,P068,manipulation,A09,pc_self,2,human,retain,retain,deny,continuous,anchor,5,1
catman_pilot_v1,P068,manipulation,A09,pc_tran,7,human,retain,retain,deny,continuous,anchor,5,1
catman_pilot_v1,P068,manipulation,C04,pc_sub,6,human,retain,limited,affirm,continuous,standard,6,1
catman_pilot_v1,P068,manipulation,C04,pc_info,7,human,retain,limited,affirm,continuous,standard,6,1
catman_pilot_v1,P068,manipulation,C04,pc_func,3,human,retain,limited,affirm,continuous,standard,6,1
catman_pilot_v1,P068,manipulation,C04,pc_self,7,human,retain,limited,affirm,continuous,standard,6,1
catman_pilot_v1,P068,manipulation,C04,pc_tran,7,human,retain,limited,affirm,continuous,standard,6,1
catman_pilot_v1,P068,manipulation,C07,pc_sub,1,cat,retain,retain,affirm,discontinuous,standard,7,1
catman_pilot_v1,P068,manipulation,C07,pc_info,7,cat,retain,retain,affirm,discontinuous,standard,7,1
catman_pilot_v1,P068,manipulation,C07,pc_func,3,cat,retain,retain,affirm,discontinuous,standard,7,1
catman_pilot_v1,P068,manipulation,C07,pc_self,6,cat,retain,retain,affirm,discontinuous,standard,7,1
catman_pilot_v1,P068,manipulation,C07,pc_tran,4,cat,retain,retain,affirm,discontinuous,standard,7,1
catman_pilot_v1,P068,manipulation,C07,k_copy,5,cat,retain,retain,affirm,discontinuous,standard,7,1
catman_pilot_v1,P068,manipulation,C07,k_term,3,cat,retain,retain,affirm,discontinuous,standard,7,1
catman_pilot_v1,P068,manipulation,C05,pc_sub,7,human,retain,retain,uncertain,continuous,standard,8,1
catman_pilot_v1,P068,manipulation,C05,pc_info,7,human,retain,retain,uncertain,continuous,standard,8,1
catman_pilot_v1,P068,manipulation,C05,pc_func,7,human,retain,retain,uncertain,continuous,standard,8,1
catman_pilot_v1,P068,manipulation,C05,pc_self,4,human,retain,retain,uncertain,continuous,standard,8,1
catman_pilot_v1,P068,manipulation,C05,pc_tran,7,human,retain,retain,uncertain,continuous,standard,8,1
catman_pilot_v1,P068,manipulation,A10,k_copy,6,cat,retain,retain,affirm,parallel,anchor,9,1
catman_pilot_v1,P068,manipulation,A10,k_term,1,cat,retain,retain,affirm,parallel,anchor,9,1
catman_pilot_v1,P068,manipulation,A10,k_coex,7,cat,retain,retain,affirm,parallel,anchor,9,1
catman_pilot_v1,P068,manipulation,A10,pc_sub,1,cat,retain,retain,affirm,parallel,anchor,9,1
catman_pilot_v1,P068,manipulation,A10,pc_info,7,cat,retain,retain,affirm,parallel,anchor,9,1
catman_pilot_v1,P068,manipulation,A10,pc_func,3,cat,retain,retain,affirm,parallel,anchor,9,1
catman_pilot_v1,P068,manipulation,A10,pc_self,5,cat,retain,retain,affirm,parallel,anchor,9,1
catman_pilot_v1,P068,manipulation,A10,pc_tran,2,cat,retain,retain,affirm,parallel,anchor,9,1
catman_pilot_v1,P068,manipulation,C06,pc_sub,7,human,retain,retain,affirm,discontinuous,standard,10,1
catman_pilot_v1,P068,manipulation,C06,pc_info,7,human,retain,retain,affirm,discontinuous,standard,10,1
catman_pilot_v1,P068,manipulation,C06,pc_func,6,human,retain,retain,affirm,discontinuous,standard,10,1
catman_pilot_v1,P068,manipulation,C06,pc_self,7,human,retain,retain,affirm,discontinuous,standard,10,1
catman_pilot_v1,P068,manipulation,C06,pc_tran,6,human,retain,retain,affirm,discontinuous,standard,10,1
catman_pilot_v1,P068,manipulation,C06,k_copy,4,human,retain,retain,affirm,discontinuous,standard,10,1
catman_pilot_v1,P068,manipulation,C06,k_term,5,human,retain,retain,affirm,discontinuous,standard,10,1
catman_pilot_v1,P055,manipulation,C08,pc_sub,7,human,lost,retain,affirm,discontinuous,standard,1,1
catman_pilot_v1,P055,manipulation,C08,pc_info,1,human,lost,retain,affirm,discontinuous,standard,1,1
catman_pilot_v1,P055,manipulation,C08,pc_func,7,human,lost,retain,affirm,discontinuous,standard,1,1
catman_pilot_v1,P055,manipulation,C08,pc_self,6,human,lost,retain,affirm,discontinuous,standard,1,1
catman_pilot_v1,P055,manipulation,C08,pc_tran,6,human,lost,retain,affirm,discontinuous,standard,1,1
catman_pilot_v1,P055,manipulation,C08,k_copy,6,human,lost,retain,affirm,discontinuous,standard,1,1
catman_pilot_v1,P055,manipulation,C08,k_term,5,human,lost,retain,affirm,discontinuous,standard,1,1
catman_pilot_v1,P055,manipulation,C03,pc_sub,7,human,lost,retain,affirm,continuous,standard,2,1
catman_pilot_v1,P055,manipulation,C03,pc_info,1,human,lost,retain,affirm,continuous,standard,2,1
catman_pilot_v1,P055,manipulation,C03,pc_func,7,human,lost,retain,affirm,continuous,standard,2,1
catman_pilot_v1,P055,manipulation,C03,pc_self,7,human,lost,retain,affirm,continuous,standard,2,1
catman_pilot_v1,P055,manipulation,C03,pc_tran,2,human,lost,retain,affirm,continuous,standard,2,1
catman_pilot_v1,P055,manipulation,C01,pc_sub,7,human,retain,retain,affirm,continuous,standard,3,1
catman_pilot_v1,P055,manipulation,C01,pc_info,7,human,retain,retain,affirm,continuous,standard,3,1
catman_pilot_v1,P055,manipulation,C01,pc_func,7,human,retain,retain,affirm,continuous,standard,3,1
catman_pilot_v1,P055,manipulation,C01,pc_self,5,human,retain,retain,affirm,continuous,standard,3,1
catman_pilot_v1,P055,manipulation,C01,pc_tran,2,human,retain,retain,affirm,continuous,standard,3,1
catman_pilot_v1,P055,manipulation,C07,pc_sub,1,cat,retain,retain,affirm,discontinuous,standard,4,1
catman_pilot_v1,P055,manipulation,C07,pc_info,7,cat,retain,retain,affirm,discontinuous,standard,4,1
catman_pilot_v1,P055,manipulation,C07,pc_func,7,cat,retain,retain,affirm,discontinuous,standard,4,1
catman_pilot_v1,P055,manipulation,C07,pc_self,7,cat,retain,retain,affirm,discontinuous,standard,4,1
catman_pilot_v1,P055,manipulation,C07,pc_tran,1,cat,retain,retain,affirm,discontinuous,standard,4,1
catman_pilot_v1,P055,manipulation,C07,k_copy,6,cat,retain,retain,affirm,discontinuous,standard,4,1
catman_pilot_v1,P055,manipulation,C07,k_term,5,cat,retain,retain,affirm,discontinuous,standard,4,1
catman_pilot_v1,P055,manipulation,C05,pc_sub,7,human,retain,retain,uncertain,continuous,standard,5,1
catman_pilot_v1,P055,manipulation,C05,pc_info,7,human,retain,retain,uncertain,continuous,standard,5,1
catman_pilot_v1,P055,manipulation,C05,pc_func,7,human,retain,retain,uncertain,continuous,standard,5,1
catman_pilot_v1,P055,manipulation,C05,pc_self,1,human,retain,retain,uncertain,continuous,standard,5,1
catman_pilot_v1,P055,manipulation,C05,pc_tran,2,human,retain,retain,uncertain,continuous,standard,5,1
catman_pilot_v1,P055,manipulation,A09,pc_sub,7,human,retain,retain,deny,continuous,anchor,6,1
catman_pilot_v1,P055,manipulation,A09,pc_info,7,human,retain,retain,deny,continuous,anchor,6,1
catman_pilot_v1,P055,manipulation,A09,pc_func,7,human,retain,retain,deny,continuous,anchor,6,1
catman_pilot_v1,P055,manipulation,A09,pc_self,7,human,retain,retain,deny,continuous,anchor,6,1
catman_pilot_v1,P055,manipulation,A09,pc_tran,1,human,retain,retain,deny,continuous,anchor,6,1
catman_pilot_v1,P055,manipulation,C06,pc_sub,7,human,retain,retain,affirm,discontinuous,standard,7,1
catman_pilot_v1,P055,manipulation,C06,pc_info,7,human,retain,retain,affirm,discontinuous,standard,7,1
catman_pilot_v1,P055,manipulation,C06,pc_func,7,human,retain,retain,affirm,discontinuous,standard,7,1
catman_pilot_v1,P055,manipulation,C06,pc_self,7,human,retain,retain,affirm,discontinuous,standard,7,1
catman_pilot_v1,P055,manipulation,C06,pc_tran,3,human,retain,retain,affirm,discontinuous,standard,7,1
catman_pilot_v1,P055,manipulation,C06,k_copy,7,human,retain,retain,affirm,discontinuous,standard,7,1
catman_pilot_v1,P055,manipulation,C06,k_term,6,human,retain,retain,affirm,discontinuous,standard,7,1
catman_pilot_v1,P055,manipulation,A10,k_copy,7,cat,retain,retain,affirm,parallel,anchor,8,1
catman_pilot_v1,P055,manipulation,A10,k_term,7,cat,retain,retain,affirm,parallel,anchor,8,1
catman_pilot_v1,P055,manipulation,A10,k_coex,6,cat,retain,retain,affirm,parallel,anchor,8,1
catman_pilot_v1,P055,manipulation,A10,pc_sub,1,cat,retain,retain,affirm,parallel,anchor,8,1
catman_pilot_v1,P055,manipulation,A10,pc_info,7,cat,retain,retain,affirm,parallel,anchor,8,1
catman_pilot_v1,P055,manipulation,A10,pc_func,7,cat,retain,retain,affirm,parallel,anchor,8,1
catman_pilot_v1,P055,manipulation,A10,pc_self,4,cat,retain,retain,affirm,parallel,anchor,8,1
catman_pilot_v1,P055,manipulation,A10,pc_tran,1,cat,retain,retain,affirm,parallel,anchor,8,1
catman_pilot_v1,P055,manipulation,C02,pc_sub,1,cat,retain,retain,affirm,continuous,standard,9,1
catman_pilot_v1,P055,manipulation,C02,pc_info,7,cat,retain,retain,affirm,continuous,standard,9,1
catman_pilot_v1,P055,manipulation,C02,pc_func,7,cat,retain,retain,affirm,continuous,standard,9,1
catman_pilot_v1,P055,manipulation,C02,pc_self,7,cat,retain,retain,affirm,continuous,standard,9,1
catman_pilot_v1,P055,manipulation,C02,pc_tran,1,cat,retain,retain,affirm,continuous,standard,9,1
catman_pilot_v1,P055,manipulation,C04,pc_sub,7,human,retain,limited,affirm,continuous,standard,10,1
catman_pilot_v1,P055,manipulation,C04,pc_info,7,human,retain,limited,affirm,continuous,standard,10,1
catman_pilot_v1,P055,manipulation,C04,pc_func,1,human,retain,limited,affirm,continuous,standard,10,1
catman_pilot_v1,P055,manipulation,C04,pc_self,7,human,retain,limited,affirm,continuous,standard,10,1
catman_pilot_v1,P055,manipulation,C04,pc_tran,4,human,retain,limited,affirm,continuous,standard,10,1

