study,participant_id,arm,condition_id,item,value,E_sub,E_info,E_func,E_selfID,E_transition,condition_role,position,attention_pass,condition_label,item_label
catman_pilot_v1,P072,judgment,C06,j_identity,6,human,retain,retain,affirm,discontinuous,standard,1,1,Transition,Identity
catman_pilot_v1,P072,judgment,C06,j_likeness,7,human,retain,retain,affirm,discontinuous,standard,1,1,Transition,Likeness
catman_pilot_v1,P072,judgment,C06,j_relationship,6,human,retain,retain,affirm,discontinuous,standard,1,1,Transition,Relationship
catman_pilot_v1,P072,judgment,C06,j_obligation,7,human,retain,retain,affirm,discontinuous,standard,1,1,Transition,Obligation
catman_pilot_v1,P072,judgment,C06,j_treatment,6,human,retain,retain,affirm,discontinuous,standard,1,1,Transition,Treatment
catman_pilot_v1,P072,judgment,C01,j_identity,7,human,retain,retain,affirm,continuous,standard,2,1,Baseline,Identity
catman_pilot_v1,P072,judgment,C01,j_likeness,7,human,retain,retain,affirm,continuous,standard,2,1,Baseline,Likeness
catman_pilot_v1,P072,judgment,C01,j_relationship,7,human,retain,retain,affirm,continuous,standard,2,1,Baseline,Relationship
catman_pilot_v1,P072,judgment,C01,j_obligation,7,human,retain,retain,affirm,continuous,standard,2,1,Baseline,Obligation
catman_pilot_v1,P072,judgment,C01,j_treatment,7,human,retain,retain,affirm,continuous,standard,2,1,Baseline,Treatment
catman_pilot_v1,P072,judgment,C07,j_identity,5,cat,retain,retain,affirm,discontinuous,standard,3,1,Body + transition,Identity
catman_pilot_v1,P072,judgment,C07,j_likeness,6,cat,retain,retain,affirm,discontinuous,standard,3,1,Body + transition,Likeness
catman_pilot_v1,P072,judgment,C07,j_relationship,6,cat,retain,retain,affirm,discontinuous,standard,3,1,Body + transition,Relationship
catman_pilot_v1,P072,judgment,C07,j_obligation,7,cat,retain,retain,affirm,discontinuous,standard,3,1,Body + transition,Obligation
catman_pilot_v1,P072,judgment,C07,j_treatment,5,cat,retain,retain,affirm,discontinuous,standard,3,1,Body + transition,Treatment
catman_pilot_v1,P072,judgment,C05,j_identity,7,human,retain,retain,uncertain,continuous,standard,4,1,Self-ID uncertain,Identity
catman_pilot_v1,P072,judgment,C05,j_likeness,7,human,retain,retain,uncertain,continuous,standard,4,1,Self-ID uncertain,Likeness
catman_pilot_v1,P072,judgment,C05,j_relationship,7,human,retain,retain,uncertain,continuous,standard,4,1,Self-ID uncertain,Relationship
catman_pilot_v1,P072,judgment,C05,j_obligation,7,human,retain,retain,uncertain,continuous,standard,4,1,Self-ID uncertain,Obligation
catman_pilot_v1,P072,judgment,C05,j_treatment,7,human,retain,retain,uncertain,continuous,standard,4,1,Self-ID uncertain,Treatment
catman_pilot_v1,P072,judgment,C04,j_identity,7,human,retain,limited,affirm,continuous,standard,5,1,Function,Identity
catman_pilot_v1,P072,judgment,C04,j_likeness,6,human,retain,limited,affirm,continuous,standard,5,1,Function,Likeness
catman_pilot_v1,P072,judgment,C04,j_relationship,7,human,retain,limited,affirm,continuous,standard,5,1,Function,Relationship
catman_pilot_v1,P072,judgment,C04,j_obligation,7,human,retain,limited,affirm,continuous,standard,5,1,Function,Obligation
catman_pilot_v1,P072,judgment,C04,j_treatment,6,human,retain,limited,affirm,continuous,standard,5,1,Function,Treatment
catman_pilot_v1,P072,judgment,C02,j_identity,6,cat,retain,retain,affirm,continuous,standard,6,1,Body,Identity
catman_pilot_v1,P072,judgment,C02,j_likeness,6,cat,retain,retain,affirm,continuous,standard,6,1,Body,Likeness
catman_pilot_v1,P072,judgment,C02,j_relationship,7,cat,retain,retain,affirm,continuous,standard,6,1,Body,Relationship
catman_pilot_v1,P072,judgment,C02,j_obligation,7,cat,retain,retain,affirm,continuous,standard,6,1,Body,Obligation
catman_pilot_v1,P072,judgment,C02,j_treatment,6,cat,retain,retain,affirm,continuous,standard,6,1,Body,Treatment
catman_pilot_v1,P072,judgment,C03,j_identity,4,human,lost,retain,affirm,continuous,standard,7,1,Memory,Identity
catman_pilot_v1,P072,judgment,C03,j_likeness,5,human,lost,retain,affirm,continuous,standard,7,1,Memory,Likeness
catman_pilot_v1,P072,judgment,C03,j_relationship,4,human,lost,retain,affirm,continuous,standard,7,1,Memory,Relationship
catman_pilot_v1,P072,judgment,C03,j_obligation,4,human,lost,retain,affirm,continuous,standard,7,1,Memory,Obligation
catman_pilot_v1,P072,judgment,C03,j_treatment,4,human,lost,retain,affirm,continuous,standard,7,1,Memory,Treatment
catman_pilot_v1,P072,judgment,A10,j_ab,7,cat,retain,retain,affirm,parallel,anchor,8,1,Parallel anchor,Pre-X = surviving human
catman_pilot_v1,P072,judgment,A10,j_ac,6,cat,retain,retain,affirm,parallel,anchor,8,1,Parallel anchor,Pre-X = generated cat
catman_pilot_v1,P072,judgment,A10,j_bc,2,cat,retain,retain,affirm,parallel,anchor,8,1,Parallel anchor,Surviving human = generated cat
catman_pilot_v1,P072,judgment,A10,j_excl,7,cat,retain,retain,affirm,parallel,anchor,8,1,Parallel anchor,Identity exclusivity
catman_pilot_v1,P072,judgment,A10,j_relationship,6,cat,retain,retain,affirm,parallel,anchor,8,1,Parallel anchor,Relationship
catman_pilot_v1,P072,judgment,A10,j_obligation,7,cat,retain,retain,affirm,parallel,anchor,8,1,Parallel anchor,Obligation
catman_pilot_v1,P072,judgment,A10,j_treatment,6,cat,retain,retain,affirm,parallel,anchor,8,1,Parallel anchor,Treatment
catman_pilot_v1,P072,judgment,C08,j_identity,4,human,lost,retain,affirm,discontinuous,standard,9,1,Memory + transition,Identity
catman_pilot_v1,P072,judgment,C08,j_likeness,5,human,lost,retain,affirm,discontinuous,standard,9,1,Memory + transition,Likeness
catman_pilot_v1,P072,judgment,C08,j_relationship,4,human,lost,retain,affirm,discontinuous,standard,9,1,Memory + transition,Relationship
catman_pilot_v1,P072,judgment,C08,j_obligation,4,human,lost,retain,affirm,discontinuous,standard,9,1,Memory + transition,Obligation
catman_pilot_v1,P072,judgment,C08,j_treatment,4,human,lost,retain,affirm,discontinuous,standard,9,1,Memory + transition,Treatment
catman_pilot_v1,P072,judgment,A09,j_identity,7,human,retain,retain,deny,continuous,anchor,10,1,Self-denial anchor,Identity
catman_pilot_v1,P072,judgment,A09,j_likeness,7,human,retain,retain,deny,continuous,anchor,10,1,Self-denial anchor,Likeness
catman_pilot_v1,P072,judgment,A09,j_relationship,7,human,retain,retain,deny,continuous,anchor,10,1,Self-denial anchor,Relationship
catman_pilot_v1,P072,judgment,A09,j_obligation,7,human,retain,retain,deny,continuous,anchor,10,1,Self-denial anchor,Obligation
catman_pilot_v1,P072,judgment,A09,j_treatment,6,human,retain,retain,deny,continuous,anchor,10,1,Self-denial anchor,Treatment
catman_pilot_v1,P072,judgment,A09,v_epistemic,2,human,retain,retain,deny,continuous,anchor,10,1,Self-denial anchor,Epistemic veto
catman_pilot_v1,P072,judgment,A09,v_normative,6,human,retain,retain,deny,continuous,anchor,10,1,Self-denial anchor,Normative veto
catman_pilot_v1,P084,judgment,C02,j_identity,7,cat,retain,retain,affirm,continuous,standard,1,1,Body,Identity
catman_pilot_v1,P084,judgment,C02,j_likeness,7,cat,retain,retain,affirm,continuous,standard,1,1,Body,Likeness
catman_pilot_v1,P084,judgment,C02,j_relationship,7,cat,retain,retain,affirm,continuous,standard,1,1,Body,Relationship
catman_pilot_v1,P084,judgment,C02,j_obligation,7,cat,retain,retain,affirm,continuous,standard,1,1,Body,Obligation
catman_pilot_v1,P084,judgment,C02,j_treatment,7,cat,retain,retain,affirm,continuous,standard,1,1,Body,Treatment
catman_pilot_v1,P084,judgment,C07,j_identity,5,cat,retain,retain,affirm,discontinuous,standard,2,1,Body + transition,Identity
catman_pilot_v1,P084,judgment,C07,j_likeness,7,cat,retain,retain,affirm,discontinuous,standard,2,1,Body + transition,Likeness
catman_pilot_v1,P084,judgment,C07,j_relationship,6,cat,retain,retain,affirm,discontinuous,standard,2,1,Body + transition,Relationship
catman_pilot_v1,P084,judgment,C07,j_obligation,7,cat,retain,retain,affirm,discontinuous,standard,2,1,Body + transition,Obligation
catman_pilot_v1,P084,judgment,C07,j_treatment,6,cat,retain,retain,affirm,discontinuous,standard,2,1,Body + transition,Treatment
catman_pilot_v1,P084,judgment,C05,j_identity,7,human,retain,retain,uncertain,continuous,standard,3,1,Self-ID uncertain,Identity
catman_pilot_v1,P084,judgment,C05,j_likeness,7,human,retain,retain,uncertain,continuous,standard,3,1,Self-ID uncertain,Likeness
catman_pilot_v1,P084,judgment,C05,j_relationship,7,human,retain,retain,uncertain,continuous,standard,3,1,Self-ID uncertain,Relationship
catman_pilot_v1,P084,judgment,C05,j_obligation,7,human,retain,retain,uncertain,continuous,standard,3,1,Self-ID uncertain,Obligation
catman_pilot_v1,P084,judgment,C05,j_treatment,7,human,retain,retain,uncertain,continuous,standard,3,1,Self-ID uncertain,Treatment
catman_pilot_v1,P084,judgment,C06,j_identity,6,human,retain,retain,affirm,discontinuous,standard,4,1,Transition,Identity
catman_pilot_v1,P084,judgment,C06,j_likeness,7,human,retain,retain,affirm,discontinuous,standard,4,1,Transition,Likeness
catman_pilot_v1,P084,judgment,C06,j_relationship,6,human,retain,retain,affirm,discontinuous,standard,4,1,Transition,Relationship
catman_pilot_v1,P084,judgment,C06,j_obligation,7,human,retain,retain,affirm,discontinuous,standard,4,1,Transition,Obligation
catman_pilot_v1,P084,judgment,C06,j_treatment,6,human,retain,retain,affirm,discontinuous,standard,4,1,Transition,Treatment
catman_pilot_v1,P084,judgment,A10,j_ab,7,cat,retain,retain,affirm,parallel,anchor,5,1,Parallel anchor,Pre-X = surviving human
catman_pilot_v1,P084,judgment,A10,j_ac,4,cat,retain,retain,affirm,parallel,anchor,5,1,Parallel anchor,Pre-X = generated cat
catman_pilot_v1,P084,judgment,A10,j_bc,2,cat,retain,retain,affirm,parallel,anchor,5,1,Parallel anchor,Surviving human = generated cat
catman_pilot_v1,P084,judgment,A10,j_excl,6,cat,retain,retain,affirm,parallel,anchor,5,1,Parallel anchor,Identity exclusivity
catman_pilot_v1,P084,judgment,A10,j_relationship,4,cat,retain,retain,affirm,parallel,anchor,5,1,Parallel anchor,Relationship
catman_pilot_v1,P084,judgment,A10,j_obligation,5,cat,retain,retain,affirm,parallel,anchor,5,1,Parallel anchor,Obligation
catman_pilot_v1,P084,judgment,A10,j_treatment,4,cat,retain,retain,affirm,parallel,anchor,5,1,Parallel anchor,Treatment
catman_pilot_v1,P084,judgment,C08,j_identity,3,human,lost,retain,affirm,discontinuous,standard,6,1,Memory + transition,Identity
catman_pilot_v1,P084,judgment,C08,j_likeness,3,human,lost,retain,affirm,discontinuous,standard,6,1,Memory + transition,Likeness
catman_pilot_v1,P084,judgment,C08,j_relationship,3,human,lost,retain,affirm,discontinuous,standard,6,1,Memory + transition,Relationship
catman_pilot_v1,P084,judgment,C08,j_obligation,3,human,lost,retain,affirm,discontinuous,standard,6,1,Memory + transition,Obligation
catman_pilot_v1,P084,judgment,C08,j_treatment,3,human,lost,retain,affirm,discontinuous,standard,6,1,Memory + transition,Treatment
catman_pilot_v1,P084,judgment,C03,j_identity,4,human,lost,retain,affirm,continuous,standard,7,1,Memory,Identity
catman_pilot_v1,P084,judgment,C03,j_likeness,4,human,lost,retain,affirm,continuous,standard,7,1,Memory,Likeness
catman_pilot_v1,P084,judgment,C03,j_relationship,4,human,lost,retain,affirm,continuous,standard,7,1,Memory,Relationship
catman_pilot_v1,P084,judgment,C03,j_obligation,4,human,lost,retain,affirm,continuous,standard,7,1,Memory,Obligation
catman_pilot_v1,P084,judgment,C03,j_treatment,4,human,lost,retain,affirm,continuous,standard,7,1,Memory,Treatment
catman_pilot_v1,P084,judgment,C01,j_identity,7,human,retain,retain,affirm,continuous,standard,8,1,Baseline,Identity
catman_pilot_v1,P084,judgment,C01,j_likeness,7,human,retain,retain,affirm,continuous,standard,8,1,Baseline,Likeness
catman_pilot_v1,P084,judgment,C01,j_relationship,7,human,retain,retain,affirm,continuous,standard,8,1,Baseline,Relationship
catman_pilot_v1,P084,judgment,C01,j_obligation,7,human,retain,retain,affirm,continuous,standard,8,1,Baseline,Obligation
catman_pilot_v1,P084,judgment,C01,j_treatment,7,human,retain,retain,affirm,continuous,standard,8,1,Baseline,Treatment
catman_pilot_v1,P084,judgment,A09,j_identity,7,human,retain,retain,deny,continuous,anchor,9,1,Self-denial anchor,Identity
catman_pilot_v1,P084,judgment,A09,j_likeness,7,human,retain,retain,deny,continuous,anchor,9,1,Self-denial anchor,Likeness
catman_pilot_v1,P084,judgment,A09,j_relationship,7,human,retain,retain,deny,continuous,anchor,9,1,Self-denial anchor,Relationship
catman_pilot_v1,P084,judgment,A09,j_obligation,7,human,retain,retain,deny,continuous,anchor,9,1,Self-denial anchor,Obligation
catman_pilot_v1,P084,judgment,A09,j_treatment,6,human,retain,retain,deny,continuous,anchor,9,1,Self-denial anchor,Treatment
catman_pilot_v1,P084,judgment,A09,v_epistemic,2,human,retain,retain,deny,continuous,anchor,9,1,Self-denial anchor,Epistemic veto
catman_pilot_v1,P084,judgment,A09,v_normative,5,human,retain,retain,deny,continuous,anchor,9,1,Self-denial anchor,Normative veto
catman_pilot_v1,P084,judgment,C04,j_identity,7,human,retain,limited,affirm,continuous,standard,10,1,Function,Identity
catman_pilot_v1,P084,judgment,C04,j_likeness,6,human,retain,limited,affirm,continuous,standard,10,1,Function,Likeness
catman_pilot_v1,P084,judgment,C04,j_relationship,7,human,retain,limited,affirm,continuous,standard,10,1,Function,Relationship
catman_pilot_v1,P084,judgment,C04,j_obligation,7,human,retain,limited,affirm,continuous,standard,10,1,Function,Obligation
catman_pilot_v1,P084,judgment,C04,j_treatment,7,human,retain,limited,affirm,continuous,standard,10,1,Function,Treatment
catman_pilot_v1,P008,judgment,C01,j_identity,6,human,retain,retain,affirm,continuous,standard,1,1,Baseline,Identity
catman_pilot_v1,P008,judgment,C01,j_likeness,6,human,retain,retain,affirm,continuous,standard,1,1,Baseline,Likeness
catman_pilot_v1,P008,judgment,C01,j_relationship,7,human,retain,retain,affirm,continuous,standard,1,1,Baseline,Relationship
catman_pilot_v1,P008,judgment,C01,j_obligation,4,human,retain,retain,affirm,continuous,standard,1,1,Baseline,Obligation
catman_pilot_v1,P008,judgment,C01,j_treatment,5,human,retain,retain,affirm,continuous,standard,1,1,Baseline,Treatment
catman_pilot_v1,P008,judgment,C07,j_identity,4,cat,retain,retain,affirm,discontinuous,standard,2,1,Body + transition,Identity
catman_pilot_v1,P008,judgment,C07,j_likeness,5,cat,retain,retain,affirm,discontinuous,standard,2,1,Body + transition,Likeness
catman_pilot_v1,P008,judgment,C07,j_relationship,6,cat,retain,retain,affirm,discontinuous,standard,2,1,Body + transition,Relationship
catman_pilot_v1,P008,judgment,C07,j_obligation,4,cat,retain,retain,affirm,discontinuous,standard,2,1,Body + transition,Obligation
catman_pilot_v1,P008,judgment,C07,j_treatment,4,cat,retain,retain,affirm,discontinuous,standard,2,1,Body + transition,Treatment
catman_pilot_v1,P008,judgment,C08,j_identity,3,human,lost,retain,affirm,discontinuous,standard,3,1,Memory + transition,Identity
catman_pilot_v1,P008,judgment,C08,j_likeness,3,human,lost,retain,affirm,discontinuous,standard,3,1,Memory + transition,Likeness
catman_pilot_v1,P008,judgment,C08,j_relationship,7,human,lost,retain,affirm,discontinuous,standard,3,1,Memory + transition,Relationship
catman_pilot_v1,P008,judgment,C08,j_obligation,4,human,lost,retain,affirm,discontinuous,standard,3,1,Memory + transition,Obligation
catman_pilot_v1,P008,judgment,C08,j_treatment,5,human,lost,retain,affirm,discontinuous,standard,3,1,Memory + transition,Treatment
catman_pilot_v1,P008,judgment,C03,j_identity,3,human,lost,retain,affirm,continuous,standard,4,1,Memory,Identity
catman_pilot_v1,P008,judgment,C03,j_likeness,2,human,lost,retain,affirm,continuous,standard,4,1,Memory,Likeness
catman_pilot_v1,P008,judgment,C03,j_relationship,4,human,lost,retain,affirm,continuous,standard,4,1,Memory,Relationship
catman_pilot_v1,P008,judgment,C03,j_obligation,4,human,lost,retain,affirm,continuous,standard,4,1,Memory,Obligation
catman_pilot_v1,P008,judgment,C03,j_treatment,3,human,lost,retain,affirm,continuous,standard,4,1,Memory,Treatment
catman_pilot_v1,P008,judgment,A09,j_identity,4,human,retain,retain,deny,continuous,anchor,5,1,Self-denial anchor,Identity
catman_pilot_v1,P008,judgment,A09,j_likeness,4,human,retain,retain,deny,continuous,anchor,5,1,Self-denial anchor,Likeness
catman_pilot_v1,P008,judgment,A09,j_relationship,5,human,retain,retain,deny,continuous,anchor,5,1,Self-denial anchor,Relationship
catman_pilot_v1,P008,judgment,A09,j_obligation,3,human,retain,retain,deny,continuous,anchor,5,1,Self-denial anchor,Obligation
catman_pilot_v1,P008,judgment,A09,j_treatment,4,human,retain,retain,deny,continuous,anchor,5,1,Self-denial anchor,Treatment
catman_pilot_v1,P008,judgment,A09,v_epistemic,4,human,retain,retain,deny,continuous,anchor,5,1,Self-denial anchor,Epistemic veto
catman_pilot_v1,P008,judgment,A09,v_normative,5,human,retain,retain,deny,continuous,anchor,5,1,Self-denial anchor,Normative veto
catman_pilot_v1,P008,judgment,C06,j_identity,5,human,retain,retain,affirm,discontinuous,standard,6,1,Transition,Identity
catman_pilot_v1,P008,judgment,C06,j_likeness,5,human,retain,retain,affirm,discontinuous,standard,6,1,Transition,Likeness
catman_pilot_v1,P008,judgment,C06,j_relationship,5,human,retain,retain,affirm,discontinuous,standard,6,1,Transition,Relationship
catman_pilot_v1,P008,judgment,C06,j_obligation,5,human,retain,retain,affirm,discontinuous,standard,6,1,Transition,Obligation
catman_pilot_v1,P008,judgment,C06,j_treatment,5,human,retain,retain,affirm,discontinuous,standard,6,1,Transition,Treatment
catman_pilot_v1,P008,judgment,C04,j_identity,3,human,retain,limited,affirm,continuous,standard,7,1,Function,Identity
catman_pilot_v1,P008,judgment,C04,j_likeness,3,human,retain,limited,affirm,continuous,standard,7,1,Function,Likeness
catman_pilot_v1,P008,judgment,C04,j_relationship,4,human,retain,limited,affirm,continuous,standard,7,1,Function,Relationship
catman_pilot_v1,P008,judgment,C04,j_obligation,4,human,retain,limited,affirm,continuous,standard,7,1,Function,Obligation
catman_pilot_v1,P008,judgment,C04,j_treatment,4,human,retain,limited,affirm,continuous,standard,7,1,Function,Treatment
catman_pilot_v1,P008,judgment,C02,j_identity,5,cat,retain,retain,affirm,continuous,standard,8,1,Body,Identity
catman_pilot_v1,P008,judgment,C02,j_likeness,4,cat,retain,retain,affirm,continuous,standard,8,1,Body,Likeness
catman_pilot_v1,P008,judgment,C02,j_relationship,4,cat,retain,retain,affirm,continuous,standard,8,1,Body,Relationship
catman_pilot_v1,P008,judgment,C02,j_obligation,4,cat,retain,retain,affirm,continuous,standard,8,1,Body,Obligation
catman_pilot_v1,P008,judgment,C02,j_treatment,4,cat,retain,retain,affirm,continuous,standard,8,1,Body,Treatment
catman_pilot_v1,P008,judgment,C05,j_identity,3,human,retain,retain,uncertain,continuous,standard,9,1,Self-ID uncertain,Identity
catman_pilot_v1,P008,judgment,C05,j_likeness,5,human,retain,retain,uncertain,continuous,standard,9,1,Self-ID uncertain,Likeness
catman_pilot_v1,P008,judgment,C05,j_relationship,4,human,retain,retain,uncertain,continuous,standard,9,1,Self-ID uncertain,Relationship
catman_pilot_v1,P008,judgment,C05,j_obligation,4,human,retain,retain,uncertain,continuous,standard,9,1,Self-ID uncertain,Obligation
catman_pilot_v1,P008,judgment,C05,j_treatment,4,human,retain,retain,uncertain,continuous,standard,9,1,Self-ID uncertain,Treatment
catman_pilot_v1,P008,judgment,A10,j_ab,4,cat,retain,retain,affirm,parallel,anchor,10,1,Parallel anchor,Pre-X = surviving human
catman_pilot_v1,P008,judgment,A10,j_ac,4,cat,retain,retain,affirm,parallel,anchor,10,1,Parallel anchor,Pre-X = generated cat
catman_pilot_v1,P008,judgment,A10,j_bc,4,cat,retain,retain,affirm,parallel,anchor,10,1,Parallel anchor,Surviving human = generated cat
catman_pilot_v1,P008,judgment,A10,j_excl,3,cat,retain,retain,affirm,parallel,anchor,10,1,Parallel anchor,Identity exclusivity
catman_pilot_v1,P008,judgment,A10,j_relationship,4,cat,retain,retain,affirm,parallel,anchor,10,1,Parallel anchor,Relationship
catman_pilot_v1,P008,judgment,A10,j_obligation,4,cat,retain,retain,affirm,parallel,anchor,10,1,Parallel anchor,Obligation
catman_pilot_v1,P008,judgment,A10,j_treatment,4,cat,retain,retain,affirm,parallel,anchor,10,1,Parallel anchor,Treatment
catman_pilot_v1,P095,judgment,C06,j_identity,2,human,retain,retain,affirm,discontinuous,standard,1,1,Transition,Identity
catman_pilot_v1,P095,judgment,C06,j_likeness,2,human,retain,retain,affirm,discontinuous,standard,1,1,Transition,Likeness
catman_pilot_v1,P095,judgment,C06,j_relationship,4,human,retain,retain,affirm,discontinuous,standard,1,1,Transition,Relationship
catman_pilot_v1,P095,judgment,C06,j_obligation,4,human,retain,retain,affirm,discontinuous,standard,1,1,Transition,Obligation
catman_pilot_v1,P095,judgment,C06,j_treatment,1,human,retain,retain,affirm,discontinuous,standard,1,1,Transition,Treatment
catman_pilot_v1,P095,judgment,C03,j_identity,1,human,lost,retain,affirm,continuous,standard,2,1,Memory,Identity
catman_pilot_v1,P095,judgment,C03,j_likeness,1,human,lost,retain,affirm,continuous,standard,2,1,Memory,Likeness
catman_pilot_v1,P095,judgment,C03,j_relationship,4,human,lost,retain,affirm,continuous,standard,2,1,Memory,Relationship
catman_pilot_v1,P095,judgment,C03,j_obligation,1,human,lost,retain,affirm,continuous,standard,2,1,Memory,Obligation
catman_pilot_v1,P095,judgment,C03,j_treatment,1,human,lost,retain,affirm,continuous,standard,2,1,Memory,Treatment
catman_pilot_v1,P095,judgment,C01,j_identity,1,human,retain,retain,affirm,continuous,standard,3,1,Baseline,Identity
catman_pilot_v1,P095,judgment,C01,j_likeness,3,human,retain,retain,affirm,continuous,standard,3,1,Baseline,Likeness
catman_pilot_v1,P095,judgment,C01,j_relationship,4,human,retain,retain,affirm,continuous,standard,3,1,Baseline,Relationship
catman_pilot_v1,P095,judgment,C01,j_obligation,4,human,retain,retain,affirm,continuous,standard,3,1,Baseline,Obligation
catman_pilot_v1,P095,judgment,C01,j_treatment,1,human,retain,retain,affirm,continuous,standard,3,1,Baseline,Treatment
catman_pilot_v1,P095,judgment,C07,j_identity,1,cat,retain,retain,affirm,discontinuous,standard,4,1,Body + transition,Identity
catman_pilot_v1,P095,judgment,C07,j_likeness,1,cat,retain,retain,affirm,discontinuous,standard,4,1,Body + transition,Likeness
catman_pilot_v1,P095,judgment,C07,j_relationship,1,cat,retain,retain,affirm,discontinuous,standard,4,1,Body + transition,Relationship
catman_pilot_v1,P095,judgment,C07,j_obligation,1,cat,retain,retain,affirm,discontinuous,standard,4,1,Body + transition,Obligation
catman_pilot_v1,P095,judgment,C07,j_treatment,1,cat,retain,retain,affirm,discontinuous,standard,4,1,Body + transition,Treatment
catman_pilot_v1,P095,judgment,A10,j_ab,1,cat,retain,retain,affirm,parallel,anchor,5,1,Parallel anchor,Pre-X = surviving human
catman_pilot_v1,P095,judgment,A10,j_ac,1,cat,retain,retain,affirm,parallel,anchor,5,1,Parallel anchor,Pre-X = generated cat
catman_pilot_v1,P095,judgment,A10,j_bc,1,cat,retain,retain,affirm,parallel,anchor,5,1,Parallel anchor,Surviving human = generated cat
catman_pilot_v1,P095,judgment,A10,j_excl,1,cat,retain,retain,affirm,parallel,anchor,5,1,Parallel anchor,Identity exclusivity
catman_pilot_v1,P095,judgment,A10,j_relationship,4,cat,retain,retain,affirm,parallel,anchor,5,1,Parallel anchor,Relationship
catman_pilot_v1,P095,judgment,A10,j_obligation,4,cat,retain,retain,affirm,parallel,anchor,5,1,Parallel anchor,Obligation
catman_pilot_v1,P095,judgment,A10,j_treatment,4,cat,retain,retain,affirm,parallel,anchor,5,1,Parallel anchor,Treatment
catman_pilot_v1,P095,judgment,A09,j_identity,1,human,retain,retain,deny,continuous,anchor,6,1,Self-denial anchor,Identity
catman_pilot_v1,P095,judgment,A09,j_likeness,1,human,retain,retain,deny,continuous,anchor,6,1,Self-denial anchor,Likeness
catman_pilot_v1,P095,judgment,A09,j_relationship,4,human,retain,retain,deny,continuous,anchor,6,1,Self-denial anchor,Relationship
catman_pilot_v1,P095,judgment,A09,j_obligation,4,human,retain,retain,deny,continuous,anchor,6,1,Self-denial anchor,Obligation
catman_pilot_v1,P095,judgment,A09,j_treatment,4,human,retain,retain,deny,continuous,anchor,6,1,Self-denial anchor,Treatment
catman_pilot_v1,P095,judgment,A09,v_epistemic,7,human,retain,retain,deny,continuous,anchor,6,1,Self-denial anchor,Epistemic veto
catman_pilot_v1,P095,judgment,A09,v_normative,7,human,retain,retain,deny,continuous,anchor,6,1,Self-denial anchor,Normative veto
catman_pilot_v1,P095,judgment,C04,j_identity,1,human,retain,limited,affirm,continuous,standard,7,1,Function,Identity
catman_pilot_v1,P095,judgment,C04,j_likeness,1,human,retain,limited,affirm,continuous,standard,7,1,Function,Likeness
catman_pilot_v1,P095,judgment,C04,j_relationship,4,human,retain,limited,affirm,continuous,standard,7,1,Function,Relationship
catman_pilot_v1,P095,judgment,C04,j_obligation,4,human,retain,limited,affirm,continuous,standard,7,1,Function,Obligation
catman_pilot_v1,P095,judgment,C04,j_treatment,1,human,retain,limited,affirm,continuous,standard,7,1,Function,Treatment
catman_pilot_v1,P095,judgment,C08,j_identity,1,human,lost,retain,affirm,discontinuous,standard,8,1,Memory + transition,Identity
catman_pilot_v1,P095,judgment,C08,j_likeness,1,human,lost,retain,affirm,discontinuous,standard,8,1,Memory + transition,Likeness
catman_pilot_v1,P095,judgment,C08,j_relationship,4,human,lost,retain,affirm,discontinuous,standard,8,1,Memory + transition,Relationship
catman_pilot_v1,P095,judgment,C08,j_obligation,4,human,lost,retain,affirm,discontinuous,standard,8,1,Memory + transition,Obligation
catman_pilot_v1,P095,judgment,C08,j_treatment,1,human,lost,retain,affirm,discontinuous,standard,8,1,Memory + transition,Treatment
catman_pilot_v1,P095,judgment,C02,j_identity,1,cat,retain,retain,affirm,continuous,standard,9,1,Body,Identity
catman_pilot_v1,P095,judgment,C02,j_likeness,1,cat,retain,retain,affirm,continuous,standard,9,1,Body,Likeness
catman_pilot_v1,P095,judgment,C02,j_relationship,4,cat,retain,retain,affirm,continuous,standard,9,1,Body,Relationship
catman_pilot_v1,P095,judgment,C02,j_obligation,4,cat,retain,retain,affirm,continuous,standard,9,1,Body,Obligation
catman_pilot_v1,P095,judgment,C02,j_treatment,1,cat,retain,retain,affirm,continuous,standard,9,1,Body,Treatment
catman_pilot_v1,P095,judgment,C05,j_identity,5,human,retain,retain,uncertain,continuous,standard,10,1,Self-ID uncertain,Identity
catman_pilot_v1,P095,judgment,C05,j_likeness,5,human,retain,retain,uncertain,continuous,standard,10,1,Self-ID uncertain,Likeness
catman_pilot_v1,P095,judgment,C05,j_relationship,5,human,retain,retain,uncertain,continuous,standard,10,1,Self-ID uncertain,Relationship
catman_pilot_v1,P095,judgment,C05,j_obligation,5,human,retain,retain,uncertain,continuous,standard,10,1,Self-ID uncertain,Obligation
catman_pilot_v1,P095,judgment,C05,j_treatment,6,human,retain,retain,uncertain,continuous,standard,10,1,Self-ID uncertain,Treatment
catman_pilot_v1,P002,judgment,C01,j_identity,3,human,retain,retain,affirm,continuous,standard,1,1,Baseline,Identity
catman_pilot_v1,P002,judgment,C01,j_likeness,6,human,retain,retain,affirm,continuous,standard,1,1,Baseline,Likeness
catman_pilot_v1,P002,judgment,C01,j_relationship,5,human,retain,retain,affirm,continuous,standard,1,1,Baseline,Relationship
catman_pilot_v1,P002,judgment,C01,j_obligation,3,human,retain,retain,affirm,continuous,standard,1,1,Baseline,Obligation
catman_pilot_v1,P002,judgment,C01,j_treatment,4,human,retain,retain,affirm,continuous,standard,1,1,Baseline,Treatment
catman_pilot_v1,P002,judgment,C08,j_identity,2,human,lost,retain,affirm,discontinuous,standard,2,1,Memory + transition,Identity
catman_pilot_v1,P002,judgment,C08,j_likeness,3,human,lost,retain,affirm,discontinuous,standard,2,1,Memory + transition,Likeness
catman_pilot_v1,P002,judgment,C08,j_relationship,3,human,lost,retain,affirm,discontinuous,standard,2,1,Memory + transition,Relationship
catman_pilot_v1,P002,judgment,C08,j_obligation,2,human,lost,retain,affirm,discontinuous,standard,2,1,Memory + transition,Obligation
catman_pilot_v1,P002,judgment,C08,j_treatment,2,human,lost,retain,affirm,discontinuous,standard,2,1,Memory + transition,Treatment
catman_pilot_v1,P002,judgment,C04,j_identity,4,human,retain,limited,affirm,continuous,standard,3,1,Function,Identity
catman_pilot_v1,P002,judgment,C04,j_likeness,5,human,retain,limited,affirm,continuous,standard,3,1,Function,Likeness
catman_pilot_v1,P002,judgment,C04,j_relationship,5,human,retain,limited,affirm,continuous,standard,3,1,Function,Relationship
catman_pilot_v1,P002,judgment,C04,j_obligation,2,human,retain,limited,affirm,continuous,standard,3,1,Function,Obligation
catman_pilot_v1,P002,judgment,C04,j_treatment,3,human,retain,limited,affirm,continuous,standard,3,1,Function,Treatment
catman_pilot_v1,P002,judgment,C07,j_identity,2,cat,retain,retain,affirm,discontinuous,standard,4,1,Body + transition,Identity
catman_pilot_v1,P002,judgment,C07,j_likeness,2,cat,retain,retain,affirm,discontinuous,standard,4,1,Body + transition,Likeness
catman_pilot_v1,P002,judgment,C07,j_relationship,2,cat,retain,retain,affirm,discontinuous,standard,4,1,Body + transition,Relationship
catman_pilot_v1,P002,judgment,C07,j_obligation,2,cat,retain,retain,affirm,discontinuous,standard,4,1,Body + transition,Obligation
catman_pilot_v1,P002,judgment,C07,j_treatment,2,cat,retain,retain,affirm,discontinuous,standard,4,1,Body + transition,Treatment
catman_pilot_v1,P002,judgment,A09,j_identity,4,human,retain,retain,deny,continuous,anchor,5,1,Self-denial anchor,Identity
catman_pilot_v1,P002,judgment,A09,j_likeness,5,human,retain,retain,deny,continuous,anchor,5,1,Self-denial anchor,Likeness
catman_pilot_v1,P002,judgment,A09,j_relationship,5,human,retain,retain,deny,continuous,anchor,5,1,Self-denial anchor,Relationship
catman_pilot_v1,P002,judgment,A09,j_obligation,2,human,retain,retain,deny,continuous,anchor,5,1,Self-denial anchor,Obligation
catman_pilot_v1,P002,judgment,A09,j_treatment,4,human,retain,retain,deny,continuous,anchor,5,1,Self-denial anchor,Treatment
catman_pilot_v1,P002,judgment,A09,v_epistemic,6,human,retain,retain,deny,continuous,anchor,5,1,Self-denial anchor,Epistemic veto
catman_pilot_v1,P002,judgment,A09,v_normative,4,human,retain,retain,deny,continuous,anchor,5,1,Self-denial anchor,Normative veto
catman_pilot_v1,P002,judgment,C03,j_identity,2,human,lost,retain,affirm,continuous,standard,6,1,Memory,Identity
catman_pilot_v1,P002,judgment,C03,j_likeness,4,human,lost,retain,affirm,continuous,standard,6,1,Memory,Likeness
catman_pilot_v1,P002,judgment,C03,j_relationship,2,human,lost,retain,affirm,continuous,standard,6,1,Memory,Relationship
catman_pilot_v1,P002,judgment,C03,j_obligation,2,human,lost,retain,affirm,continuous,standard,6,1,Memory,Obligation
catman_pilot_v1,P002,judgment,C03,j_treatment,3,human,lost,retain,affirm,continuous,standard,6,1,Memory,Treatment
catman_pilot_v1,P002,judgment,C06,j_identity,4,human,retain,retain,affirm,discontinuous,standard,7,1,Transition,Identity
catman_pilot_v1,P002,judgment,C06,j_likeness,5,human,retain,retain,affirm,discontinuous,standard,7,1,Transition,Likeness
catman_pilot_v1,P002,judgment,C06,j_relationship,5,human,retain,retain,affirm,discontinuous,standard,7,1,Transition,Relationship
catman_pilot_v1,P002,judgment,C06,j_obligation,3,human,retain,retain,affirm,discontinuous,standard,7,1,Transition,Obligation
catman_pilot_v1,P002,judgment,C06,j_treatment,4,human,retain,retain,affirm,discontinuous,standard,7,1,Transition,Treatment
catman_pilot_v1,P002,judgment,A10,j_ab,3,cat,retain,retain,affirm,parallel,anchor,8,1,Parallel anchor,Pre-X = surviving human
catman_pilot_v1,P002,judgment,A10,j_ac,2,cat,retain,retain,affirm,parallel,anchor,8,1,Parallel anchor,Pre-X = generated cat
catman_pilot_v1,P002,judgment,A10,j_bc,1,cat,retain,retain,affirm,parallel,anchor,8,1,Parallel anchor,Surviving human = generated cat
catman_pilot_v1,P002,judgment,A10,j_excl,2,cat,retain,retain,affirm,parallel,anchor,8,1,Parallel anchor,Identity exclusivity
catman_pilot_v1,P002,judgment,A10,j_relationship,2,cat,retain,retain,affirm,parallel,anchor,8,1,Parallel anchor,Relationship
catman_pilot_v1,P002,judgment,A10,j_obligation,2,cat,retain,retain,affirm,parallel,anchor,8,1,Parallel anchor,Obligation
catman_pilot_v1,P002,judgment,A10,j_treatment,3,cat,retain,retain,affirm,parallel,anchor,8,1,Parallel anchor,Treatment
catman_pilot_v1,P002,judgment,C02,j_identity,2,cat,retain,retain,affirm,continuous,standard,9,1,Body,Identity
catman_pilot_v1,P002,judgment,C02,j_likeness,3,cat,retain,retain,affirm,continuous,standard,9,1,Body,Likeness
catman_pilot_v1,P002,judgment,C02,j_relationship,2,cat,retain,retain,affirm,continuous,standard,9,1,Body,Relationship
catman_pilot_v1,P002,judgment,C02,j_obligation,2,cat,retain,retain,affirm,continuous,standard,9,1,Body,Obligation
catman_pilot_v1,P002,judgment,C02,j_treatment,3,cat,retain,retain,affirm,continuous,standard,9,1,Body,Treatment
catman_pilot_v1,P002,judgment,C05,j_identity,4,human,retain,retain,uncertain,continuous,standard,10,1,Self-ID uncertain,Identity
catman_pilot_v1,P002,judgment,C05,j_likeness,5,human,retain,retain,uncertain,continuous,standard,10,1,Self-ID uncertain,Likeness
catman_pilot_v1,P002,judgment,C05,j_relationship,5,human,retain,retain,uncertain,continuous,standard,10,1,Self-ID uncertain,Relationship
catman_pilot_v1,P002,judgment,C05,j_obligation,2,human,retain,retain,uncertain,continuous,standard,10,1,Self-ID uncertain,Obligation
catman_pilot_v1,P002,judgment,C05,j_treatment,4,human,retain,retain,uncertain,continuous,standard,10,1,Self-ID uncertain,Treatment
catman_pilot_v1,P048,judgment,C04,j_identity,7,human,retain,limited,affirm,continuous,standard,1,1,Function,Identity
catman_pilot_v1,P048,judgment,C04,j_likeness,3,human,retain,limited,affirm,continuous,standard,1,1,Function,Likeness
catman_pilot_v1,P048,judgment,C04,j_relationship,6,human,retain,limited,affirm,continuous,standard,1,1,Function,Relationship
catman_pilot_v1,P048,judgment,C04,j_obligation,4,human,retain,limited,affirm,continuous,standard,1,1,Function,Obligation
catman_pilot_v1,P048,judgment,C04,j_treatment,6,human,retain,limited,affirm,continuous,standard,1,1,Function,Treatment
catman_pilot_v1,P048,judgment,C08,j_identity,4,human,lost,retain,affirm,discontinuous,standard,2,1,Memory + transition,Identity
catman_pilot_v1,P048,judgment,C08,j_likeness,6,human,lost,retain,affirm,discontinuous,standard,2,1,Memory + transition,Likeness
catman_pilot_v1,P048,judgment,C08,j_relationship,2,human,lost,retain,affirm,discontinuous,standard,2,1,Memory + transition,Relationship
catman_pilot_v1,P048,judgment,C08,j_obligation,3,human,lost,retain,affirm,discontinuous,standard,2,1,Memory + transition,Obligation
catman_pilot_v1,P048,judgment,C08,j_treatment,3,human,lost,retain,affirm,discontinuous,standard,2,1,Memory + transition,Treatment
catman_pilot_v1,P048,judgment,C06,j_identity,4,human,retain,retain,affirm,discontinuous,standard,3,1,Transition,Identity
catman_pilot_v1,P048,judgment,C06,j_likeness,5,human,retain,retain,affirm,discontinuous,standard,3,1,Transition,Likeness
catman_pilot_v1,P048,judgment,C06,j_relationship,4,human,retain,retain,affirm,discontinuous,standard,3,1,Transition,Relationship
catman_pilot_v1,P048,judgment,C06,j_obligation,4,human,retain,retain,affirm,discontinuous,standard,3,1,Transition,Obligation
catman_pilot_v1,P048,judgment,C06,j_treatment,5,human,retain,retain,affirm,discontinuous,standard,3,1,Transition,Treatment
catman_pilot_v1,P048,judgment,C07,j_identity,2,cat,retain,retain,affirm,discontinuous,standard,4,1,Body + transition,Identity
catman_pilot_v1,P048,judgment,C07,j_likeness,1,cat,retain,retain,affirm,discontinuous,standard,4,1,Body + transition,Likeness
catman_pilot_v1,P048,judgment,C07,j_relationship,2,cat,retain,retain,affirm,discontinuous,standard,4,1,Body + transition,Relationship
catman_pilot_v1,P048,judgment,C07,j_obligation,3,cat,retain,retain,affirm,discontinuous,standard,4,1,Body + transition,Obligation
catman_pilot_v1,P048,judgment,C07,j_treatment,2,cat,retain,retain,affirm,discontinuous,standard,4,1,Body + transition,Treatment
catman_pilot_v1,P048,judgment,C01,j_identity,5,human,retain,retain,affirm,continuous,standard,5,1,Baseline,Identity
catman_pilot_v1,P048,judgment,C01,j_likeness,6,human,retain,retain,affirm,continuous,standard,5,1,Baseline,Likeness
catman_pilot_v1,P048,judgment,C01,j_relationship,3,human,retain,retain,affirm,continuous,standard,5,1,Baseline,Relationship
catman_pilot_v1,P048,judgment,C01,j_obligation,3,human,retain,retain,affirm,continuous,standard,5,1,Baseline,Obligation
catman_pilot_v1,P048,judgment,C01,j_treatment,5,human,retain,retain,affirm,continuous,standard,5,1,Baseline,Treatment
catman_pilot_v1,P048,judgment,A10,j_ab,6,cat,retain,retain,affirm,parallel,anchor,6,1,Parallel anchor,Pre-X = surviving human
catman_pilot_v1,P048,judgment,A10,j_ac,4,cat,retain,retain,affirm,parallel,anchor,6,1,Parallel anchor,Pre-X = generated cat
catman_pilot_v1,P048,judgment,A10,j_bc,4,cat,retain,retain,affirm,parallel,anchor,6,1,Parallel anchor,Surviving human = generated cat
catman_pilot_v1,P048,judgment,A10,j_excl,3,cat,retain,retain,affirm,parallel,anchor,6,1,Parallel anchor,Identity exclusivity
catman_pilot_v1,P048,judgment,A10,j_relationship,5,cat,retain,retain,affirm,parallel,anchor,6,1,Parallel anchor,Relationship
catman_pilot_v1,P048,judgment,A10,j_obligation,5,cat,retain,retain,affirm,parallel,anchor,6,1,Parallel anchor,Obligation
catman_pilot_v1,P048,judgment,A10,j_treatment,4,cat,retain,retain,affirm,parallel,anchor,6,1,Parallel anchor,Treatment
catman_pilot_v1,P048,judgment,A09,j_identity,4,human,retain,retain,deny,continuous,anchor,7,1,Self-denial anchor,Identity
catman_pilot_v1,P048,judgment,A09,j_likeness,5,human,retain,retain,deny,continuous,anchor,7,1,Self-denial anchor,Likeness
catman_pilot_v1,P048,judgment,A09,j_relationship,5,human,retain,retain,deny,continuous,anchor,7,1,Self-denial anchor,Relationship
catman_pilot_v1,P048,judgment,A09,j_obligation,5,human,retain,retain,deny,continuous,anchor,7,1,Self-denial anchor,Obligation
catman_pilot_v1,P048,judgment,A09,j_treatment,4,human,retain,retain,deny,continuous,anchor,7,1,Self-denial anchor,Treatment
catman_pilot_v1,P048,judgment,A09,v_epistemic,5,human,retain,retain,deny,continuous,anchor,7,1,Self-denial anchor,Epistemic veto
catman_pilot_v1,P048,judgment,A09,v_normative,4,human,retain,retain,deny,continuous,anchor,7,1,Self-denial anchor,Normative veto
catman_pilot_v1,P048,judgment,C05,j_identity,3,human,retain,retain,uncertain,continuous,standard,8,1,Self-ID uncertain,Identity
catman_pilot_v1,P048,judgment,C05,j_likeness,4,human,retain,retain,uncertain,continuous,standard,8,1,Self-ID uncertain,Likeness
catman_pilot_v1,P048,judgment,C05,j_relationship,3,human,retain,retain,uncertain,continuous,standard,8,1,Self-ID uncertain,Relationship
catman_pilot_v1,P048,judgment,C05,j_obligation,5,human,retain,retain,uncertain,continuous,standard,8,1,Self-ID uncertain,Obligation
catman_pilot_v1,P048,judgment,C05,j_treatment,4,human,retain,retain,uncertain,continuous,standard,8,1,Self-ID uncertain,Treatment
catman_pilot_v1,P048,judgment,C02,j_identity,3,cat,retain,retain,affirm,continuous,standard,9,1,Body,Identity
catman_pilot_v1,P048,judgment,C02,j_likeness,3,cat,retain,retain,affirm,continuous,standard,9,1,Body,Likeness
catman_pilot_v1,P048,judgment,C02,j_relationship,2,cat,retain,retain,affirm,continuous,standard,9,1,Body,Relationship
catman_pilot_v1,P048,judgment,C02,j_obligation,2,cat,retain,retain,affirm,continuous,standard,9,1,Body,Obligation
catman_pilot_v1,P048,judgment,C02,j_treatment,3,cat,retain,retain,affirm,continuous,standard,9,1,Body,Treatment
catman_pilot_v1,P048,judgment,C03,j_identity,3,human,lost,retain,affirm,continuous,standard,10,1,Memory,Identity
catman_pilot_v1,P048,judgment,C03,j_likeness,3,human,lost,retain,affirm,continuous,standard,10,1,Memory,Likeness
catman_pilot_v1,P048,judgment,C03,j_relationship,2,human,lost,retain,affirm,continuous,standard,10,1,Memory,Relationship
catman_pilot_v1,P048,judgment,C03,j_obligation,3,human,lost,retain,affirm,continuous,standard,10,1,Memory,Obligation
catman_pilot_v1,P048,judgment,C03,j_treatment,4,human,lost,retain,affirm,continuous,standard,10,1,Memory,Treatment
catman_pilot_v1,P079,judgment,C01,j_identity,6,human,retain,retain,affirm,continuous,standard,1,1,Baseline,Identity
catman_pilot_v1,P079,judgment,C01,j_likeness,7,human,retain,retain,affirm,continuous,standard,1,1,Baseline,Likeness
catman_pilot_v1,P079,judgment,C01,j_relationship,6,human,retain,retain,affirm,continuous,standard,1,1,Baseline,Relationship
catman_pilot_v1,P079,judgment,C01,j_obligation,7,human,retain,retain,affirm,continuous,standard,1,1,Baseline,Obligation
catman_pilot_v1,P079,judgment,C01,j_treatment,7,human,retain,retain,affirm,continuous,standard,1,1,Baseline,Treatment
catman_pilot_v1,P079,judgment,C02,j_identity,3,cat,retain,retain,affirm,continuous,standard,2,1,Body,Identity
catman_pilot_v1,P079,judgment,C02,j_likeness,2,cat,retain,retain,affirm,continuous,standard,2,1,Body,Likeness
catman_pilot_v1,P079,judgment,C02,j_relationship,5,cat,retain,retain,affirm,continuous,standard,2,1,Body,Relationship
catman_pilot_v1,P079,judgment,C02,j_obligation,4,cat,retain,retain,affirm,continuous,standard,2,1,Body,Obligation
catman_pilot_v1,P079,judgment,C02,j_treatment,5,cat,retain,retain,affirm,continuous,standard,2,1,Body,Treatment
catman_pilot_v1,P079,judgment,C08,j_identity,3,human,lost,retain,affirm,discontinuous,standard,3,1,Memory + transition,Identity
catman_pilot_v1,P079,judgment,C08,j_likeness,1,human,lost,retain,affirm,discontinuous,standard,3,1,Memory + transition,Likeness
catman_pilot_v1,P079,judgment,C08,j_relationship,1,human,lost,retain,affirm,discontinuous,standard,3,1,Memory + transition,Relationship
catman_pilot_v1,P079,judgment,C08,j_obligation,1,human,lost,retain,affirm,discontinuous,standard,3,1,Memory + transition,Obligation
catman_pilot_v1,P079,judgment,C08,j_treatment,1,human,lost,retain,affirm,discontinuous,standard,3,1,Memory + transition,Treatment
catman_pilot_v1,P079,judgment,C06,j_identity,3,human,retain,retain,affirm,discontinuous,standard,4,1,Transition,Identity
catman_pilot_v1,P079,judgment,C06,j_likeness,7,human,retain,retain,affirm,discontinuous,standard,4,1,Transition,Likeness
catman_pilot_v1,P079,judgment,C06,j_relationship,5,human,retain,retain,affirm,discontinuous,standard,4,1,Transition,Relationship
catman_pilot_v1,P079,judgment,C06,j_obligation,5,human,retain,retain,affirm,discontinuous,standard,4,1,Transition,Obligation
catman_pilot_v1,P079,judgment,C06,j_treatment,5,human,retain,retain,affirm,discontinuous,standard,4,1,Transition,Treatment
catman_pilot_v1,P079,judgment,C05,j_identity,5,human,retain,retain,uncertain,continuous,standard,5,1,Self-ID uncertain,Identity
catman_pilot_v1,P079,judgment,C05,j_likeness,3,human,retain,retain,uncertain,continuous,standard,5,1,Self-ID uncertain,Likeness
catman_pilot_v1,P079,judgment,C05,j_relationship,4,human,retain,retain,uncertain,continuous,standard,5,1,Self-ID uncertain,Relationship
catman_pilot_v1,P079,judgment,C05,j_obligation,3,human,retain,retain,uncertain,continuous,standard,5,1,Self-ID uncertain,Obligation
catman_pilot_v1,P079,judgment,C05,j_treatment,3,human,retain,retain,uncertain,continuous,standard,5,1,Self-ID uncertain,Treatment
catman_pilot_v1,P079,judgment,C04,j_identity,7,human,retain,limited,affirm,continuous,standard,6,1,Function,Identity
catman_pilot_v1,P079,judgment,C04,j_likeness,2,human,retain,limited,affirm,continuous,standard,6,1,Function,Likeness
catman_pilot_v1,P079,judgment,C04,j_relationship,5,human,retain,limited,affirm,continuous,standard,6,1,Function,Relationship
catman_pilot_v1,P079,judgment,C04,j_obligation,5,human,retain,limited,affirm,continuous,standard,6,1,Function,Obligation
catman_pilot_v1,P079,judgment,C04,j_treatment,5,human,retain,limited,affirm,continuous,standard,6,1,Function,Treatment
catman_pilot_v1,P079,judgment,C03,j_identity,5,human,lost,retain,affirm,continuous,standard,7,1,Memory,Identity
catman_pilot_v1,P079,judgment,C03,j_likeness,1,human,lost,retain,affirm,continuous,standard,7,1,Memory,Likeness
catman_pilot_v1,P079,judgment,C03,j_relationship,2,human,lost,retain,affirm,continuous,standard,7,1,Memory,Relationship
catman_pilot_v1,P079,judgment,C03,j_obligation,2,human,lost,retain,affirm,continuous,standard,7,1,Memory,Obligation
catman_pilot_v1,P079,judgment,C03,j_treatment,2,human,lost,retain,affirm,continuous,standard,7,1,Memory,Treatment
catman_pilot_v1,P079,judgment,C07,j_identity,1,cat,retain,retain,affirm,discontinuous,standard,8,1,Body + transition,Identity
catman_pilot_v1,P079,judgment,C07,j_likeness,1,cat,retain,retain,affirm,discontinuous,standard,8,1,Body + transition,Likeness
catman_pilot_v1,P079,judgment,C07,j_relationship,1,cat,retain,retain,affirm,discontinuous,standard,8,1,Body + transition,Relationship
catman_pilot_v1,P079,judgment,C07,j_obligation,2,cat,retain,retain,affirm,discontinuous,standard,8,1,Body + transition,Obligation
catman_pilot_v1,P079,judgment,C07,j_treatment,1,cat,retain,retain,affirm,discontinuous,standard,8,1,Body + transition,Treatment
catman_pilot_v1,P079,judgment,A10,j_ab,1,cat,retain,retain,affirm,parallel,anchor,9,1,Parallel anchor,Pre-X = surviving human
catman_pilot_v1,P079,judgment,A10,j_ac,3,cat,retain,retain,affirm,parallel,anchor,9,1,Parallel anchor,Pre-X = generated cat
catman_pilot_v1,P079,judgment,A10,j_bc,3,cat,retain,retain,affirm,parallel,anchor,9,1,Parallel anchor,Surviving human = generated cat
catman_pilot_v1,P079,judgment,A10,j_excl,5,cat,retain,retain,affirm,parallel,anchor,9,1,Parallel anchor,Identity exclusivity
catman_pilot_v1,P079,judgment,A10,j_relationship,2,cat,retain,retain,affirm,parallel,anchor,9,1,Parallel anchor,Relationship
catman_pilot_v1,P079,judgment,A10,j_obligation,2,cat,retain,retain,affirm,parallel,anchor,9,1,Parallel anchor,Obligation
catman_pilot_v1,P079,judgment,A10,j_treatment,1,cat,retain,retain,affirm,parallel,anchor,9,1,Parallel anchor,Treatment
catman_pilot_v1,P079,judgment,A09,j_identity,5,human,retain,retain,deny,continuous,anchor,10,1,Self-denial anchor,Identity
catman_pilot_v1,P079,judgment,A09,j_likeness,3,human,retain,retain,deny,continuous,anchor,10,1,Self-denial anchor,Likeness
catman_pilot_v1,P079,judgment,A09,j_relationship,4,human,retain,retain,deny,continuous,anchor,10,1,Self-denial anchor,Relationship
catman_pilot_v1,P079,judgment,A09,j_obligation,1,human,retain,retain,deny,continuous,anchor,10,1,Self-denial anchor,Obligation
catman_pilot_v1,P079,judgment,A09,j_treatment,2,human,retain,retain,deny,continuous,anchor,10,1,Self-denial anchor,Treatment
catman_pilot_v1,P079,judgment,A09,v_epistemic,5,human,retain,retain,deny,continuous,anchor,10,1,Self-denial anchor,Epistemic veto
catman_pilot_v1,P079,judgment,A09,v_normative,6,human,retain,retain,deny,continuous,anchor,10,1,Self-denial anchor,Normative veto
catman_pilot_v1,P033,judgment,C03,j_identity,4,human,lost,retain,affirm,continuous,standard,1,1,Memory,Identity
catman_pilot_v1,P033,judgment,C03,j_likeness,5,human,lost,retain,affirm,continuous,standard,1,1,Memory,Likeness
catman_pilot_v1,P033,judgment,C03,j_relationship,4,human,lost,retain,affirm,continuous,standard,1,1,Memory,Relationship
catman_pilot_v1,P033,judgment,C03,j_obligation,4,human,lost,retain,affirm,continuous,standard,1,1,Memory,Obligation
catman_pilot_v1,P033,judgment,C03,j_treatment,4,human,lost,retain,affirm,continuous,standard,1,1,Memory,Treatment
catman_pilot_v1,P033,judgment,C05,j_identity,4,human,retain,retain,uncertain,continuous,standard,2,1,Self-ID uncertain,Identity
catman_pilot_v1,P033,judgment,C05,j_likeness,5,human,retain,retain,uncertain,continuous,standard,2,1,Self-ID uncertain,Likeness
catman_pilot_v1,P033,judgment,C05,j_relationship,4,human,retain,retain,uncertain,continuous,standard,2,1,Self-ID uncertain,Relationship
catman_pilot_v1,P033,judgment,C05,j_obligation,4,human,retain,retain,uncertain,continuous,standard,2,1,Self-ID uncertain,Obligation
catman_pilot_v1,P033,judgment,C05,j_treatment,4,human,retain,retain,uncertain,continuous,standard,2,1,Self-ID uncertain,Treatment
catman_pilot_v1,P033,judgment,C07,j_identity,3,cat,retain,retain,affirm,discontinuous,standard,3,1,Body + transition,Identity
catman_pilot_v1,P033,judgment,C07,j_likeness,6,cat,retain,retain,affirm,discontinuous,standard,3,1,Body + transition,Likeness
catman_pilot_v1,P033,judgment,C07,j_relationship,4,cat,retain,retain,affirm,discontinuous,standard,3,1,Body + transition,Relationship
catman_pilot_v1,P033,judgment,C07,j_obligation,4,cat,retain,retain,affirm,discontinuous,standard,3,1,Body + transition,Obligation
catman_pilot_v1,P033,judgment,C07,j_treatment,5,cat,retain,retain,affirm,discontinuous,standard,3,1,Body + transition,Treatment
catman_pilot_v1,P033,judgment,C01,j_identity,7,human,retain,retain,affirm,continuous,standard,4,1,Baseline,Identity
catman_pilot_v1,P033,judgment,C01,j_likeness,7,human,retain,retain,affirm,continuous,standard,4,1,Baseline,Likeness
catman_pilot_v1,P033,judgment,C01,j_relationship,7,human,retain,retain,affirm,continuous,standard,4,1,Baseline,Relationship
catman_pilot_v1,P033,judgment,C01,j_obligation,7,human,retain,retain,affirm,continuous,standard,4,1,Baseline,Obligation
catman_pilot_v1,P033,judgment,C01,j_treatment,7,human,retain,retain,affirm,continuous,standard,4,1,Baseline,Treatment
catman_pilot_v1,P033,judgment,A09,j_identity,7,human,retain,retain,deny,continuous,anchor,5,1,Self-denial anchor,Identity
catman_pilot_v1,P033,judgment,A09,j_likeness,7,human,retain,retain,deny,continuous,anchor,5,1,Self-denial anchor,Likeness
catman_pilot_v1,P033,judgment,A09,j_relationship,7,human,retain,retain,deny,continuous,anchor,5,1,Self-denial anchor,Relationship
catman_pilot_v1,P033,judgment,A09,j_obligation,7,human,retain,retain,deny,continuous,anchor,5,1,Self-denial anchor,Obligation
catman_pilot_v1,P033,judgment,A09,j_treatment,7,human,retain,retain,deny,continuous,anchor,5,1,Self-denial anchor,Treatment
catman_pilot_v1,P033,judgment,A09,v_epistemic,1,human,retain,retain,deny,continuous,anchor,5,1,Self-denial anchor,Epistemic veto
catman_pilot_v1,P033,judgment,A09,v_normative,1,human,retain,retain,deny,continuous,anchor,5,1,Self-denial anchor,Normative veto
catman_pilot_v1,P033,judgment,C04,j_identity,6,human,retain,limited,affirm,continuous,standard,6,1,Function,Identity
catman_pilot_v1,P033,judgment,C04,j_likeness,6,human,retain,limited,affirm,continuous,standard,6,1,Function,Likeness
catman_pilot_v1,P033,judgment,C04,j_relationship,6,human,retain,limited,affirm,continuous,standard,6,1,Function,Relationship
catman_pilot_v1,P033,judgment,C04,j_obligation,6,human,retain,limited,affirm,continuous,standard,6,1,Function,Obligation
catman_pilot_v1,P033,judgment,C04,j_treatment,6,human,retain,limited,affirm,continuous,standard,6,1,Function,Treatment
catman_pilot_v1,P033,judgment,C02,j_identity,7,cat,retain,retain,affirm,continuous,standard,7,1,Body,Identity
catman_pilot_v1,P033,judgment,C02,j_likeness,7,cat,retain,retain,affirm,continuous,standard,7,1,Body,Likeness
catman_pilot_v1,P033,judgment,C02,j_relationship,7,cat,retain,retain,affirm,continuous,standard,7,1,Body,Relationship
catman_pilot_v1,P033,judgment,C02,j_obligation,7,cat,retain,retain,affirm,continuous,standard,7,1,Body,Obligation
catman_pilot_v1,P033,judgment,C02,j_treatment,7,cat,retain,retain,affirm,continuous,standard,7,1,Body,Treatment
catman_pilot_v1,P033,judgment,C08,j_identity,7,human,lost,retain,affirm,discontinuous,standard,8,1,Memory + transition,Identity
catman_pilot_v1,P033,judgment,C08,j_likeness,7,human,lost,retain,affirm,discontinuous,standard,8,1,Memory + transition,Likeness
catman_pilot_v1,P033,judgment,C08,j_relationship,6,human,lost,retain,affirm,discontinuous,standard,8,1,Memory + transition,Relationship
catman_pilot_v1,P033,judgment,C08,j_obligation,5,human,lost,retain,affirm,discontinuous,standard,8,1,Memory + transition,Obligation
catman_pilot_v1,P033,judgment,C08,j_treatment,7,human,lost,retain,affirm,discontinuous,standard,8,1,Memory + transition,Treatment
catman_pilot_v1,P033,judgment,A10,j_ab,7,cat,retain,retain,affirm,parallel,anchor,9,1,Parallel anchor,Pre-X = surviving human
catman_pilot_v1,P033,judgment,A10,j_ac,1,cat,retain,retain,affirm,parallel,anchor,9,1,Parallel anchor,Pre-X = generated cat
catman_pilot_v1,P033,judgment,A10,j_bc,4,cat,retain,retain,affirm,parallel,anchor,9,1,Parallel anchor,Surviving human = generated cat
catman_pilot_v1,P033,judgment,A10,j_excl,7,cat,retain,retain,affirm,parallel,anchor,9,1,Parallel anchor,Identity exclusivity
catman_pilot_v1,P033,judgment,A10,j_relationship,1,cat,retain,retain,affirm,parallel,anchor,9,1,Parallel anchor,Relationship
catman_pilot_v1,P033,judgment,A10,j_obligation,4,cat,retain,retain,affirm,parallel,anchor,9,1,Parallel anchor,Obligation
catman_pilot_v1,P033,judgment,A10,j_treatment,4,cat,retain,retain,affirm,parallel,anchor,9,1,Parallel anchor,Treatment
catman_pilot_v1,P033,judgment,C06,j_identity,4,human,retain,retain,affirm,discontinuous,standard,10,1,Transition,Identity
catman_pilot_v1,P033,judgment,C06,j_likeness,4,human,retain,retain,affirm,discontinuous,standard,10,1,Transition,Likeness
catman_pilot_v1,P033,judgment,C06,j_relationship,4,human,retain,retain,affirm,discontinuous,standard,10,1,Transition,Relationship
catman_pilot_v1,P033,judgment,C06,j_obligation,4,human,retain,retain,affirm,discontinuous,standard,10,1,Transition,Obligation
catman_pilot_v1,P033,judgment,C06,j_treatment,4,human,retain,retain,affirm,discontinuous,standard,10,1,Transition,Treatment
catman_pilot_v1,P067,judgment,C01,j_identity,6,human,retain,retain,affirm,continuous,standard,1,1,Baseline,Identity
catman_pilot_v1,P067,judgment,C01,j_likeness,7,human,retain,retain,affirm,continuous,standard,1,1,Baseline,Likeness
catman_pilot_v1,P067,judgment,C01,j_relationship,5,human,retain,retain,affirm,continuous,standard,1,1,Baseline,Relationship
catman_pilot_v1,P067,judgment,C01,j_obligation,5,human,retain,retain,affirm,continuous,standard,1,1,Baseline,Obligation
catman_pilot_v1,P067,judgment,C01,j_treatment,6,human,retain,retain,affirm,continuous,standard,1,1,Baseline,Treatment
catman_pilot_v1,P067,judgment,C02,j_identity,5,cat,retain,retain,affirm,continuous,standard,2,1,Body,Identity
catman_pilot_v1,P067,judgment,C02,j_likeness,2,cat,retain,retain,affirm,continuous,standard,2,1,Body,Likeness
catman_pilot_v1,P067,judgment,C02,j_relationship,5,cat,retain,retain,affirm,continuous,standard,2,1,Body,Relationship
catman_pilot_v1,P067,judgment,C02,j_obligation,5,cat,retain,retain,affirm,continuous,standard,2,1,Body,Obligation
catman_pilot_v1,P067,judgment,C02,j_treatment,4,cat,retain,retain,affirm,continuous,standard,2,1,Body,Treatment
catman_pilot_v1,P067,judgment,C08,j_identity,2,human,lost,retain,affirm,discontinuous,standard,3,1,Memory + transition,Identity
catman_pilot_v1,P067,judgment,C08,j_likeness,6,human,lost,retain,affirm,discontinuous,standard,3,1,Memory + transition,Likeness
catman_pilot_v1,P067,judgment,C08,j_relationship,3,human,lost,retain,affirm,discontinuous,standard,3,1,Memory + transition,Relationship
catman_pilot_v1,P067,judgment,C08,j_obligation,3,human,lost,retain,affirm,discontinuous,standard,3,1,Memory + transition,Obligation
catman_pilot_v1,P067,judgment,C08,j_treatment,2,human,lost,retain,affirm,discontinuous,standard,3,1,Memory + transition,Treatment
catman_pilot_v1,P067,judgment,C07,j_identity,3,cat,retain,retain,affirm,discontinuous,standard,4,1,Body + transition,Identity
catman_pilot_v1,P067,judgment,C07,j_likeness,2,cat,retain,retain,affirm,discontinuous,standard,4,1,Body + transition,Likeness
catman_pilot_v1,P067,judgment,C07,j_relationship,4,cat,retain,retain,affirm,discontinuous,standard,4,1,Body + transition,Relationship
catman_pilot_v1,P067,judgment,C07,j_obligation,4,cat,retain,retain,affirm,discontinuous,standard,4,1,Body + transition,Obligation
catman_pilot_v1,P067,judgment,C07,j_treatment,4,cat,retain,retain,affirm,discontinuous,standard,4,1,Body + transition,Treatment
catman_pilot_v1,P067,judgment,C06,j_identity,4,human,retain,retain,affirm,discontinuous,standard,5,1,Transition,Identity
catman_pilot_v1,P067,judgment,C06,j_likeness,6,human,retain,retain,affirm,discontinuous,standard,5,1,Transition,Likeness
catman_pilot_v1,P067,judgment,C06,j_relationship,5,human,retain,retain,affirm,discontinuous,standard,5,1,Transition,Relationship
catman_pilot_v1,P067,judgment,C06,j_obligation,5,human,retain,retain,affirm,discontinuous,standard,5,1,Transition,Obligation
catman_pilot_v1,P067,judgment,C06,j_treatment,5,human,retain,retain,affirm,discontinuous,standard,5,1,Transition,Treatment
catman_pilot_v1,P067,judgment,C03,j_identity,4,human,lost,retain,affirm,continuous,standard,6,1,Memory,Identity
catman_pilot_v1,P067,judgment,C03,j_likeness,6,human,lost,retain,affirm,continuous,standard,6,1,Memory,Likeness
catman_pilot_v1,P067,judgment,C03,j_relationship,3,human,lost,retain,affirm,continuous,standard,6,1,Memory,Relationship
catman_pilot_v1,P067,judgment,C03,j_obligation,3,human,lost,retain,affirm,continuous,standard,6,1,Memory,Obligation
catman_pilot_v1,P067,judgment,C03,j_treatment,4,human,lost,retain,affirm,continuous,standard,6,1,Memory,Treatment
catman_pilot_v1,P067,judgment,C04,j_identity,6,human,retain,limited,affirm,continuous,standard,7,1,Function,Identity
catman_pilot_v1,P067,judgment,C04,j_likeness,6,human,retain,limited,affirm,continuous,standard,7,1,Function,Likeness
catman_pilot_v1,P067,judgment,C04,j_relationship,6,human,retain,limited,affirm,continuous,standard,7,1,Function,Relationship
catman_pilot_v1,P067,judgment,C04,j_obligation,6,human,retain,limited,affirm,continuous,standard,7,1,Function,Obligation
catman_pilot_v1,P067,judgment,C04,j_treatment,6,human,retain,limited,affirm,continuous,standard,7,1,Function,Treatment
catman_pilot_v1,P067,judgment,C05,j_identity,4,human,retain,retain,uncertain,continuous,standard,8,1,Self-ID uncertain,Identity
catman_pilot_v1,P067,judgment,C05,j_likeness,6,human,retain,retain,uncertain,continuous,standard,8,1,Self-ID uncertain,Likeness
catman_pilot_v1,P067,judgment,C05,j_relationship,4,human,retain,retain,uncertain,continuous,standard,8,1,Self-ID uncertain,Relationship
catman_pilot_v1,P067,judgment,C05,j_obligation,4,human,retain,retain,uncertain,continuous,standard,8,1,Self-ID uncertain,Obligation
catman_pilot_v1,P067,judgment,C05,j_treatment,4,human,retain,retain,uncertain,continuous,standard,8,1,Self-ID uncertain,Treatment
catman_pilot_v1,P067,judgment,A09,j_identity,2,human,retain,retain,deny,continuous,anchor,9,1,Self-denial anchor,Identity
catman_pilot_v1,P067,judgment,A09,j_likeness,6,human,retain,retain,deny,continuous,anchor,9,1,Self-denial anchor,Likeness
catman_pilot_v1,P067,judgment,A09,j_relationship,4,human,retain,retain,deny,continuous,anchor,9,1,Self-denial anchor,Relationship
catman_pilot_v1,P067,judgment,A09,j_obligation,4,human,retain,retain,deny,continuous,anchor,9,1,Self-denial anchor,Obligation
catman_pilot_v1,P067,judgment,A09,j_treatment,3,human,retain,retain,deny,continuous,anchor,9,1,Self-denial anchor,Treatment
catman_pilot_v1,P067,judgment,A09,v_epistemic,5,human,retain,retain,deny,continuous,anchor,9,1,Self-denial anchor,Epistemic veto
catman_pilot_v1,P067,judgment,A09,v_normative,4,human,retain,retain,deny,continuous,anchor,9,1,Self-denial anchor,Normative veto
catman_pilot_v1,P067,judgment,A10,j_ab,2,cat,retain,retain,affirm,parallel,anchor,10,1,Parallel anchor,Pre-X = surviving human
catman_pilot_v1,P067,judgment,A10,j_ac,4,cat,retain,retain,affirm,parallel,anchor,10,1,Parallel anchor,Pre-X = generated cat
catman_pilot_v1,P067,judgment,A10,j_bc,4,cat,retain,retain,affirm,parallel,anchor,10,1,Parallel anchor,Surviving human = generated cat
catman_pilot_v1,P067,judgment,A10,j_excl,6,cat,retain,retain,affirm,parallel,anchor,10,1,Parallel anchor,Identity exclusivity
catman_pilot_v1,P067,judgment,A10,j_relationship,7,cat,retain,retain,affirm,parallel,anchor,10,1,Parallel anchor,Relationship
catman_pilot_v1,P067,judgment,A10,j_obligation,7,cat,retain,retain,affirm,parallel,anchor,10,1,Parallel anchor,Obligation
catman_pilot_v1,P067,judgment,A10,j_treatment,7,cat,retain,retain,affirm,parallel,anchor,10,1,Parallel anchor,Treatment
catman_pilot_v1,P060,judgment,C06,j_identity,7,human,retain,retain,affirm,discontinuous,standard,1,1,Transition,Identity
catman_pilot_v1,P060,judgment,C06,j_likeness,7,human,retain,retain,affirm,discontinuous,standard,1,1,Transition,Likeness
catman_pilot_v1,P060,judgment,C06,j_relationship,4,human,retain,retain,affirm,discontinuous,standard,1,1,Transition,Relationship
catman_pilot_v1,P060,judgment,C06,j_obligation,7,human,retain,retain,affirm,discontinuous,standard,1,1,Transition,Obligation
catman_pilot_v1,P060,judgment,C06,j_treatment,7,human,retain,retain,affirm,discontinuous,standard,1,1,Transition,Treatment
catman_pilot_v1,P060,judgment,C07,j_identity,1,cat,retain,retain,affirm,discontinuous,standard,2,1,Body + transition,Identity
catman_pilot_v1,P060,judgment,C07,j_likeness,6,cat,retain,retain,affirm,discontinuous,standard,2,1,Body + transition,Likeness
catman_pilot_v1,P060,judgment,C07,j_relationship,4,cat,retain,retain,affirm,discontinuous,standard,2,1,Body + transition,Relationship
catman_pilot_v1,P060,judgment,C07,j_obligation,4,cat,retain,retain,affirm,discontinuous,standard,2,1,Body + transition,Obligation
catman_pilot_v1,P060,judgment,C07,j_treatment,1,cat,retain,retain,affirm,discontinuous,standard,2,1,Body + transition,Treatment
catman_pilot_v1,P060,judgment,C05,j_identity,7,human,retain,retain,uncertain,continuous,standard,3,1,Self-ID uncertain,Identity
catman_pilot_v1,P060,judgment,C05,j_likeness,7,human,retain,retain,uncertain,continuous,standard,3,1,Self-ID uncertain,Likeness
catman_pilot_v1,P060,judgment,C05,j_relationship,4,human,retain,retain,uncertain,continuous,standard,3,1,Self-ID uncertain,Relationship
catman_pilot_v1,P060,judgment,C05,j_obligation,7,human,retain,retain,uncertain,continuous,standard,3,1,Self-ID uncertain,Obligation
catman_pilot_v1,P060,judgment,C05,j_treatment,1,human,retain,retain,uncertain,continuous,standard,3,1,Self-ID uncertain,Treatment
catman_pilot_v1,P060,judgment,C03,j_identity,1,human,lost,retain,affirm,continuous,standard,4,1,Memory,Identity
catman_pilot_v1,P060,judgment,C03,j_likeness,7,human,lost,retain,affirm,continuous,standard,4,1,Memory,Likeness
catman_pilot_v1,P060,judgment,C03,j_relationship,5,human,lost,retain,affirm,continuous,standard,4,1,Memory,Relationship
catman_pilot_v1,P060,judgment,C03,j_obligation,7,human,lost,retain,affirm,continuous,standard,4,1,Memory,Obligation
catman_pilot_v1,P060,judgment,C03,j_treatment,1,human,lost,retain,affirm,continuous,standard,4,1,Memory,Treatment
catman_pilot_v1,P060,judgment,C04,j_identity,3,human,retain,limited,affirm,continuous,standard,5,1,Function,Identity
catman_pilot_v1,P060,judgment,C04,j_likeness,7,human,retain,limited,affirm,continuous,standard,5,1,Function,Likeness
catman_pilot_v1,P060,judgment,C04,j_relationship,7,human,retain,limited,affirm,continuous,standard,5,1,Function,Relationship
catman_pilot_v1,P060,judgment,C04,j_obligation,7,human,retain,limited,affirm,continuous,standard,5,1,Function,Obligation
catman_pilot_v1,P060,judgment,C04,j_treatment,7,human,retain,limited,affirm,continuous,standard,5,1,Function,Treatment
catman_pilot_v1,P060,judgment,C02,j_identity,4,cat,retain,retain,affirm,continuous,standard,6,1,Body,Identity
catman_pilot_v1,P060,judgment,C02,j_likeness,3,cat,retain,retain,affirm,continuous,standard,6,1,Body,Likeness
catman_pilot_v1,P060,judgment,C02,j_relationship,5,cat,retain,retain,affirm,continuous,standard,6,1,Body,Relationship
catman_pilot_v1,P060,judgment,C02,j_obligation,6,cat,retain,retain,affirm,continuous,standard,6,1,Body,Obligation
catman_pilot_v1,P060,judgment,C02,j_treatment,2,cat,retain,retain,affirm,continuous,standard,6,1,Body,Treatment
catman_pilot_v1,P060,judgment,C08,j_identity,1,human,lost,retain,affirm,discontinuous,standard,7,1,Memory + transition,Identity
catman_pilot_v1,P060,judgment,C08,j_likeness,7,human,lost,retain,affirm,discontinuous,standard,7,1,Memory + transition,Likeness
catman_pilot_v1,P060,judgment,C08,j_relationship,5,human,lost,retain,affirm,discontinuous,standard,7,1,Memory + transition,Relationship
catman_pilot_v1,P060,judgment,C08,j_obligation,7,human,lost,retain,affirm,discontinuous,standard,7,1,Memory + transition,Obligation
catman_pilot_v1,P060,judgment,C08,j_treatment,1,human,lost,retain,affirm,discontinuous,standard,7,1,Memory + transition,Treatment
catman_pilot_v1,P060,judgment,A09,j_identity,3,human,retain,retain,deny,continuous,anchor,8,1,Self-denial anchor,Identity
catman_pilot_v1,P060,judgment,A09,j_likeness,7,human,retain,retain,deny,continuous,anchor,8,1,Self-denial anchor,Likeness
catman_pilot_v1,P060,judgment,A09,j_relationship,4,human,retain,retain,deny,continuous,anchor,8,1,Self-denial anchor,Relationship
catman_pilot_v1,P060,judgment,A09,j_obligation,3,human,retain,retain,deny,continuous,anchor,8,1,Self-denial anchor,Obligation
catman_pilot_v1,P060,judgment,A09,j_treatment,4,human,retain,retain,deny,continuous,anchor,8,1,Self-denial anchor,Treatment
catman_pilot_v1,P060,judgment,A09,v_epistemic,5,human,retain,retain,deny,continuous,anchor,8,1,Self-denial anchor,Epistemic veto
catman_pilot_v1,P060,judgment,A09,v_normative,4,human,retain,retain,deny,continuous,anchor,8,1,Self-denial anchor,Normative veto
catman_pilot_v1,P060,judgment,A10,j_ab,7,cat,retain,retain,affirm,parallel,anchor,9,1,Parallel anchor,Pre-X = surviving human
catman_pilot_v1,P060,judgment,A10,j_ac,5,cat,retain,retain,affirm,parallel,anchor,9,1,Parallel anchor,Pre-X = generated cat
catman_pilot_v1,P060,judgment,A10,j_bc,4,cat,retain,retain,affirm,parallel,anchor,9,1,Parallel anchor,Surviving human = generated cat
catman_pilot_v1,P060,judgment,A10,j_excl,2,cat,retain,retain,affirm,parallel,anchor,9,1,Parallel anchor,Identity exclusivity
catman_pilot_v1,P060,judgment,A10,j_relationship,4,cat,retain,retain,affirm,parallel,anchor,9,1,Parallel anchor,Relationship
catman_pilot_v1,P060,judgment,A10,j_obligation,6,cat,retain,retain,affirm,parallel,anchor,9,1,Parallel anchor,Obligation
catman_pilot_v1,P060,judgment,A10,j_treatment,3,cat,retain,retain,affirm,parallel,anchor,9,1,Parallel anchor,Treatment
catman_pilot_v1,P060,judgment,C01,j_identity,7,human,retain,retain,affirm,continuous,standard,10,1,Baseline,Identity
catman_pilot_v1,P060,judgment,C01,j_likeness,7,human,retain,retain,affirm,continuous,standard,10,1,Baseline,Likeness
catman_pilot_v1,P060,judgment,C01,j_relationship,7,human,retain,retain,affirm,continuous,standard,10,1,Baseline,Relationship
catman_pilot_v1,P060,judgment,C01,j_obligation,7,human,retain,retain,affirm,continuous,standard,10,1,Baseline,Obligation
catman_pilot_v1,P060,judgment,C01,j_treatment,7,human,retain,retain,affirm,continuous,standard,10,1,Baseline,Treatment
catman_pilot_v1,P010,judgment,C02,j_identity,2,cat,retain,retain,affirm,continuous,standard,1,1,Body,Identity
catman_pilot_v1,P010,judgment,C02,j_likeness,1,cat,retain,retain,affirm,continuous,standard,1,1,Body,Likeness
catman_pilot_v1,P010,judgment,C02,j_relationship,1,cat,retain,retain,affirm,continuous,standard,1,1,Body,Relationship
catman_pilot_v1,P010,judgment,C02,j_obligation,1,cat,retain,retain,affirm,continuous,standard,1,1,Body,Obligation
catman_pilot_v1,P010,judgment,C02,j_treatment,1,cat,retain,retain,affirm,continuous,standard,1,1,Body,Treatment
catman_pilot_v1,P010,judgment,C04,j_identity,5,human,retain,limited,affirm,continuous,standard,2,1,Function,Identity
catman_pilot_v1,P010,judgment,C04,j_likeness,6,human,retain,limited,affirm,continuous,standard,2,1,Function,Likeness
catman_pilot_v1,P010,judgment,C04,j_relationship,6,human,retain,limited,affirm,continuous,standard,2,1,Function,Relationship
catman_pilot_v1,P010,judgment,C04,j_obligation,6,human,retain,limited,affirm,continuous,standard,2,1,Function,Obligation
catman_pilot_v1,P010,judgment,C04,j_treatment,6,human,retain,limited,affirm,continuous,standard,2,1,Function,Treatment
catman_pilot_v1,P010,judgment,C08,j_identity,1,human,lost,retain,affirm,discontinuous,standard,3,1,Memory + transition,Identity
catman_pilot_v1,P010,judgment,C08,j_likeness,5,human,lost,retain,affirm,discontinuous,standard,3,1,Memory + transition,Likeness
catman_pilot_v1,P010,judgment,C08,j_relationship,1,human,lost,retain,affirm,discontinuous,standard,3,1,Memory + transition,Relationship
catman_pilot_v1,P010,judgment,C08,j_obligation,1,human,lost,retain,affirm,discontinuous,standard,3,1,Memory + transition,Obligation
catman_pilot_v1,P010,judgment,C08,j_treatment,3,human,lost,retain,affirm,discontinuous,standard,3,1,Memory + transition,Treatment
catman_pilot_v1,P010,judgment,C03,j_identity,3,human,lost,retain,affirm,continuous,standard,4,1,Memory,Identity
catman_pilot_v1,P010,judgment,C03,j_likeness,4,human,lost,retain,affirm,continuous,standard,4,1,Memory,Likeness
catman_pilot_v1,P010,judgment,C03,j_relationship,3,human,lost,retain,affirm,continuous,standard,4,1,Memory,Relationship
catman_pilot_v1,P010,judgment,C03,j_obligation,1,human,lost,retain,affirm,continuous,standard,4,1,Memory,Obligation
catman_pilot_v1,P010,judgment,C03,j_treatment,3,human,lost,retain,affirm,continuous,standard,4,1,Memory,Treatment
catman_pilot_v1,P010,judgment,C06,j_identity,7,human,retain,retain,affirm,discontinuous,standard,5,1,Transition,Identity
catman_pilot_v1,P010,judgment,C06,j_likeness,7,human,retain,retain,affirm,discontinuous,standard,5,1,Transition,Likeness
catman_pilot_v1,P010,judgment,C06,j_relationship,7,human,retain,retain,affirm,discontinuous,standard,5,1,Transition,Relationship
catman_pilot_v1,P010,judgment,C06,j_obligation,7,human,retain,retain,affirm,discontinuous,standard,5,1,Transition,Obligation
catman_pilot_v1,P010,judgment,C06,j_treatment,7,human,retain,retain,affirm,discontinuous,standard,5,1,Transition,Treatment
catman_pilot_v1,P010,judgment,C07,j_identity,1,cat,retain,retain,affirm,discontinuous,standard,6,1,Body + transition,Identity
catman_pilot_v1,P010,judgment,C07,j_likeness,1,cat,retain,retain,affirm,discontinuous,standard,6,1,Body + transition,Likeness
catman_pilot_v1,P010,judgment,C07,j_relationship,1,cat,retain,retain,affirm,discontinuous,standard,6,1,Body + transition,Relationship
catman_pilot_v1,P010,judgment,C07,j_obligation,1,cat,retain,retain,affirm,discontinuous,standard,6,1,Body + transition,Obligation
catman_pilot_v1,P010,judgment,C07,j_treatment,1,cat,retain,retain,affirm,discontinuous,standard,6,1,Body + transition,Treatment
catman_pilot_v1,P010,judgment,C01,j_identity,7,human,retain,retain,affirm,continuous,standard,7,1,Baseline,Identity
catman_pilot_v1,P010,judgment,C01,j_likeness,7,human,retain,retain,affirm,continuous,standard,7,1,Baseline,Likeness
catman_pilot_v1,P010,judgment,C01,j_relationship,7,human,retain,retain,affirm,continuous,standard,7,1,Baseline,Relationship
catman_pilot_v1,P010,judgment,C01,j_obligation,7,human,retain,retain,affirm,continuous,standard,7,1,Baseline,Obligation
catman_pilot_v1,P010,judgment,C01,j_treatment,7,human,retain,retain,affirm,continuous,standard,7,1,Baseline,Treatment
catman_pilot_v1,P010,judgment,A09,j_identity,4,human,retain,retain,deny,continuous,anchor,8,1,Self-denial anchor,Identity
catman_pilot_v1,P010,judgment,A09,j_likeness,6,human,retain,retain,deny,continuous,anchor,8,1,Self-denial anchor,Likeness
catman_pilot_v1,P010,judgment,A09,j_relationship,5,human,retain,retain,deny,continuous,anchor,8,1,Self-denial anchor,Relationship
catman_pilot_v1,P010,judgment,A09,j_obligation,5,human,retain,retain,deny,continuous,anchor,8,1,Self-denial anchor,Obligation
catman_pilot_v1,P010,judgment,A09,j_treatment,5,human,retain,retain,deny,continuous,anchor,8,1,Self-denial anchor,Treatment
catman_pilot_v1,P010,judgment,A09,v_epistemic,3,human,retain,retain,deny,continuous,anchor,8,1,Self-denial anchor,Epistemic veto
catman_pilot_v1,P010,judgment,A09,v_normative,4,human,retain,retain,deny,continuous,anchor,8,1,Self-denial anchor,Normative veto
catman_pilot_v1,P010,judgment,C05,j_identity,5,human,retain,retain,uncertain,continuous,standard,9,1,Self-ID uncertain,Identity
catman_pilot_v1,P010,judgment,C05,j_likeness,6,human,retain,retain,uncertain,continuous,standard,9,1,Self-ID uncertain,Likeness
catman_pilot_v1,P010,judgment,C05,j_relationship,5,human,retain,retain,uncertain,continuous,standard,9,1,Self-ID uncertain,Relationship
catman_pilot_v1,P010,judgment,C05,j_obligation,5,human,retain,retain,uncertain,continuous,standard,9,1,Self-ID uncertain,Obligation
catman_pilot_v1,P010,judgment,C05,j_treatment,5,human,retain,retain,uncertain,continuous,standard,9,1,Self-ID uncertain,Treatment
catman_pilot_v1,P010,judgment,A10,j_ab,7,cat,retain,retain,affirm,parallel,anchor,10,1,Parallel anchor,Pre-X = surviving human
catman_pilot_v1,P010,judgment,A10,j_ac,1,cat,retain,retain,affirm,parallel,anchor,10,1,Parallel anchor,Pre-X = generated cat
catman_pilot_v1,P010,judgment,A10,j_bc,1,cat,retain,retain,affirm,parallel,anchor,10,1,Parallel anchor,Surviving human = generated cat
catman_pilot_v1,P010,judgment,A10,j_excl,7,cat,retain,retain,affirm,parallel,anchor,10,1,Parallel anchor,Identity exclusivity
catman_pilot_v1,P010,judgment,A10,j_relationship,5,cat,retain,retain,affirm,parallel,anchor,10,1,Parallel anchor,Relationship
catman_pilot_v1,P010,judgment,A10,j_obligation,5,cat,retain,retain,affirm,parallel,anchor,10,1,Parallel anchor,Obligation
catman_pilot_v1,P010,judgment,A10,j_treatment,5,cat,retain,retain,affirm,parallel,anchor,10,1,Parallel anchor,Treatment
catman_pilot_v1,P005,judgment,C03,j_identity,2,human,lost,retain,affirm,continuous,standard,1,1,Memory,Identity
catman_pilot_v1,P005,judgment,C03,j_likeness,2,human,lost,retain,affirm,continuous,standard,1,1,Memory,Likeness
catman_pilot_v1,P005,judgment,C03,j_relationship,4,human,lost,retain,affirm,continuous,standard,1,1,Memory,Relationship
catman_pilot_v1,P005,judgment,C03,j_obligation,6,human,lost,retain,affirm,continuous,standard,1,1,Memory,Obligation
catman_pilot_v1,P005,judgment,C03,j_treatment,3,human,lost,retain,affirm,continuous,standard,1,1,Memory,Treatment
catman_pilot_v1,P005,judgment,C04,j_identity,5,human,retain,limited,affirm,continuous,standard,2,1,Function,Identity
catman_pilot_v1,P005,judgment,C04,j_likeness,5,human,retain,limited,affirm,continuous,standard,2,1,Function,Likeness
catman_pilot_v1,P005,judgment,C04,j_relationship,6,human,retain,limited,affirm,continuous,standard,2,1,Function,Relationship
catman_pilot_v1,P005,judgment,C04,j_obligation,7,human,retain,limited,affirm,continuous,standard,2,1,Function,Obligation
catman_pilot_v1,P005,judgment,C04,j_treatment,5,human,retain,limited,affirm,continuous,standard,2,1,Function,Treatment
catman_pilot_v1,P005,judgment,C07,j_identity,2,cat,retain,retain,affirm,discontinuous,standard,3,1,Body + transition,Identity
catman_pilot_v1,P005,judgment,C07,j_likeness,2,cat,retain,retain,affirm,discontinuous,standard,3,1,Body + transition,Likeness
catman_pilot_v1,P005,judgment,C07,j_relationship,2,cat,retain,retain,affirm,discontinuous,standard,3,1,Body + transition,Relationship
catman_pilot_v1,P005,judgment,C07,j_obligation,2,cat,retain,retain,affirm,discontinuous,standard,3,1,Body + transition,Obligation
catman_pilot_v1,P005,judgment,C07,j_treatment,2,cat,retain,retain,affirm,discontinuous,standard,3,1,Body + transition,Treatment
catman_pilot_v1,P005,judgment,C02,j_identity,2,cat,retain,retain,affirm,continuous,standard,4,1,Body,Identity
catman_pilot_v1,P005,judgment,C02,j_likeness,2,cat,retain,retain,affirm,continuous,standard,4,1,Body,Likeness
catman_pilot_v1,P005,judgment,C02,j_relationship,5,cat,retain,retain,affirm,continuous,standard,4,1,Body,Relationship
catman_pilot_v1,P005,judgment,C02,j_obligation,4,cat,retain,retain,affirm,continuous,standard,4,1,Body,Obligation
catman_pilot_v1,P005,judgment,C02,j_treatment,5,cat,retain,retain,affirm,continuous,standard,4,1,Body,Treatment
catman_pilot_v1,P005,judgment,C08,j_identity,3,human,lost,retain,affirm,discontinuous,standard,5,1,Memory + transition,Identity
catman_pilot_v1,P005,judgment,C08,j_likeness,3,human,lost,retain,affirm,discontinuous,standard,5,1,Memory + transition,Likeness
catman_pilot_v1,P005,judgment,C08,j_relationship,4,human,lost,retain,affirm,discontinuous,standard,5,1,Memory + transition,Relationship
catman_pilot_v1,P005,judgment,C08,j_obligation,3,human,lost,retain,affirm,discontinuous,standard,5,1,Memory + transition,Obligation
catman_pilot_v1,P005,judgment,C08,j_treatment,3,human,lost,retain,affirm,discontinuous,standard,5,1,Memory + transition,Treatment
catman_pilot_v1,P005,judgment,C01,j_identity,5,human,retain,retain,affirm,continuous,standard,6,1,Baseline,Identity
catman_pilot_v1,P005,judgment,C01,j_likeness,6,human,retain,retain,affirm,continuous,standard,6,1,Baseline,Likeness
catman_pilot_v1,P005,judgment,C01,j_relationship,6,human,retain,retain,affirm,continuous,standard,6,1,Baseline,Relationship
catman_pilot_v1,P005,judgment,C01,j_obligation,6,human,retain,retain,affirm,continuous,standard,6,1,Baseline,Obligation
catman_pilot_v1,P005,judgment,C01,j_treatment,5,human,retain,retain,affirm,continuous,standard,6,1,Baseline,Treatment
catman_pilot_v1,P005,judgment,C06,j_identity,5,human,retain,retain,affirm,discontinuous,standard,7,1,Transition,Identity
catman_pilot_v1,P005,judgment,C06,j_likeness,5,human,retain,retain,affirm,discontinuous,standard,7,1,Transition,Likeness
catman_pilot_v1,P005,judgment,C06,j_relationship,6,human,retain,retain,affirm,discontinuous,standard,7,1,Transition,Relationship
catman_pilot_v1,P005,judgment,C06,j_obligation,6,human,retain,retain,affirm,discontinuous,standard,7,1,Transition,Obligation
catman_pilot_v1,P005,judgment,C06,j_treatment,5,human,retain,retain,affirm,discontinuous,standard,7,1,Transition,Treatment
catman_pilot_v1,P005,judgment,A09,j_identity,5,human,retain,retain,deny,continuous,anchor,8,1,Self-denial anchor,Identity
catman_pilot_v1,P005,judgment,A09,j_likeness,6,human,retain,retain,deny,continuous,anchor,8,1,Self-denial anchor,Likeness
catman_pilot_v1,P005,judgment,A09,j_relationship,6,human,retain,retain,deny,continuous,anchor,8,1,Self-denial anchor,Relationship
catman_pilot_v1,P005,judgment,A09,j_obligation,6,human,retain,retain,deny,continuous,anchor,8,1,Self-denial anchor,Obligation
catman_pilot_v1,P005,judgment,A09,j_treatment,5,human,retain,retain,deny,continuous,anchor,8,1,Self-denial anchor,Treatment
catman_pilot_v1,P005,judgment,A09,v_epistemic,4,human,retain,retain,deny,continuous,anchor,8,1,Self-denial anchor,Epistemic veto
catman_pilot_v1,P005,judgment,A09,v_normative,4,human,retain,retain,deny,continuous,anchor,8,1,Self-denial anchor,Normative veto
catman_pilot_v1,P005,judgment,A10,j_ab,7,cat,retain,retain,affirm,parallel,anchor,9,1,Parallel anchor,Pre-X = surviving human
catman_pilot_v1,P005,judgment,A10,j_ac,1,cat,retain,retain,affirm,parallel,anchor,9,1,Parallel anchor,Pre-X = generated cat
catman_pilot_v1,P005,judgment,A10,j_bc,1,cat,retain,retain,affirm,parallel,anchor,9,1,Parallel anchor,Surviving human = generated cat
catman_pilot_v1,P005,judgment,A10,j_excl,7,cat,retain,retain,affirm,parallel,anchor,9,1,Parallel anchor,Identity exclusivity
catman_pilot_v1,P005,judgment,A10,j_relationship,7,cat,retain,retain,affirm,parallel,anchor,9,1,Parallel anchor,Relationship
catman_pilot_v1,P005,judgment,A10,j_obligation,7,cat,retain,retain,affirm,parallel,anchor,9,1,Parallel anchor,Obligation
catman_pilot_v1,P005,judgment,A10,j_treatment,7,cat,retain,retain,affirm,parallel,anchor,9,1,Parallel anchor,Treatment
catman_pilot_v1,P005,judgment,C05,j_identity,5,human,retain,retain,uncertain,continuous,standard,10,1,Self-ID uncertain,Identity
catman_pilot_v1,P005,judgment,C05,j_likeness,6,human,retain,retain,uncertain,continuous,standard,10,1,Self-ID uncertain,Likeness
catman_pilot_v1,P005,judgment,C05,j_relationship,6,human,retain,retain,uncertain,continuous,standard,10,1,Self-ID uncertain,Relationship
catman_pilot_v1,P005,judgment,C05,j_obligation,6,human,retain,retain,uncertain,continuous,standard,10,1,Self-ID uncertain,Obligation
catman_pilot_v1,P005,judgment,C05,j_treatment,6,human,retain,retain,uncertain,continuous,standard,10,1,Self-ID uncertain,Treatment
catman_pilot_v1,P012,judgment,C08,j_identity,6,human,lost,retain,affirm,discontinuous,standard,1,1,Memory + transition,Identity
catman_pilot_v1,P012,judgment,C08,j_likeness,5,human,lost,retain,affirm,discontinuous,standard,1,1,Memory + transition,Likeness
catman_pilot_v1,P012,judgment,C08,j_relationship,2,human,lost,retain,affirm,discontinuous,standard,1,1,Memory + transition,Relationship
catman_pilot_v1,P012,judgment,C08,j_obligation,2,human,lost,retain,affirm,discontinuous,standard,1,1,Memory + transition,Obligation
catman_pilot_v1,P012,judgment,C08,j_treatment,5,human,lost,retain,affirm,discontinuous,standard,1,1,Memory + transition,Treatment
catman_pilot_v1,P012,judgment,C06,j_identity,7,human,retain,retain,affirm,discontinuous,standard,2,1,Transition,Identity
catman_pilot_v1,P012,judgment,C06,j_likeness,6,human,retain,retain,affirm,discontinuous,standard,2,1,Transition,Likeness
catman_pilot_v1,P012,judgment,C06,j_relationship,7,human,retain,retain,affirm,discontinuous,standard,2,1,Transition,Relationship
catman_pilot_v1,P012,judgment,C06,j_obligation,6,human,retain,retain,affirm,discontinuous,standard,2,1,Transition,Obligation
catman_pilot_v1,P012,judgment,C06,j_treatment,6,human,retain,retain,affirm,discontinuous,standard,2,1,Transition,Treatment
catman_pilot_v1,P012,judgment,C07,j_identity,5,cat,retain,retain,affirm,discontinuous,standard,3,1,Body + transition,Identity
catman_pilot_v1,P012,judgment,C07,j_likeness,4,cat,retain,retain,affirm,discontinuous,standard,3,1,Body + transition,Likeness
catman_pilot_v1,P012,judgment,C07,j_relationship,2,cat,retain,retain,affirm,discontinuous,standard,3,1,Body + transition,Relationship
catman_pilot_v1,P012,judgment,C07,j_obligation,2,cat,retain,retain,affirm,discontinuous,standard,3,1,Body + transition,Obligation
catman_pilot_v1,P012,judgment,C07,j_treatment,2,cat,retain,retain,affirm,discontinuous,standard,3,1,Body + transition,Treatment
catman_pilot_v1,P012,judgment,C04,j_identity,6,human,retain,limited,affirm,continuous,standard,4,1,Function,Identity
catman_pilot_v1,P012,judgment,C04,j_likeness,7,human,retain,limited,affirm,continuous,standard,4,1,Function,Likeness
catman_pilot_v1,P012,judgment,C04,j_relationship,5,human,retain,limited,affirm,continuous,standard,4,1,Function,Relationship
catman_pilot_v1,P012,judgment,C04,j_obligation,5,human,retain,limited,affirm,continuous,standard,4,1,Function,Obligation
catman_pilot_v1,P012,judgment,C04,j_treatment,6,human,retain,limited,affirm,continuous,standard,4,1,Function,Treatment
catman_pilot_v1,P012,judgment,C01,j_identity,6,human,retain,retain,affirm,continuous,standard,5,1,Baseline,Identity
catman_pilot_v1,P012,judgment,C01,j_likeness,7,human,retain,retain,affirm,continuous,standard,5,1,Baseline,Likeness
catman_pilot_v1,P012,judgment,C01,j_relationship,6,human,retain,retain,affirm,continuous,standard,5,1,Baseline,Relationship
catman_pilot_v1,P012,judgment,C01,j_obligation,7,human,retain,retain,affirm,continuous,standard,5,1,Baseline,Obligation
catman_pilot_v1,P012,judgment,C01,j_treatment,6,human,retain,retain,affirm,continuous,standard,5,1,Baseline,Treatment
catman_pilot_v1,P012,judgment,C02,j_identity,5,cat,retain,retain,affirm,continuous,standard,6,1,Body,Identity
catman_pilot_v1,P012,judgment,C02,j_likeness,4,cat,retain,retain,affirm,continuous,standard,6,1,Body,Likeness
catman_pilot_v1,P012,judgment,C02,j_relationship,2,cat,retain,retain,affirm,continuous,standard,6,1,Body,Relationship
catman_pilot_v1,P012,judgment,C02,j_obligation,2,cat,retain,retain,affirm,continuous,standard,6,1,Body,Obligation
catman_pilot_v1,P012,judgment,C02,j_treatment,3,cat,retain,retain,affirm,continuous,standard,6,1,Body,Treatment
catman_pilot_v1,P012,judgment,A10,j_ab,7,cat,retain,retain,affirm,parallel,anchor,7,1,Parallel anchor,Pre-X = surviving human
catman_pilot_v1,P012,judgment,A10,j_ac,3,cat,retain,retain,affirm,parallel,anchor,7,1,Parallel anchor,Pre-X = generated cat
catman_pilot_v1,P012,judgment,A10,j_bc,2,cat,retain,retain,affirm,parallel,anchor,7,1,Parallel anchor,Surviving human = generated cat
catman_pilot_v1,P012,judgment,A10,j_excl,6,cat,retain,retain,affirm,parallel,anchor,7,1,Parallel anchor,Identity exclusivity
catman_pilot_v1,P012,judgment,A10,j_relationship,3,cat,retain,retain,affirm,parallel,anchor,7,1,Parallel anchor,Relationship
catman_pilot_v1,P012,judgment,A10,j_obligation,2,cat,retain,retain,affirm,parallel,anchor,7,1,Parallel anchor,Obligation
catman_pilot_v1,P012,judgment,A10,j_treatment,3,cat,retain,retain,affirm,parallel,anchor,7,1,Parallel anchor,Treatment
catman_pilot_v1,P012,judgment,C05,j_identity,6,human,retain,retain,uncertain,continuous,standard,8,1,Self-ID uncertain,Identity
catman_pilot_v1,P012,judgment,C05,j_likeness,5,human,retain,retain,uncertain,continuous,standard,8,1,Self-ID uncertain,Likeness
catman_pilot_v1,P012,judgment,C05,j_relationship,4,human,retain,retain,uncertain,continuous,standard,8,1,Self-ID uncertain,Relationship
catman_pilot_v1,P012,judgment,C05,j_obligation,4,human,retain,retain,uncertain,continuous,standard,8,1,Self-ID uncertain,Obligation
catman_pilot_v1,P012,judgment,C05,j_treatment,5,human,retain,retain,uncertain,continuous,standard,8,1,Self-ID uncertain,Treatment
catman_pilot_v1,P012,judgment,A09,j_identity,6,human,retain,retain,deny,continuous,anchor,9,1,Self-denial anchor,Identity
catman_pilot_v1,P012,judgment,A09,j_likeness,5,human,retain,retain,deny,continuous,anchor,9,1,Self-denial anchor,Likeness
catman_pilot_v1,P012,judgment,A09,j_relationship,6,human,retain,retain,deny,continuous,anchor,9,1,Self-denial anchor,Relationship
catman_pilot_v1,P012,judgment,A09,j_obligation,5,human,retain,retain,deny,continuous,anchor,9,1,Self-denial anchor,Obligation
catman_pilot_v1,P012,judgment,A09,j_treatment,6,human,retain,retain,deny,continuous,anchor,9,1,Self-denial anchor,Treatment
catman_pilot_v1,P012,judgment,A09,v_epistemic,2,human,retain,retain,deny,continuous,anchor,9,1,Self-denial anchor,Epistemic veto
catman_pilot_v1,P012,judgment,A09,v_normative,3,human,retain,retain,deny,continuous,anchor,9,1,Self-denial anchor,Normative veto
catman_pilot_v1,P012,judgment,C03,j_identity,3,human,lost,retain,affirm,continuous,standard,10,1,Memory,Identity
catman_pilot_v1,P012,judgment,C03,j_likeness,3,human,lost,retain,affirm,continuous,standard,10,1,Memory,Likeness
catman_pilot_v1,P012,judgment,C03,j_relationship,2,human,lost,retain,affirm,continuous,standard,10,1,Memory,Relationship
catman_pilot_v1,P012,judgment,C03,j_obligation,2,human,lost,retain,affirm,continuous,standard,10,1,Memory,Obligation
catman_pilot_v1,P012,judgment,C03,j_treatment,3,human,lost,retain,affirm,continuous,standard,10,1,Memory,Treatment
catman_pilot_v1,P018,judgment,C01,j_identity,1,human,retain,retain,affirm,continuous,standard,1,1,Baseline,Identity
catman_pilot_v1,P018,judgment,C01,j_likeness,7,human,retain,retain,affirm,continuous,standard,1,1,Baseline,Likeness
catman_pilot_v1,P018,judgment,C01,j_relationship,6,human,retain,retain,affirm,continuous,standard,1,1,Baseline,Relationship
catman_pilot_v1,P018,judgment,C01,j_obligation,7,human,retain,retain,affirm,continuous,standard,1,1,Baseline,Obligation
catman_pilot_v1,P018,judgment,C01,j_treatment,1,human,retain,retain,affirm,continuous,standard,1,1,Baseline,Treatment
catman_pilot_v1,P018,judgment,C02,j_identity,6,cat,retain,retain,affirm,continuous,standard,2,1,Body,Identity
catman_pilot_v1,P018,judgment,C02,j_likeness,1,cat,retain,retain,affirm,continuous,standard,2,1,Body,Likeness
catman_pilot_v1,P018,judgment,C02,j_relationship,4,cat,retain,retain,affirm,continuous,standard,2,1,Body,Relationship
catman_pilot_v1,P018,judgment,C02,j_obligation,6,cat,retain,retain,affirm,continuous,standard,2,1,Body,Obligation
catman_pilot_v1,P018,judgment,C02,j_treatment,7,cat,retain,retain,affirm,continuous,standard,2,1,Body,Treatment
catman_pilot_v1,P018,judgment,C05,j_identity,7,human,retain,retain,uncertain,continuous,standard,3,1,Self-ID uncertain,Identity
catman_pilot_v1,P018,judgment,C05,j_likeness,5,human,retain,retain,uncertain,continuous,standard,3,1,Self-ID uncertain,Likeness
catman_pilot_v1,P018,judgment,C05,j_relationship,5,human,retain,retain,uncertain,continuous,standard,3,1,Self-ID uncertain,Relationship
catman_pilot_v1,P018,judgment,C05,j_obligation,6,human,retain,retain,uncertain,continuous,standard,3,1,Self-ID uncertain,Obligation
catman_pilot_v1,P018,judgment,C05,j_treatment,7,human,retain,retain,uncertain,continuous,standard,3,1,Self-ID uncertain,Treatment
catman_pilot_v1,P018,judgment,C07,j_identity,2,cat,retain,retain,affirm,discontinuous,standard,4,1,Body + transition,Identity
catman_pilot_v1,P018,judgment,C07,j_likeness,1,cat,retain,retain,affirm,discontinuous,standard,4,1,Body + transition,Likeness
catman_pilot_v1,P018,judgment,C07,j_relationship,4,cat,retain,retain,affirm,discontinuous,standard,4,1,Body + transition,Relationship
catman_pilot_v1,P018,judgment,C07,j_obligation,5,cat,retain,retain,affirm,discontinuous,standard,4,1,Body + transition,Obligation
catman_pilot_v1,P018,judgment,C07,j_treatment,4,cat,retain,retain,affirm,discontinuous,standard,4,1,Body + transition,Treatment
catman_pilot_v1,P018,judgment,C04,j_identity,7,human,retain,limited,affirm,continuous,standard,5,1,Function,Identity
catman_pilot_v1,P018,judgment,C04,j_likeness,4,human,retain,limited,affirm,continuous,standard,5,1,Function,Likeness
catman_pilot_v1,P018,judgment,C04,j_relationship,7,human,retain,limited,affirm,continuous,standard,5,1,Function,Relationship
catman_pilot_v1,P018,judgment,C04,j_obligation,4,human,retain,limited,affirm,continuous,standard,5,1,Function,Obligation
catman_pilot_v1,P018,judgment,C04,j_treatment,7,human,retain,limited,affirm,continuous,standard,5,1,Function,Treatment
catman_pilot_v1,P018,judgment,C03,j_identity,3,human,lost,retain,affirm,continuous,standard,6,1,Memory,Identity
catman_pilot_v1,P018,judgment,C03,j_likeness,5,human,lost,retain,affirm,continuous,standard,6,1,Memory,Likeness
catman_pilot_v1,P018,judgment,C03,j_relationship,3,human,lost,retain,affirm,continuous,standard,6,1,Memory,Relationship
catman_pilot_v1,P018,judgment,C03,j_obligation,4,human,lost,retain,affirm,continuous,standard,6,1,Memory,Obligation
catman_pilot_v1,P018,judgment,C03,j_treatment,6,human,lost,retain,affirm,continuous,standard,6,1,Memory,Treatment
catman_pilot_v1,P018,judgment,A09,j_identity,7,human,retain,retain,deny,continuous,anchor,7,1,Self-denial anchor,Identity
catman_pilot_v1,P018,judgment,A09,j_likeness,7,human,retain,retain,deny,continuous,anchor,7,1,Self-denial anchor,Likeness
catman_pilot_v1,P018,judgment,A09,j_relationship,7,human,retain,retain,deny,continuous,anchor,7,1,Self-denial anchor,Relationship
catman_pilot_v1,P018,judgment,A09,j_obligation,7,human,retain,retain,deny,continuous,anchor,7,1,Self-denial anchor,Obligation
catman_pilot_v1,P018,judgment,A09,j_treatment,7,human,retain,retain,deny,continuous,anchor,7,1,Self-denial anchor,Treatment
catman_pilot_v1,P018,judgment,A09,v_epistemic,2,human,retain,retain,deny,continuous,anchor,7,1,Self-denial anchor,Epistemic veto
catman_pilot_v1,P018,judgment,A09,v_normative,3,human,retain,retain,deny,continuous,anchor,7,1,Self-denial anchor,Normative veto
catman_pilot_v1,P018,judgment,C08,j_identity,1,human,lost,retain,affirm,discontinuous,standard,8,1,Memory + transition,Identity
catman_pilot_v1,P018,judgment,C08,j_likeness,6,human,lost,retain,affirm,discontinuous,standard,8,1,Memory + transition,Likeness
catman_pilot_v1,P018,judgment,C08,j_relationship,4,human,lost,retain,affirm,discontinuous,standard,8,1,Memory + transition,Relationship
catman_pilot_v1,P018,judgment,C08,j_obligation,7,human,lost,retain,affirm,discontinuous,standard,8,1,Memory + transition,Obligation
catman_pilot_v1,P018,judgment,C08,j_treatment,4,human,lost,retain,affirm,discontinuous,standard,8,1,Memory + transition,Treatment
catman_pilot_v1,P018,judgment,A10,j_ab,7,cat,retain,retain,affirm,parallel,anchor,9,1,Parallel anchor,Pre-X = surviving human
catman_pilot_v1,P018,judgment,A10,j_ac,1,cat,retain,retain,affirm,parallel,anchor,9,1,Parallel anchor,Pre-X = generated cat
catman_pilot_v1,P018,judgment,A10,j_bc,1,cat,retain,retain,affirm,parallel,anchor,9,1,Parallel anchor,Surviving human = generated cat
catman_pilot_v1,P018,judgment,A10,j_excl,7,cat,retain,retain,affirm,parallel,anchor,9,1,Parallel anchor,Identity exclusivity
catman_pilot_v1,P018,judgment,A10,j_relationship,7,cat,retain,retain,affirm,parallel,anchor,9,1,Parallel anchor,Relationship
catman_pilot_v1,P018,judgment,A10,j_obligation,7,cat,retain,retain,affirm,parallel,anchor,9,1,Parallel anchor,Obligation
catman_pilot_v1,P018,judgment,A10,j_treatment,7,cat,retain,retain,affirm,parallel,anchor,9,1,Parallel anchor,Treatment
catman_pilot_v1,P018,judgment,C06,j_identity,1,human,retain,retain,affirm,discontinuous,standard,10,1,Transition,Identity
catman_pilot_v1,P018,judgment,C06,j_likeness,7,human,retain,retain,affirm,discontinuous,standard,10,1,Transition,Likeness
catman_pilot_v1,P018,judgment,C06,j_relationship,7,human,retain,retain,affirm,discontinuous,standard,10,1,Transition,Relationship
catman_pilot_v1,P018,judgment,C06,j_obligation,7,human,retain,retain,affirm,discontinuous,standard,10,1,Transition,Obligation
catman_pilot_v1,P018,judgment,C06,j_treatment,4,human,retain,retain,affirm,discontinuous,standard,10,1,Transition,Treatment
catman_pilot_v1,P016,judgment,C08,j_identity,1,human,lost,retain,affirm,discontinuous,standard,1,1,Memory + transition,Identity
catman_pilot_v1,P016,judgment,C08,j_likeness,4,human,lost,retain,affirm,discontinuous,standard,1,1,Memory + transition,Likeness
catman_pilot_v1,P016,judgment,C08,j_relationship,3,human,lost,retain,affirm,discontinuous,standard,1,1,Memory + transition,Relationship
catman_pilot_v1,P016,judgment,C08,j_obligation,4,human,lost,retain,affirm,discontinuous,standard,1,1,Memory + transition,Obligation
catman_pilot_v1,P016,judgment,C08,j_treatment,4,human,lost,retain,affirm,discontinuous,standard,1,1,Memory + transition,Treatment
catman_pilot_v1,P016,judgment,C02,j_identity,6,cat,retain,retain,affirm,continuous,standard,2,1,Body,Identity
catman_pilot_v1,P016,judgment,C02,j_likeness,4,cat,retain,retain,affirm,continuous,standard,2,1,Body,Likeness
catman_pilot_v1,P016,judgment,C02,j_relationship,4,cat,retain,retain,affirm,continuous,standard,2,1,Body,Relationship
catman_pilot_v1,P016,judgment,C02,j_obligation,6,cat,retain,retain,affirm,continuous,standard,2,1,Body,Obligation
catman_pilot_v1,P016,judgment,C02,j_treatment,5,cat,retain,retain,affirm,continuous,standard,2,1,Body,Treatment
catman_pilot_v1,P016,judgment,C01,j_identity,7,human,retain,retain,affirm,continuous,standard,3,1,Baseline,Identity
catman_pilot_v1,P016,judgment,C01,j_likeness,7,human,retain,retain,affirm,continuous,standard,3,1,Baseline,Likeness
catman_pilot_v1,P016,judgment,C01,j_relationship,7,human,retain,retain,affirm,continuous,standard,3,1,Baseline,Relationship
catman_pilot_v1,P016,judgment,C01,j_obligation,7,human,retain,retain,affirm,continuous,standard,3,1,Baseline,Obligation
catman_pilot_v1,P016,judgment,C01,j_treatment,7,human,retain,retain,affirm,continuous,standard,3,1,Baseline,Treatment
catman_pilot_v1,P016,judgment,C06,j_identity,7,human,retain,retain,affirm,discontinuous,standard,4,1,Transition,Identity
catman_pilot_v1,P016,judgment,C06,j_likeness,7,human,retain,retain,affirm,discontinuous,standard,4,1,Transition,Likeness
catman_pilot_v1,P016,judgment,C06,j_relationship,7,human,retain,retain,affirm,discontinuous,standard,4,1,Transition,Relationship
catman_pilot_v1,P016,judgment,C06,j_obligation,6,human,retain,retain,affirm,discontinuous,standard,4,1,Transition,Obligation
catman_pilot_v1,P016,judgment,C06,j_treatment,7,human,retain,retain,affirm,discontinuous,standard,4,1,Transition,Treatment
catman_pilot_v1,P016,judgment,C04,j_identity,7,human,retain,limited,affirm,continuous,standard,5,1,Function,Identity
catman_pilot_v1,P016,judgment,C04,j_likeness,7,human,retain,limited,affirm,continuous,standard,5,1,Function,Likeness
catman_pilot_v1,P016,judgment,C04,j_relationship,7,human,retain,limited,affirm,continuous,standard,5,1,Function,Relationship
catman_pilot_v1,P016,judgment,C04,j_obligation,7,human,retain,limited,affirm,continuous,standard,5,1,Function,Obligation
catman_pilot_v1,P016,judgment,C04,j_treatment,7,human,retain,limited,affirm,continuous,standard,5,1,Function,Treatment
catman_pilot_v1,P016,judgment,C07,j_identity,4,cat,retain,retain,affirm,discontinuous,standard,6,1,Body + transition,Identity
catman_pilot_v1,P016,judgment,C07,j_likeness,4,cat,retain,retain,affirm,discontinuous,standard,6,1,Body + transition,Likeness
catman_pilot_v1,P016,judgment,C07,j_relationship,4,cat,retain,retain,affirm,discontinuous,standard,6,1,Body + transition,Relationship
catman_pilot_v1,P016,judgment,C07,j_obligation,5,cat,retain,retain,affirm,discontinuous,standard,6,1,Body + transition,Obligation
catman_pilot_v1,P016,judgment,C07,j_treatment,5,cat,retain,retain,affirm,discontinuous,standard,6,1,Body + transition,Treatment
catman_pilot_v1,P016,judgment,A09,j_identity,4,human,retain,retain,deny,continuous,anchor,7,1,Self-denial anchor,Identity
catman_pilot_v1,P016,judgment,A09,j_likeness,4,human,retain,retain,deny,continuous,anchor,7,1,Self-denial anchor,Likeness
catman_pilot_v1,P016,judgment,A09,j_relationship,3,human,retain,retain,deny,continuous,anchor,7,1,Self-denial anchor,Relationship
catman_pilot_v1,P016,judgment,A09,j_obligation,3,human,retain,retain,deny,continuous,anchor,7,1,Self-denial anchor,Obligation
catman_pilot_v1,P016,judgment,A09,j_treatment,4,human,retain,retain,deny,continuous,anchor,7,1,Self-denial anchor,Treatment
catman_pilot_v1,P016,judgment,A09,v_epistemic,7,human,retain,retain,deny,continuous,anchor,7,1,Self-denial anchor,Epistemic veto
catman_pilot_v1,P016,judgment,A09,v_normative,7,human,retain,retain,deny,continuous,anchor,7,1,Self-denial anchor,Normative veto
catman_pilot_v1,P016,judgment,C05,j_identity,4,human,retain,retain,uncertain,continuous,standard,8,1,Self-ID uncertain,Identity
catman_pilot_v1,P016,judgment,C05,j_likeness,6,human,retain,retain,uncertain,continuous,standard,8,1,Self-ID uncertain,Likeness
catman_pilot_v1,P016,judgment,C05,j_relationship,5,human,retain,retain,uncertain,continuous,standard,8,1,Self-ID uncertain,Relationship
catman_pilot_v1,P016,judgment,C05,j_obligation,4,human,retain,retain,uncertain,continuous,standard,8,1,Self-ID uncertain,Obligation
catman_pilot_v1,P016,judgment,C05,j_treatment,4,human,retain,retain,uncertain,continuous,standard,8,1,Self-ID uncertain,Treatment
catman_pilot_v1,P016,judgment,A10,j_ab,7,cat,retain,retain,affirm,parallel,anchor,9,1,Parallel anchor,Pre-X = surviving human
catman_pilot_v1,P016,judgment,A10,j_ac,1,cat,retain,retain,affirm,parallel,anchor,9,1,Parallel anchor,Pre-X = generated cat
catman_pilot_v1,P016,judgment,A10,j_bc,3,cat,retain,retain,affirm,parallel,anchor,9,1,Parallel anchor,Surviving human = generated cat
catman_pilot_v1,P016,judgment,A10,j_excl,7,cat,retain,retain,affirm,parallel,anchor,9,1,Parallel anchor,Identity exclusivity
catman_pilot_v1,P016,judgment,A10,j_relationship,7,cat,retain,retain,affirm,parallel,anchor,9,1,Parallel anchor,Relationship
catman_pilot_v1,P016,judgment,A10,j_obligation,7,cat,retain,retain,affirm,parallel,anchor,9,1,Parallel anchor,Obligation
catman_pilot_v1,P016,judgment,A10,j_treatment,7,cat,retain,retain,affirm,parallel,anchor,9,1,Parallel anchor,Treatment
catman_pilot_v1,P016,judgment,C03,j_identity,2,human,lost,retain,affirm,continuous,standard,10,1,Memory,Identity
catman_pilot_v1,P016,judgment,C03,j_likeness,5,human,lost,retain,affirm,continuous,standard,10,1,Memory,Likeness
catman_pilot_v1,P016,judgment,C03,j_relationship,3,human,lost,retain,affirm,continuous,standard,10,1,Memory,Relationship
catman_pilot_v1,P016,judgment,C03,j_obligation,3,human,lost,retain,affirm,continuous,standard,10,1,Memory,Obligation
catman_pilot_v1,P016,judgment,C03,j_treatment,3,human,lost,retain,affirm,continuous,standard,10,1,Memory,Treatment
catman_pilot_v1,P028,judgment,C03,j_identity,1,human,lost,retain,affirm,continuous,standard,1,1,Memory,Identity
catman_pilot_v1,P028,judgment,C03,j_likeness,5,human,lost,retain,affirm,continuous,standard,1,1,Memory,Likeness
catman_pilot_v1,P028,judgment,C03,j_relationship,1,human,lost,retain,affirm,continuous,standard,1,1,Memory,Relationship
catman_pilot_v1,P028,judgment,C03,j_obligation,4,human,lost,retain,affirm,continuous,standard,1,1,Memory,Obligation
catman_pilot_v1,P028,judgment,C03,j_treatment,4,human,lost,retain,affirm,continuous,standard,1,1,Memory,Treatment
catman_pilot_v1,P028,judgment,C07,j_identity,1,cat,retain,retain,affirm,discontinuous,standard,2,1,Body + transition,Identity
catman_pilot_v1,P028,judgment,C07,j_likeness,4,cat,retain,retain,affirm,discontinuous,standard,2,1,Body + transition,Likeness
catman_pilot_v1,P028,judgment,C07,j_relationship,4,cat,retain,retain,affirm,discontinuous,standard,2,1,Body + transition,Relationship
catman_pilot_v1,P028,judgment,C07,j_obligation,1,cat,retain,retain,affirm,discontinuous,standard,2,1,Body + transition,Obligation
catman_pilot_v1,P028,judgment,C07,j_treatment,4,cat,retain,retain,affirm,discontinuous,standard,2,1,Body + transition,Treatment
catman_pilot_v1,P028,judgment,C02,j_identity,1,cat,retain,retain,affirm,continuous,standard,3,1,Body,Identity
catman_pilot_v1,P028,judgment,C02,j_likeness,4,cat,retain,retain,affirm,continuous,standard,3,1,Body,Likeness
catman_pilot_v1,P028,judgment,C02,j_relationship,4,cat,retain,retain,affirm,continuous,standard,3,1,Body,Relationship
catman_pilot_v1,P028,judgment,C02,j_obligation,4,cat,retain,retain,affirm,continuous,standard,3,1,Body,Obligation
catman_pilot_v1,P028,judgment,C02,j_treatment,4,cat,retain,retain,affirm,continuous,standard,3,1,Body,Treatment
catman_pilot_v1,P028,judgment,C08,j_identity,1,human,lost,retain,affirm,discontinuous,standard,4,1,Memory + transition,Identity
catman_pilot_v1,P028,judgment,C08,j_likeness,4,human,lost,retain,affirm,discontinuous,standard,4,1,Memory + transition,Likeness
catman_pilot_v1,P028,judgment,C08,j_relationship,4,human,lost,retain,affirm,discontinuous,standard,4,1,Memory + transition,Relationship
catman_pilot_v1,P028,judgment,C08,j_obligation,4,human,lost,retain,affirm,discontinuous,standard,4,1,Memory + transition,Obligation
catman_pilot_v1,P028,judgment,C08,j_treatment,4,human,lost,retain,affirm,discontinuous,standard,4,1,Memory + transition,Treatment
catman_pilot_v1,P028,judgment,C01,j_identity,7,human,retain,retain,affirm,continuous,standard,5,1,Baseline,Identity
catman_pilot_v1,P028,judgment,C01,j_likeness,7,human,retain,retain,affirm,continuous,standard,5,1,Baseline,Likeness
catman_pilot_v1,P028,judgment,C01,j_relationship,7,human,retain,retain,affirm,continuous,standard,5,1,Baseline,Relationship
catman_pilot_v1,P028,judgment,C01,j_obligation,7,human,retain,retain,affirm,continuous,standard,5,1,Baseline,Obligation
catman_pilot_v1,P028,judgment,C01,j_treatment,7,human,retain,retain,affirm,continuous,standard,5,1,Baseline,Treatment
catman_pilot_v1,P028,judgment,A09,j_identity,4,human,retain,retain,deny,continuous,anchor,6,1,Self-denial anchor,Identity
catman_pilot_v1,P028,judgment,A09,j_likeness,7,human,retain,retain,deny,continuous,anchor,6,1,Self-denial anchor,Likeness
catman_pilot_v1,P028,judgment,A09,j_relationship,4,human,retain,retain,deny,continuous,anchor,6,1,Self-denial anchor,Relationship
catman_pilot_v1,P028,judgment,A09,j_obligation,4,human,retain,retain,deny,continuous,anchor,6,1,Self-denial anchor,Obligation
catman_pilot_v1,P028,judgment,A09,j_treatment,7,human,retain,retain,deny,continuous,anchor,6,1,Self-denial anchor,Treatment
catman_pilot_v1,P028,judgment,A09,v_epistemic,4,human,retain,retain,deny,continuous,anchor,6,1,Self-denial anchor,Epistemic veto
catman_pilot_v1,P028,judgment,A09,v_normative,4,human,retain,retain,deny,continuous,anchor,6,1,Self-denial anchor,Normative veto
catman_pilot_v1,P028,judgment,C06,j_identity,7,human,retain,retain,affirm,discontinuous,standard,7,1,Transition,Identity
catman_pilot_v1,P028,judgment,C06,j_likeness,7,human,retain,retain,affirm,discontinuous,standard,7,1,Transition,Likeness
catman_pilot_v1,P028,judgment,C06,j_relationship,7,human,retain,retain,affirm,discontinuous,standard,7,1,Transition,Relationship
catman_pilot_v1,P028,judgment,C06,j_obligation,7,human,retain,retain,affirm,discontinuous,standard,7,1,Transition,Obligation
catman_pilot_v1,P028,judgment,C06,j_treatment,7,human,retain,retain,affirm,discontinuous,standard,7,1,Transition,Treatment
catman_pilot_v1,P028,judgment,C05,j_identity,7,human,retain,retain,uncertain,continuous,standard,8,1,Self-ID uncertain,Identity
catman_pilot_v1,P028,judgment,C05,j_likeness,7,human,retain,retain,uncertain,continuous,standard,8,1,Self-ID uncertain,Likeness
catman_pilot_v1,P028,judgment,C05,j_relationship,4,human,retain,retain,uncertain,continuous,standard,8,1,Self-ID uncertain,Relationship
catman_pilot_v1,P028,judgment,C05,j_obligation,7,human,retain,retain,uncertain,continuous,standard,8,1,Self-ID uncertain,Obligation
catman_pilot_v1,P028,judgment,C05,j_treatment,7,human,retain,retain,uncertain,continuous,standard,8,1,Self-ID uncertain,Treatment
catman_pilot_v1,P028,judgment,A10,j_ab,1,cat,retain,retain,affirm,parallel,anchor,9,1,Parallel anchor,Pre-X = surviving human
catman_pilot_v1,P028,judgment,A10,j_ac,1,cat,retain,retain,affirm,parallel,anchor,9,1,Parallel anchor,Pre-X = generated cat
catman_pilot_v1,P028,judgment,A10,j_bc,4,cat,retain,retain,affirm,parallel,anchor,9,1,Parallel anchor,Surviving human = generated cat
catman_pilot_v1,P028,judgment,A10,j_excl,4,cat,retain,retain,affirm,parallel,anchor,9,1,Parallel anchor,Identity exclusivity
catman_pilot_v1,P028,judgment,A10,j_relationship,4,cat,retain,retain,affirm,parallel,anchor,9,1,Parallel anchor,Relationship
catman_pilot_v1,P028,judgment,A10,j_obligation,4,cat,retain,retain,affirm,parallel,anchor,9,1,Parallel anchor,Obligation
catman_pilot_v1,P028,judgment,A10,j_treatment,4,cat,retain,retain,affirm,parallel,anchor,9,1,Parallel anchor,Treatment
catman_pilot_v1,P028,judgment,C04,j_identity,1,human,retain,limited,affirm,continuous,standard,10,1,Function,Identity
catman_pilot_v1,P028,judgment,C04,j_likeness,1,human,retain,limited,affirm,continuous,standard,10,1,Function,Likeness
catman_pilot_v1,P028,judgment,C04,j_relationship,4,human,retain,limited,affirm,continuous,standard,10,1,Function,Relationship
catman_pilot_v1,P028,judgment,C04,j_obligation,4,human,retain,limited,affirm,continuous,standard,10,1,Function,Obligation
catman_pilot_v1,P028,judgment,C04,j_treatment,4,human,retain,limited,affirm,continuous,standard,10,1,Function,Treatment
catman_pilot_v1,P086,judgment,C06,j_identity,6,human,retain,retain,affirm,discontinuous,standard,1,1,Transition,Identity
catman_pilot_v1,P086,judgment,C06,j_likeness,7,human,retain,retain,affirm,discontinuous,standard,1,1,Transition,Likeness
catman_pilot_v1,P086,judgment,C06,j_relationship,7,human,retain,retain,affirm,discontinuous,standard,1,1,Transition,Relationship
catman_pilot_v1,P086,judgment,C06,j_obligation,4,human,retain,retain,affirm,discontinuous,standard,1,1,Transition,Obligation
catman_pilot_v1,P086,judgment,C06,j_treatment,7,human,retain,retain,affirm,discontinuous,standard,1,1,Transition,Treatment
catman_pilot_v1,P086,judgment,C07,j_identity,3,cat,retain,retain,affirm,discontinuous,standard,2,1,Body + transition,Identity
catman_pilot_v1,P086,judgment,C07,j_likeness,7,cat,retain,retain,affirm,discontinuous,standard,2,1,Body + transition,Likeness
catman_pilot_v1,P086,judgment,C07,j_relationship,4,cat,retain,retain,affirm,discontinuous,standard,2,1,Body + transition,Relationship
catman_pilot_v1,P086,judgment,C07,j_obligation,4,cat,retain,retain,affirm,discontinuous,standard,2,1,Body + transition,Obligation
catman_pilot_v1,P086,judgment,C07,j_treatment,4,cat,retain,retain,affirm,discontinuous,standard,2,1,Body + transition,Treatment
catman_pilot_v1,P086,judgment,C03,j_identity,1,human,lost,retain,affirm,continuous,standard,3,1,Memory,Identity
catman_pilot_v1,P086,judgment,C03,j_likeness,5,human,lost,retain,affirm,continuous,standard,3,1,Memory,Likeness
catman_pilot_v1,P086,judgment,C03,j_relationship,2,human,lost,retain,affirm,continuous,standard,3,1,Memory,Relationship
catman_pilot_v1,P086,judgment,C03,j_obligation,1,human,lost,retain,affirm,continuous,standard,3,1,Memory,Obligation
catman_pilot_v1,P086,judgment,C03,j_treatment,1,human,lost,retain,affirm,continuous,standard,3,1,Memory,Treatment
catman_pilot_v1,P086,judgment,C04,j_identity,6,human,retain,limited,affirm,continuous,standard,4,1,Function,Identity
catman_pilot_v1,P086,judgment,C04,j_likeness,6,human,retain,limited,affirm,continuous,standard,4,1,Function,Likeness
catman_pilot_v1,P086,judgment,C04,j_relationship,5,human,retain,limited,affirm,continuous,standard,4,1,Function,Relationship
catman_pilot_v1,P086,judgment,C04,j_obligation,6,human,retain,limited,affirm,continuous,standard,4,1,Function,Obligation
catman_pilot_v1,P086,judgment,C04,j_treatment,5,human,retain,limited,affirm,continuous,standard,4,1,Function,Treatment
catman_pilot_v1,P086,judgment,A09,j_identity,5,human,retain,retain,deny,continuous,anchor,5,1,Self-denial anchor,Identity
catman_pilot_v1,P086,judgment,A09,j_likeness,5,human,retain,retain,deny,continuous,anchor,5,1,Self-denial anchor,Likeness
catman_pilot_v1,P086,judgment,A09,j_relationship,1,human,retain,retain,deny,continuous,anchor,5,1,Self-denial anchor,Relationship
catman_pilot_v1,P086,judgment,A09,j_obligation,1,human,retain,retain,deny,continuous,anchor,5,1,Self-denial anchor,Obligation
catman_pilot_v1,P086,judgment,A09,j_treatment,1,human,retain,retain,deny,continuous,anchor,5,1,Self-denial anchor,Treatment
catman_pilot_v1,P086,judgment,A09,v_epistemic,7,human,retain,retain,deny,continuous,anchor,5,1,Self-denial anchor,Epistemic veto
catman_pilot_v1,P086,judgment,A09,v_normative,1,human,retain,retain,deny,continuous,anchor,5,1,Self-denial anchor,Normative veto
catman_pilot_v1,P086,judgment,A10,j_ab,7,cat,retain,retain,affirm,parallel,anchor,6,1,Parallel anchor,Pre-X = surviving human
catman_pilot_v1,P086,judgment,A10,j_ac,6,cat,retain,retain,affirm,parallel,anchor,6,1,Parallel anchor,Pre-X = generated cat
catman_pilot_v1,P086,judgment,A10,j_bc,5,cat,retain,retain,affirm,parallel,anchor,6,1,Parallel anchor,Surviving human = generated cat
catman_pilot_v1,P086,judgment,A10,j_excl,3,cat,retain,retain,affirm,parallel,anchor,6,1,Parallel anchor,Identity exclusivity
catman_pilot_v1,P086,judgment,A10,j_relationship,7,cat,retain,retain,affirm,parallel,anchor,6,1,Parallel anchor,Relationship
catman_pilot_v1,P086,judgment,A10,j_obligation,7,cat,retain,retain,affirm,parallel,anchor,6,1,Parallel anchor,Obligation
catman_pilot_v1,P086,judgment,A10,j_treatment,7,cat,retain,retain,affirm,parallel,anchor,6,1,Parallel anchor,Treatment
catman_pilot_v1,P086,judgment,C02,j_identity,3,cat,retain,retain,affirm,continuous,standard,7,1,Body,Identity
catman_pilot_v1,P086,judgment,C02,j_likeness,4,cat,retain,retain,affirm,continuous,standard,7,1,Body,Likeness
catman_pilot_v1,P086,judgment,C02,j_relationship,2,cat,retain,retain,affirm,continuous,standard,7,1,Body,Relationship
catman_pilot_v1,P086,judgment,C02,j_obligation,5,cat,retain,retain,affirm,continuous,standard,7,1,Body,Obligation
catman_pilot_v1,P086,judgment,C02,j_treatment,1,cat,retain,retain,affirm,continuous,standard,7,1,Body,Treatment
catman_pilot_v1,P086,judgment,C05,j_identity,3,human,retain,retain,uncertain,continuous,standard,8,1,Self-ID uncertain,Identity
catman_pilot_v1,P086,judgment,C05,j_likeness,5,human,retain,retain,uncertain,continuous,standard,8,1,Self-ID uncertain,Likeness
catman_pilot_v1,P086,judgment,C05,j_relationship,5,human,retain,retain,uncertain,continuous,standard,8,1,Self-ID uncertain,Relationship
catman_pilot_v1,P086,judgment,C05,j_obligation,5,human,retain,retain,uncertain,continuous,standard,8,1,Self-ID uncertain,Obligation
catman_pilot_v1,P086,judgment,C05,j_treatment,5,human,retain,retain,uncertain,continuous,standard,8,1,Self-ID uncertain,Treatment
catman_pilot_v1,P086,judgment,C01,j_identity,3,human,retain,retain,affirm,continuous,standard,9,1,Baseline,Identity
catman_pilot_v1,P086,judgment,C01,j_likeness,6,human,retain,retain,affirm,continuous,standard,9,1,Baseline,Likeness
catman_pilot_v1,P086,judgment,C01,j_relationship,7,human,retain,retain,affirm,continuous,standard,9,1,Baseline,Relationship
catman_pilot_v1,P086,judgment,C01,j_obligation,7,human,retain,retain,affirm,continuous,standard,9,1,Baseline,Obligation
catman_pilot_v1,P086,judgment,C01,j_treatment,7,human,retain,retain,affirm,continuous,standard,9,1,Baseline,Treatment
catman_pilot_v1,P086,judgment,C08,j_identity,2,human,lost,retain,affirm,discontinuous,standard,10,1,Memory + transition,Identity
catman_pilot_v1,P086,judgment,C08,j_likeness,4,human,lost,retain,affirm,discontinuous,standard,10,1,Memory + transition,Likeness
catman_pilot_v1,P086,judgment,C08,j_relationship,1,human,lost,retain,affirm,discontinuous,standard,10,1,Memory + transition,Relationship
catman_pilot_v1,P086,judgment,C08,j_obligation,1,human,lost,retain,affirm,discontinuous,standard,10,1,Memory + transition,Obligation
catman_pilot_v1,P086,judgment,C08,j_treatment,2,human,lost,retain,affirm,discontinuous,standard,10,1,Memory + transition,Treatment
catman_pilot_v1,P063,judgment,C04,j_identity,2,human,retain,limited,affirm,continuous,standard,1,1,Function,Identity
catman_pilot_v1,P063,judgment,C04,j_likeness,6,human,retain,limited,affirm,continuous,standard,1,1,Function,Likeness
catman_pilot_v1,P063,judgment,C04,j_relationship,2,human,retain,limited,affirm,continuous,standard,1,1,Function,Relationship
catman_pilot_v1,P063,judgment,C04,j_obligation,6,human,retain,limited,affirm,continuous,standard,1,1,Function,Obligation
catman_pilot_v1,P063,judgment,C04,j_treatment,6,human,retain,limited,affirm,continuous,standard,1,1,Function,Treatment
catman_pilot_v1,P063,judgment,C01,j_identity,2,human,retain,retain,affirm,continuous,standard,2,1,Baseline,Identity
catman_pilot_v1,P063,judgment,C01,j_likeness,6,human,retain,retain,affirm,continuous,standard,2,1,Baseline,Likeness
catman_pilot_v1,P063,judgment,C01,j_relationship,6,human,retain,retain,affirm,continuous,standard,2,1,Baseline,Relationship
catman_pilot_v1,P063,judgment,C01,j_obligation,6,human,retain,retain,affirm,continuous,standard,2,1,Baseline,Obligation
catman_pilot_v1,P063,judgment,C01,j_treatment,6,human,retain,retain,affirm,continuous,standard,2,1,Baseline,Treatment
catman_pilot_v1,P063,judgment,C03,j_identity,2,human,lost,retain,affirm,continuous,standard,3,1,Memory,Identity
catman_pilot_v1,P063,judgment,C03,j_likeness,2,human,lost,retain,affirm,continuous,standard,3,1,Memory,Likeness
catman_pilot_v1,P063,judgment,C03,j_relationship,2,human,lost,retain,affirm,continuous,standard,3,1,Memory,Relationship
catman_pilot_v1,P063,judgment,C03,j_obligation,2,human,lost,retain,affirm,continuous,standard,3,1,Memory,Obligation
catman_pilot_v1,P063,judgment,C03,j_treatment,2,human,lost,retain,affirm,continuous,standard,3,1,Memory,Treatment
catman_pilot_v1,P063,judgment,C02,j_identity,2,cat,retain,retain,affirm,continuous,standard,4,1,Body,Identity
catman_pilot_v1,P063,judgment,C02,j_likeness,2,cat,retain,retain,affirm,continuous,standard,4,1,Body,Likeness
catman_pilot_v1,P063,judgment,C02,j_relationship,2,cat,retain,retain,affirm,continuous,standard,4,1,Body,Relationship
catman_pilot_v1,P063,judgment,C02,j_obligation,2,cat,retain,retain,affirm,continuous,standard,4,1,Body,Obligation
catman_pilot_v1,P063,judgment,C02,j_treatment,2,cat,retain,retain,affirm,continuous,standard,4,1,Body,Treatment
catman_pilot_v1,P063,judgment,A10,j_ab,2,cat,retain,retain,affirm,parallel,anchor,5,1,Parallel anchor,Pre-X = surviving human
catman_pilot_v1,P063,judgment,A10,j_ac,2,cat,retain,retain,affirm,parallel,anchor,5,1,Parallel anchor,Pre-X = generated cat
catman_pilot_v1,P063,judgment,A10,j_bc,2,cat,retain,retain,affirm,parallel,anchor,5,1,Parallel anchor,Surviving human = generated cat
catman_pilot_v1,P063,judgment,A10,j_excl,2,cat,retain,retain,affirm,parallel,anchor,5,1,Parallel anchor,Identity exclusivity
catman_pilot_v1,P063,judgment,A10,j_relationship,2,cat,retain,retain,affirm,parallel,anchor,5,1,Parallel anchor,Relationship
catman_pilot_v1,P063,judgment,A10,j_obligation,2,cat,retain,retain,affirm,parallel,anchor,5,1,Parallel anchor,Obligation
catman_pilot_v1,P063,judgment,A10,j_treatment,2,cat,retain,retain,affirm,parallel,anchor,5,1,Parallel anchor,Treatment
catman_pilot_v1,P063,judgment,C07,j_identity,2,cat,retain,retain,affirm,discontinuous,standard,6,1,Body + transition,Identity
catman_pilot_v1,P063,judgment,C07,j_likeness,2,cat,retain,retain,affirm,discontinuous,standard,6,1,Body + transition,Likeness
catman_pilot_v1,P063,judgment,C07,j_relationship,2,cat,retain,retain,affirm,discontinuous,standard,6,1,Body + transition,Relationship
catman_pilot_v1,P063,judgment,C07,j_obligation,2,cat,retain,retain,affirm,discontinuous,standard,6,1,Body + transition,Obligation
catman_pilot_v1,P063,judgment,C07,j_treatment,2,cat,retain,retain,affirm,discontinuous,standard,6,1,Body + transition,Treatment
catman_pilot_v1,P063,judgment,C06,j_identity,2,human,retain,retain,affirm,discontinuous,standard,7,1,Transition,Identity
catman_pilot_v1,P063,judgment,C06,j_likeness,6,human,retain,retain,affirm,discontinuous,standard,7,1,Transition,Likeness
catman_pilot_v1,P063,judgment,C06,j_relationship,6,human,retain,retain,affirm,discontinuous,standard,7,1,Transition,Relationship
catman_pilot_v1,P063,judgment,C06,j_obligation,6,human,retain,retain,affirm,discontinuous,standard,7,1,Transition,Obligation
catman_pilot_v1,P063,judgment,C06,j_treatment,6,human,retain,retain,affirm,discontinuous,standard,7,1,Transition,Treatment
catman_pilot_v1,P063,judgment,C05,j_identity,6,human,retain,retain,uncertain,continuous,standard,8,1,Self-ID uncertain,Identity
catman_pilot_v1,P063,judgment,C05,j_likeness,6,human,retain,retain,uncertain,continuous,standard,8,1,Self-ID uncertain,Likeness
catman_pilot_v1,P063,judgment,C05,j_relationship,6,human,retain,retain,uncertain,continuous,standard,8,1,Self-ID uncertain,Relationship
catman_pilot_v1,P063,judgment,C05,j_obligation,2,human,retain,retain,uncertain,continuous,standard,8,1,Self-ID uncertain,Obligation
catman_pilot_v1,P063,judgment,C05,j_treatment,6,human,retain,retain,uncertain,continuous,standard,8,1,Self-ID uncertain,Treatment
catman_pilot_v1,P063,judgment,C08,j_identity,2,human,lost,retain,affirm,discontinuous,standard,9,1,Memory + transition,Identity
catman_pilot_v1,P063,judgment,C08,j_likeness,6,human,lost,retain,affirm,discontinuous,standard,9,1,Memory + transition,Likeness
catman_pilot_v1,P063,judgment,C08,j_relationship,6,human,lost,retain,affirm,discontinuous,standard,9,1,Memory + transition,Relationship
catman_pilot_v1,P063,judgment,C08,j_obligation,2,human,lost,retain,affirm,discontinuous,standard,9,1,Memory + transition,Obligation
catman_pilot_v1,P063,judgment,C08,j_treatment,6,human,lost,retain,affirm,discontinuous,standard,9,1,Memory + transition,Treatment
catman_pilot_v1,P063,judgment,A09,j_identity,2,human,retain,retain,deny,continuous,anchor,10,1,Self-denial anchor,Identity
catman_pilot_v1,P063,judgment,A09,j_likeness,6,human,retain,retain,deny,continuous,anchor,10,1,Self-denial anchor,Likeness
catman_pilot_v1,P063,judgment,A09,j_relationship,2,human,retain,retain,deny,continuous,anchor,10,1,Self-denial anchor,Relationship
catman_pilot_v1,P063,judgment,A09,j_obligation,6,human,retain,retain,deny,continuous,anchor,10,1,Self-denial anchor,Obligation
catman_pilot_v1,P063,judgment,A09,j_treatment,2,human,retain,retain,deny,continuous,anchor,10,1,Self-denial anchor,Treatment
catman_pilot_v1,P063,judgment,A09,v_epistemic,7,human,retain,retain,deny,continuous,anchor,10,1,Self-denial anchor,Epistemic veto
catman_pilot_v1,P063,judgment,A09,v_normative,6,human,retain,retain,deny,continuous,anchor,10,1,Self-denial anchor,Normative veto
catman_pilot_v1,P097,judgment,C01,j_identity,7,human,retain,retain,affirm,continuous,standard,1,1,Baseline,Identity
catman_pilot_v1,P097,judgment,C01,j_likeness,7,human,retain,retain,affirm,continuous,standard,1,1,Baseline,Likeness
catman_pilot_v1,P097,judgment,C01,j_relationship,7,human,retain,retain,affirm,continuous,standard,1,1,Baseline,Relationship
catman_pilot_v1,P097,judgment,C01,j_obligation,7,human,retain,retain,affirm,continuous,standard,1,1,Baseline,Obligation
catman_pilot_v1,P097,judgment,C01,j_treatment,7,human,retain,retain,affirm,continuous,standard,1,1,Baseline,Treatment
catman_pilot_v1,P097,judgment,C02,j_identity,1,cat,retain,retain,affirm,continuous,standard,2,1,Body,Identity
catman_pilot_v1,P097,judgment,C02,j_likeness,2,cat,retain,retain,affirm,continuous,standard,2,1,Body,Likeness
catman_pilot_v1,P097,judgment,C02,j_relationship,2,cat,retain,retain,affirm,continuous,standard,2,1,Body,Relationship
catman_pilot_v1,P097,judgment,C02,j_obligation,2,cat,retain,retain,affirm,continuous,standard,2,1,Body,Obligation
catman_pilot_v1,P097,judgment,C02,j_treatment,1,cat,retain,retain,affirm,continuous,standard,2,1,Body,Treatment
catman_pilot_v1,P097,judgment,C05,j_identity,5,human,retain,retain,uncertain,continuous,standard,3,1,Self-ID uncertain,Identity
catman_pilot_v1,P097,judgment,C05,j_likeness,7,human,retain,retain,uncertain,continuous,standard,3,1,Self-ID uncertain,Likeness
catman_pilot_v1,P097,judgment,C05,j_relationship,7,human,retain,retain,uncertain,continuous,standard,3,1,Self-ID uncertain,Relationship
catman_pilot_v1,P097,judgment,C05,j_obligation,7,human,retain,retain,uncertain,continuous,standard,3,1,Self-ID uncertain,Obligation
catman_pilot_v1,P097,judgment,C05,j_treatment,6,human,retain,retain,uncertain,continuous,standard,3,1,Self-ID uncertain,Treatment
catman_pilot_v1,P097,judgment,C06,j_identity,3,human,retain,retain,affirm,discontinuous,standard,4,1,Transition,Identity
catman_pilot_v1,P097,judgment,C06,j_likeness,7,human,retain,retain,affirm,discontinuous,standard,4,1,Transition,Likeness
catman_pilot_v1,P097,judgment,C06,j_relationship,6,human,retain,retain,affirm,discontinuous,standard,4,1,Transition,Relationship
catman_pilot_v1,P097,judgment,C06,j_obligation,6,human,retain,retain,affirm,discontinuous,standard,4,1,Transition,Obligation
catman_pilot_v1,P097,judgment,C06,j_treatment,5,human,retain,retain,affirm,discontinuous,standard,4,1,Transition,Treatment
catman_pilot_v1,P097,judgment,C03,j_identity,3,human,lost,retain,affirm,continuous,standard,5,1,Memory,Identity
catman_pilot_v1,P097,judgment,C03,j_likeness,4,human,lost,retain,affirm,continuous,standard,5,1,Memory,Likeness
catman_pilot_v1,P097,judgment,C03,j_relationship,3,human,lost,retain,affirm,continuous,standard,5,1,Memory,Relationship
catman_pilot_v1,P097,judgment,C03,j_obligation,4,human,lost,retain,affirm,continuous,standard,5,1,Memory,Obligation
catman_pilot_v1,P097,judgment,C03,j_treatment,3,human,lost,retain,affirm,continuous,standard,5,1,Memory,Treatment
catman_pilot_v1,P097,judgment,C08,j_identity,2,human,lost,retain,affirm,discontinuous,standard,6,1,Memory + transition,Identity
catman_pilot_v1,P097,judgment,C08,j_likeness,4,human,lost,retain,affirm,discontinuous,standard,6,1,Memory + transition,Likeness
catman_pilot_v1,P097,judgment,C08,j_relationship,3,human,lost,retain,affirm,discontinuous,standard,6,1,Memory + transition,Relationship
catman_pilot_v1,P097,judgment,C08,j_obligation,3,human,lost,retain,affirm,discontinuous,standard,6,1,Memory + transition,Obligation
catman_pilot_v1,P097,judgment,C08,j_treatment,3,human,lost,retain,affirm,discontinuous,standard,6,1,Memory + transition,Treatment
catman_pilot_v1,P097,judgment,C07,j_identity,3,cat,retain,retain,affirm,discontinuous,standard,7,1,Body + transition,Identity
catman_pilot_v1,P097,judgment,C07,j_likeness,5,cat,retain,retain,affirm,discontinuous,standard,7,1,Body + transition,Likeness
catman_pilot_v1,P097,judgment,C07,j_relationship,5,cat,retain,retain,affirm,discontinuous,standard,7,1,Body + transition,Relationship
catman_pilot_v1,P097,judgment,C07,j_obligation,5,cat,retain,retain,affirm,discontinuous,standard,7,1,Body + transition,Obligation
catman_pilot_v1,P097,judgment,C07,j_treatment,4,cat,retain,retain,affirm,discontinuous,standard,7,1,Body + transition,Treatment
catman_pilot_v1,P097,judgment,A10,j_ab,7,cat,retain,retain,affirm,parallel,anchor,8,1,Parallel anchor,Pre-X = surviving human
catman_pilot_v1,P097,judgment,A10,j_ac,1,cat,retain,retain,affirm,parallel,anchor,8,1,Parallel anchor,Pre-X = generated cat
catman_pilot_v1,P097,judgment,A10,j_bc,1,cat,retain,retain,affirm,parallel,anchor,8,1,Parallel anchor,Surviving human = generated cat
catman_pilot_v1,P097,judgment,A10,j_excl,7,cat,retain,retain,affirm,parallel,anchor,8,1,Parallel anchor,Identity exclusivity
catman_pilot_v1,P097,judgment,A10,j_relationship,1,cat,retain,retain,affirm,parallel,anchor,8,1,Parallel anchor,Relationship
catman_pilot_v1,P097,judgment,A10,j_obligation,1,cat,retain,retain,affirm,parallel,anchor,8,1,Parallel anchor,Obligation
catman_pilot_v1,P097,judgment,A10,j_treatment,1,cat,retain,retain,affirm,parallel,anchor,8,1,Parallel anchor,Treatment
catman_pilot_v1,P097,judgment,A09,j_identity,6,human,retain,retain,deny,continuous,anchor,9,1,Self-denial anchor,Identity
catman_pilot_v1,P097,judgment,A09,j_likeness,7,human,retain,retain,deny,continuous,anchor,9,1,Self-denial anchor,Likeness
catman_pilot_v1,P097,judgment,A09,j_relationship,7,human,retain,retain,deny,continuous,anchor,9,1,Self-denial anchor,Relationship
catman_pilot_v1,P097,judgment,A09,j_obligation,7,human,retain,retain,deny,continuous,anchor,9,1,Self-denial anchor,Obligation
catman_pilot_v1,P097,judgment,A09,j_treatment,7,human,retain,retain,deny,continuous,anchor,9,1,Self-denial anchor,Treatment
catman_pilot_v1,P097,judgment,A09,v_epistemic,2,human,retain,retain,deny,continuous,anchor,9,1,Self-denial anchor,Epistemic veto
catman_pilot_v1,P097,judgment,A09,v_normative,6,human,retain,retain,deny,continuous,anchor,9,1,Self-denial anchor,Normative veto
catman_pilot_v1,P097,judgment,C04,j_identity,7,human,retain,limited,affirm,continuous,standard,10,1,Function,Identity
catman_pilot_v1,P097,judgment,C04,j_likeness,7,human,retain,limited,affirm,continuous,standard,10,1,Function,Likeness
catman_pilot_v1,P097,judgment,C04,j_relationship,7,human,retain,limited,affirm,continuous,standard,10,1,Function,Relationship
catman_pilot_v1,P097,judgment,C04,j_obligation,7,human,retain,limited,affirm,continuous,standard,10,1,Function,Obligation
catman_pilot_v1,P097,judgment,C04,j_treatment,7,human,retain,limited,affirm,continuous,standard,10,1,Function,Treatment
catman_pilot_v1,P037,judgment,C03,j_identity,1,human,lost,retain,affirm,continuous,standard,1,1,Memory,Identity
catman_pilot_v1,P037,judgment,C03,j_likeness,3,human,lost,retain,affirm,continuous,standard,1,1,Memory,Likeness
catman_pilot_v1,P037,judgment,C03,j_relationship,4,human,lost,retain,affirm,continuous,standard,1,1,Memory,Relationship
catman_pilot_v1,P037,judgment,C03,j_obligation,2,human,lost,retain,affirm,continuous,standard,1,1,Memory,Obligation
catman_pilot_v1,P037,judgment,C03,j_treatment,4,human,lost,retain,affirm,continuous,standard,1,1,Memory,Treatment
catman_pilot_v1,P037,judgment,C06,j_identity,5,human,retain,retain,affirm,discontinuous,standard,2,1,Transition,Identity
catman_pilot_v1,P037,judgment,C06,j_likeness,5,human,retain,retain,affirm,discontinuous,standard,2,1,Transition,Likeness
catman_pilot_v1,P037,judgment,C06,j_relationship,6,human,retain,retain,affirm,discontinuous,standard,2,1,Transition,Relationship
catman_pilot_v1,P037,judgment,C06,j_obligation,6,human,retain,retain,affirm,discontinuous,standard,2,1,Transition,Obligation
catman_pilot_v1,P037,judgment,C06,j_treatment,5,human,retain,retain,affirm,discontinuous,standard,2,1,Transition,Treatment
catman_pilot_v1,P037,judgment,C01,j_identity,5,human,retain,retain,affirm,continuous,standard,3,1,Baseline,Identity
catman_pilot_v1,P037,judgment,C01,j_likeness,6,human,retain,retain,affirm,continuous,standard,3,1,Baseline,Likeness
catman_pilot_v1,P037,judgment,C01,j_relationship,5,human,retain,retain,affirm,continuous,standard,3,1,Baseline,Relationship
catman_pilot_v1,P037,judgment,C01,j_obligation,6,human,retain,retain,affirm,continuous,standard,3,1,Baseline,Obligation
catman_pilot_v1,P037,judgment,C01,j_treatment,5,human,retain,retain,affirm,continuous,standard,3,1,Baseline,Treatment
catman_pilot_v1,P037,judgment,C04,j_identity,5,human,retain,limited,affirm,continuous,standard,4,1,Function,Identity
catman_pilot_v1,P037,judgment,C04,j_likeness,5,human,retain,limited,affirm,continuous,standard,4,1,Function,Likeness
catman_pilot_v1,P037,judgment,C04,j_relationship,4,human,retain,limited,affirm,continuous,standard,4,1,Function,Relationship
catman_pilot_v1,P037,judgment,C04,j_obligation,5,human,retain,limited,affirm,continuous,standard,4,1,Function,Obligation
catman_pilot_v1,P037,judgment,C04,j_treatment,5,human,retain,limited,affirm,continuous,standard,4,1,Function,Treatment
catman_pilot_v1,P037,judgment,C05,j_identity,5,human,retain,retain,uncertain,continuous,standard,5,1,Self-ID uncertain,Identity
catman_pilot_v1,P037,judgment,C05,j_likeness,5,human,retain,retain,uncertain,continuous,standard,5,1,Self-ID uncertain,Likeness
catman_pilot_v1,P037,judgment,C05,j_relationship,5,human,retain,retain,uncertain,continuous,standard,5,1,Self-ID uncertain,Relationship
catman_pilot_v1,P037,judgment,C05,j_obligation,6,human,retain,retain,uncertain,continuous,standard,5,1,Self-ID uncertain,Obligation
catman_pilot_v1,P037,judgment,C05,j_treatment,5,human,retain,retain,uncertain,continuous,standard,5,1,Self-ID uncertain,Treatment
catman_pilot_v1,P037,judgment,A09,j_identity,5,human,retain,retain,deny,continuous,anchor,6,1,Self-denial anchor,Identity
catman_pilot_v1,P037,judgment,A09,j_likeness,4,human,retain,retain,deny,continuous,anchor,6,1,Self-denial anchor,Likeness
catman_pilot_v1,P037,judgment,A09,j_relationship,4,human,retain,retain,deny,continuous,anchor,6,1,Self-denial anchor,Relationship
catman_pilot_v1,P037,judgment,A09,j_obligation,6,human,retain,retain,deny,continuous,anchor,6,1,Self-denial anchor,Obligation
catman_pilot_v1,P037,judgment,A09,j_treatment,5,human,retain,retain,deny,continuous,anchor,6,1,Self-denial anchor,Treatment
catman_pilot_v1,P037,judgment,A09,v_epistemic,4,human,retain,retain,deny,continuous,anchor,6,1,Self-denial anchor,Epistemic veto
catman_pilot_v1,P037,judgment,A09,v_normative,3,human,retain,retain,deny,continuous,anchor,6,1,Self-denial anchor,Normative veto
catman_pilot_v1,P037,judgment,C02,j_identity,4,cat,retain,retain,affirm,continuous,standard,7,1,Body,Identity
catman_pilot_v1,P037,judgment,C02,j_likeness,5,cat,retain,retain,affirm,continuous,standard,7,1,Body,Likeness
catman_pilot_v1,P037,judgment,C02,j_relationship,4,cat,retain,retain,affirm,continuous,standard,7,1,Body,Relationship
catman_pilot_v1,P037,judgment,C02,j_obligation,4,cat,retain,retain,affirm,continuous,standard,7,1,Body,Obligation
catman_pilot_v1,P037,judgment,C02,j_treatment,5,cat,retain,retain,affirm,continuous,standard,7,1,Body,Treatment
catman_pilot_v1,P037,judgment,C07,j_identity,4,cat,retain,retain,affirm,discontinuous,standard,8,1,Body + transition,Identity
catman_pilot_v1,P037,judgment,C07,j_likeness,4,cat,retain,retain,affirm,discontinuous,standard,8,1,Body + transition,Likeness
catman_pilot_v1,P037,judgment,C07,j_relationship,4,cat,retain,retain,affirm,discontinuous,standard,8,1,Body + transition,Relationship
catman_pilot_v1,P037,judgment,C07,j_obligation,5,cat,retain,retain,affirm,discontinuous,standard,8,1,Body + transition,Obligation
catman_pilot_v1,P037,judgment,C07,j_treatment,5,cat,retain,retain,affirm,discontinuous,standard,8,1,Body + transition,Treatment
catman_pilot_v1,P037,judgment,A10,j_ab,6,cat,retain,retain,affirm,parallel,anchor,9,1,Parallel anchor,Pre-X = surviving human
catman_pilot_v1,P037,judgment,A10,j_ac,4,cat,retain,retain,affirm,parallel,anchor,9,1,Parallel anchor,Pre-X = generated cat
catman_pilot_v1,P037,judgment,A10,j_bc,5,cat,retain,retain,affirm,parallel,anchor,9,1,Parallel anchor,Surviving human = generated cat
catman_pilot_v1,P037,judgment,A10,j_excl,4,cat,retain,retain,affirm,parallel,anchor,9,1,Parallel anchor,Identity exclusivity
catman_pilot_v1,P037,judgment,A10,j_relationship,4,cat,retain,retain,affirm,parallel,anchor,9,1,Parallel anchor,Relationship
catman_pilot_v1,P037,judgment,A10,j_obligation,5,cat,retain,retain,affirm,parallel,anchor,9,1,Parallel anchor,Obligation
catman_pilot_v1,P037,judgment,A10,j_treatment,4,cat,retain,retain,affirm,parallel,anchor,9,1,Parallel anchor,Treatment
catman_pilot_v1,P037,judgment,C08,j_identity,2,human,lost,retain,affirm,discontinuous,standard,10,1,Memory + transition,Identity
catman_pilot_v1,P037,judgment,C08,j_likeness,3,human,lost,retain,affirm,discontinuous,standard,10,1,Memory + transition,Likeness
catman_pilot_v1,P037,judgment,C08,j_relationship,4,human,lost,retain,affirm,discontinuous,standard,10,1,Memory + transition,Relationship
catman_pilot_v1,P037,judgment,C08,j_obligation,2,human,lost,retain,affirm,discontinuous,standard,10,1,Memory + transition,Obligation
catman_pilot_v1,P037,judgment,C08,j_treatment,3,human,lost,retain,affirm,discontinuous,standard,10,1,Memory + transition,Treatment
catman_pilot_v1,P017,judgment,C07,j_identity,1,cat,retain,retain,affirm,discontinuous,standard,1,1,Body + transition,Identity
catman_pilot_v1,P017,judgment,C07,j_likeness,4,cat,retain,retain,affirm,discontinuous,standard,1,1,Body + transition,Likeness
catman_pilot_v1,P017,judgment,C07,j_relationship,6,cat,retain,retain,affirm,discontinuous,standard,1,1,Body + transition,Relationship
catman_pilot_v1,P017,judgment,C07,j_obligation,6,cat,retain,retain,affirm,discontinuous,standard,1,1,Body + transition,Obligation
catman_pilot_v1,P017,judgment,C07,j_treatment,4,cat,retain,retain,affirm,discontinuous,standard,1,1,Body + transition,Treatment
catman_pilot_v1,P017,judgment,C06,j_identity,1,human,retain,retain,affirm,discontinuous,standard,2,1,Transition,Identity
catman_pilot_v1,P017,judgment,C06,j_likeness,7,human,retain,retain,affirm,discontinuous,standard,2,1,Transition,Likeness
catman_pilot_v1,P017,judgment,C06,j_relationship,4,human,retain,retain,affirm,discontinuous,standard,2,1,Transition,Relationship
catman_pilot_v1,P017,judgment,C06,j_obligation,4,human,retain,retain,affirm,discontinuous,standard,2,1,Transition,Obligation
catman_pilot_v1,P017,judgment,C06,j_treatment,4,human,retain,retain,affirm,discontinuous,standard,2,1,Transition,Treatment
catman_pilot_v1,P017,judgment,C08,j_identity,4,human,lost,retain,affirm,discontinuous,standard,3,1,Memory + transition,Identity
catman_pilot_v1,P017,judgment,C08,j_likeness,7,human,lost,retain,affirm,discontinuous,standard,3,1,Memory + transition,Likeness
catman_pilot_v1,P017,judgment,C08,j_relationship,4,human,lost,retain,affirm,discontinuous,standard,3,1,Memory + transition,Relationship
catman_pilot_v1,P017,judgment,C08,j_obligation,4,human,lost,retain,affirm,discontinuous,standard,3,1,Memory + transition,Obligation
catman_pilot_v1,P017,judgment,C08,j_treatment,4,human,lost,retain,affirm,discontinuous,standard,3,1,Memory + transition,Treatment
catman_pilot_v1,P017,judgment,C02,j_identity,1,cat,retain,retain,affirm,continuous,standard,4,1,Body,Identity
catman_pilot_v1,P017,judgment,C02,j_likeness,1,cat,retain,retain,affirm,continuous,standard,4,1,Body,Likeness
catman_pilot_v1,P017,judgment,C02,j_relationship,4,cat,retain,retain,affirm,continuous,standard,4,1,Body,Relationship
catman_pilot_v1,P017,judgment,C02,j_obligation,4,cat,retain,retain,affirm,continuous,standard,4,1,Body,Obligation
catman_pilot_v1,P017,judgment,C02,j_treatment,4,cat,retain,retain,affirm,continuous,standard,4,1,Body,Treatment
catman_pilot_v1,P017,judgment,C03,j_identity,4,human,lost,retain,affirm,continuous,standard,5,1,Memory,Identity
catman_pilot_v1,P017,judgment,C03,j_likeness,7,human,lost,retain,affirm,continuous,standard,5,1,Memory,Likeness
catman_pilot_v1,P017,judgment,C03,j_relationship,6,human,lost,retain,affirm,continuous,standard,5,1,Memory,Relationship
catman_pilot_v1,P017,judgment,C03,j_obligation,4,human,lost,retain,affirm,continuous,standard,5,1,Memory,Obligation
catman_pilot_v1,P017,judgment,C03,j_treatment,4,human,lost,retain,affirm,continuous,standard,5,1,Memory,Treatment
catman_pilot_v1,P017,judgment,C01,j_identity,1,human,retain,retain,affirm,continuous,standard,6,1,Baseline,Identity
catman_pilot_v1,P017,judgment,C01,j_likeness,7,human,retain,retain,affirm,continuous,standard,6,1,Baseline,Likeness
catman_pilot_v1,P017,judgment,C01,j_relationship,6,human,retain,retain,affirm,continuous,standard,6,1,Baseline,Relationship
catman_pilot_v1,P017,judgment,C01,j_obligation,4,human,retain,retain,affirm,continuous,standard,6,1,Baseline,Obligation
catman_pilot_v1,P017,judgment,C01,j_treatment,4,human,retain,retain,affirm,continuous,standard,6,1,Baseline,Treatment
catman_pilot_v1,P017,judgment,A10,j_ab,7,cat,retain,retain,affirm,parallel,anchor,7,1,Parallel anchor,Pre-X = surviving human
catman_pilot_v1,P017,judgment,A10,j_ac,1,cat,retain,retain,affirm,parallel,anchor,7,1,Parallel anchor,Pre-X = generated cat
catman_pilot_v1,P017,judgment,A10,j_bc,1,cat,retain,retain,affirm,parallel,anchor,7,1,Parallel anchor,Surviving human = generated cat
catman_pilot_v1,P017,judgment,A10,j_excl,7,cat,retain,retain,affirm,parallel,anchor,7,1,Parallel anchor,Identity exclusivity
catman_pilot_v1,P017,judgment,A10,j_relationship,7,cat,retain,retain,affirm,parallel,anchor,7,1,Parallel anchor,Relationship
catman_pilot_v1,P017,judgment,A10,j_obligation,7,cat,retain,retain,affirm,parallel,anchor,7,1,Parallel anchor,Obligation
catman_pilot_v1,P017,judgment,A10,j_treatment,7,cat,retain,retain,affirm,parallel,anchor,7,1,Parallel anchor,Treatment
catman_pilot_v1,P017,judgment,A09,j_identity,1,human,retain,retain,deny,continuous,anchor,8,1,Self-denial anchor,Identity
catman_pilot_v1,P017,judgment,A09,j_likeness,1,human,retain,retain,deny,continuous,anchor,8,1,Self-denial anchor,Likeness
catman_pilot_v1,P017,judgment,A09,j_relationship,4,human,retain,retain,deny,continuous,anchor,8,1,Self-denial anchor,Relationship
catman_pilot_v1,P017,judgment,A09,j_obligation,4,human,retain,retain,deny,continuous,anchor,8,1,Self-denial anchor,Obligation
catman_pilot_v1,P017,judgment,A09,j_treatment,4,human,retain,retain,deny,continuous,anchor,8,1,Self-denial anchor,Treatment
catman_pilot_v1,P017,judgment,A09,v_epistemic,2,human,retain,retain,deny,continuous,anchor,8,1,Self-denial anchor,Epistemic veto
catman_pilot_v1,P017,judgment,A09,v_normative,4,human,retain,retain,deny,continuous,anchor,8,1,Self-denial anchor,Normative veto
catman_pilot_v1,P017,judgment,C05,j_identity,1,human,retain,retain,uncertain,continuous,standard,9,1,Self-ID uncertain,Identity
catman_pilot_v1,P017,judgment,C05,j_likeness,2,human,retain,retain,uncertain,continuous,standard,9,1,Self-ID uncertain,Likeness
catman_pilot_v1,P017,judgment,C05,j_relationship,4,human,retain,retain,uncertain,continuous,standard,9,1,Self-ID uncertain,Relationship
catman_pilot_v1,P017,judgment,C05,j_obligation,4,human,retain,retain,uncertain,continuous,standard,9,1,Self-ID uncertain,Obligation
catman_pilot_v1,P017,judgment,C05,j_treatment,4,human,retain,retain,uncertain,continuous,standard,9,1,Self-ID uncertain,Treatment
catman_pilot_v1,P017,judgment,C04,j_identity,1,human,retain,limited,affirm,continuous,standard,10,1,Function,Identity
catman_pilot_v1,P017,judgment,C04,j_likeness,6,human,retain,limited,affirm,continuous,standard,10,1,Function,Likeness
catman_pilot_v1,P017,judgment,C04,j_relationship,6,human,retain,limited,affirm,continuous,standard,10,1,Function,Relationship
catman_pilot_v1,P017,judgment,C04,j_obligation,7,human,retain,limited,affirm,continuous,standard,10,1,Function,Obligation
catman_pilot_v1,P017,judgment,C04,j_treatment,6,human,retain,limited,affirm,continuous,standard,10,1,Function,Treatment
catman_pilot_v1,P039,judgment,C05,j_identity,7,human,retain,retain,uncertain,continuous,standard,1,1,Self-ID uncertain,Identity
catman_pilot_v1,P039,judgment,C05,j_likeness,7,human,retain,retain,uncertain,continuous,standard,1,1,Self-ID uncertain,Likeness
catman_pilot_v1,P039,judgment,C05,j_relationship,6,human,retain,retain,uncertain,continuous,standard,1,1,Self-ID uncertain,Relationship
catman_pilot_v1,P039,judgment,C05,j_obligation,5,human,retain,retain,uncertain,continuous,standard,1,1,Self-ID uncertain,Obligation
catman_pilot_v1,P039,judgment,C05,j_treatment,6,human,retain,retain,uncertain,continuous,standard,1,1,Self-ID uncertain,Treatment
catman_pilot_v1,P039,judgment,C08,j_identity,2,human,lost,retain,affirm,discontinuous,standard,2,1,Memory + transition,Identity
catman_pilot_v1,P039,judgment,C08,j_likeness,1,human,lost,retain,affirm,discontinuous,standard,2,1,Memory + transition,Likeness
catman_pilot_v1,P039,judgment,C08,j_relationship,1,human,lost,retain,affirm,discontinuous,standard,2,1,Memory + transition,Relationship
catman_pilot_v1,P039,judgment,C08,j_obligation,1,human,lost,retain,affirm,discontinuous,standard,2,1,Memory + transition,Obligation
catman_pilot_v1,P039,judgment,C08,j_treatment,2,human,lost,retain,affirm,discontinuous,standard,2,1,Memory + transition,Treatment
catman_pilot_v1,P039,judgment,C04,j_identity,3,human,retain,limited,affirm,continuous,standard,3,1,Function,Identity
catman_pilot_v1,P039,judgment,C04,j_likeness,6,human,retain,limited,affirm,continuous,standard,3,1,Function,Likeness
catman_pilot_v1,P039,judgment,C04,j_relationship,7,human,retain,limited,affirm,continuous,standard,3,1,Function,Relationship
catman_pilot_v1,P039,judgment,C04,j_obligation,4,human,retain,limited,affirm,continuous,standard,3,1,Function,Obligation
catman_pilot_v1,P039,judgment,C04,j_treatment,7,human,retain,limited,affirm,continuous,standard,3,1,Function,Treatment
catman_pilot_v1,P039,judgment,C03,j_identity,1,human,lost,retain,affirm,continuous,standard,4,1,Memory,Identity
catman_pilot_v1,P039,judgment,C03,j_likeness,2,human,lost,retain,affirm,continuous,standard,4,1,Memory,Likeness
catman_pilot_v1,P039,judgment,C03,j_relationship,1,human,lost,retain,affirm,continuous,standard,4,1,Memory,Relationship
catman_pilot_v1,P039,judgment,C03,j_obligation,1,human,lost,retain,affirm,continuous,standard,4,1,Memory,Obligation
catman_pilot_v1,P039,judgment,C03,j_treatment,3,human,lost,retain,affirm,continuous,standard,4,1,Memory,Treatment
catman_pilot_v1,P039,judgment,C07,j_identity,1,cat,retain,retain,affirm,discontinuous,standard,5,1,Body + transition,Identity
catman_pilot_v1,P039,judgment,C07,j_likeness,3,cat,retain,retain,affirm,discontinuous,standard,5,1,Body + transition,Likeness
catman_pilot_v1,P039,judgment,C07,j_relationship,2,cat,retain,retain,affirm,discontinuous,standard,5,1,Body + transition,Relationship
catman_pilot_v1,P039,judgment,C07,j_obligation,1,cat,retain,retain,affirm,discontinuous,standard,5,1,Body + transition,Obligation
catman_pilot_v1,P039,judgment,C07,j_treatment,2,cat,retain,retain,affirm,discontinuous,standard,5,1,Body + transition,Treatment
catman_pilot_v1,P039,judgment,C02,j_identity,3,cat,retain,retain,affirm,continuous,standard,6,1,Body,Identity
catman_pilot_v1,P039,judgment,C02,j_likeness,5,cat,retain,retain,affirm,continuous,standard,6,1,Body,Likeness
catman_pilot_v1,P039,judgment,C02,j_relationship,2,cat,retain,retain,affirm,continuous,standard,6,1,Body,Relationship
catman_pilot_v1,P039,judgment,C02,j_obligation,1,cat,retain,retain,affirm,continuous,standard,6,1,Body,Obligation
catman_pilot_v1,P039,judgment,C02,j_treatment,3,cat,retain,retain,affirm,continuous,standard,6,1,Body,Treatment
catman_pilot_v1,P039,judgment,A10,j_ab,1,cat,retain,retain,affirm,parallel,anchor,7,1,Parallel anchor,Pre-X = surviving human
catman_pilot_v1,P039,judgment,A10,j_ac,1,cat,retain,retain,affirm,parallel,anchor,7,1,Parallel anchor,Pre-X = generated cat
catman_pilot_v1,P039,judgment,A10,j_bc,1,cat,retain,retain,affirm,parallel,anchor,7,1,Parallel anchor,Surviving human = generated cat
catman_pilot_v1,P039,judgment,A10,j_excl,7,cat,retain,retain,affirm,parallel,anchor,7,1,Parallel anchor,Identity exclusivity
catman_pilot_v1,P039,judgment,A10,j_relationship,3,cat,retain,retain,affirm,parallel,anchor,7,1,Parallel anchor,Relationship
catman_pilot_v1,P039,judgment,A10,j_obligation,1,cat,retain,retain,affirm,parallel,anchor,7,1,Parallel anchor,Obligation
catman_pilot_v1,P039,judgment,A10,j_treatment,2,cat,retain,retain,affirm,parallel,anchor,7,1,Parallel anchor,Treatment
catman_pilot_v1,P039,judgment,C01,j_identity,6,human,retain,retain,affirm,continuous,standard,8,1,Baseline,Identity
catman_pilot_v1,P039,judgment,C01,j_likeness,7,human,retain,retain,affirm,continuous,standard,8,1,Baseline,Likeness
catman_pilot_v1,P039,judgment,C01,j_relationship,7,human,retain,retain,affirm,continuous,standard,8,1,Baseline,Relationship
catman_pilot_v1,P039,judgment,C01,j_obligation,7,human,retain,retain,affirm,continuous,standard,8,1,Baseline,Obligation
catman_pilot_v1,P039,judgment,C01,j_treatment,7,human,retain,retain,affirm,continuous,standard,8,1,Baseline,Treatment
catman_pilot_v1,P039,judgment,C06,j_identity,6,human,retain,retain,affirm,discontinuous,standard,9,1,Transition,Identity
catman_pilot_v1,P039,judgment,C06,j_likeness,7,human,retain,retain,affirm,discontinuous,standard,9,1,Transition,Likeness
catman_pilot_v1,P039,judgment,C06,j_relationship,6,human,retain,retain,affirm,discontinuous,standard,9,1,Transition,Relationship
catman_pilot_v1,P039,judgment,C06,j_obligation,6,human,retain,retain,affirm,discontinuous,standard,9,1,Transition,Obligation
catman_pilot_v1,P039,judgment,C06,j_treatment,6,human,retain,retain,affirm,discontinuous,standard,9,1,Transition,Treatment
catman_pilot_v1,P039,judgment,A09,j_identity,5,human,retain,retain,deny,continuous,anchor,10,1,Self-denial anchor,Identity
catman_pilot_v1,P039,judgment,A09,j_likeness,6,human,retain,retain,deny,continuous,anchor,10,1,Self-denial anchor,Likeness
catman_pilot_v1,P039,judgment,A09,j_relationship,4,human,retain,retain,deny,continuous,anchor,10,1,Self-denial anchor,Relationship
catman_pilot_v1,P039,judgment,A09,j_obligation,4,human,retain,retain,deny,continuous,anchor,10,1,Self-denial anchor,Obligation
catman_pilot_v1,P039,judgment,A09,j_treatment,2,human,retain,retain,deny,continuous,anchor,10,1,Self-denial anchor,Treatment
catman_pilot_v1,P039,judgment,A09,v_epistemic,4,human,retain,retain,deny,continuous,anchor,10,1,Self-denial anchor,Epistemic veto
catman_pilot_v1,P039,judgment,A09,v_normative,6,human,retain,retain,deny,continuous,anchor,10,1,Self-denial anchor,Normative veto
catman_pilot_v1,P032,judgment,C04,j_identity,4,human,retain,limited,affirm,continuous,standard,1,1,Function,Identity
catman_pilot_v1,P032,judgment,C04,j_likeness,5,human,retain,limited,affirm,continuous,standard,1,1,Function,Likeness
catman_pilot_v1,P032,judgment,C04,j_relationship,5,human,retain,limited,affirm,continuous,standard,1,1,Function,Relationship
catman_pilot_v1,P032,judgment,C04,j_obligation,7,human,retain,limited,affirm,continuous,standard,1,1,Function,Obligation
catman_pilot_v1,P032,judgment,C04,j_treatment,7,human,retain,limited,affirm,continuous,standard,1,1,Function,Treatment
catman_pilot_v1,P032,judgment,C03,j_identity,3,human,lost,retain,affirm,continuous,standard,2,1,Memory,Identity
catman_pilot_v1,P032,judgment,C03,j_likeness,3,human,lost,retain,affirm,continuous,standard,2,1,Memory,Likeness
catman_pilot_v1,P032,judgment,C03,j_relationship,4,human,lost,retain,affirm,continuous,standard,2,1,Memory,Relationship
catman_pilot_v1,P032,judgment,C03,j_obligation,3,human,lost,retain,affirm,continuous,standard,2,1,Memory,Obligation
catman_pilot_v1,P032,judgment,C03,j_treatment,4,human,lost,retain,affirm,continuous,standard,2,1,Memory,Treatment
catman_pilot_v1,P032,judgment,C01,j_identity,4,human,retain,retain,affirm,continuous,standard,3,1,Baseline,Identity
catman_pilot_v1,P032,judgment,C01,j_likeness,4,human,retain,retain,affirm,continuous,standard,3,1,Baseline,Likeness
catman_pilot_v1,P032,judgment,C01,j_relationship,4,human,retain,retain,affirm,continuous,standard,3,1,Baseline,Relationship
catman_pilot_v1,P032,judgment,C01,j_obligation,4,human,retain,retain,affirm,continuous,standard,3,1,Baseline,Obligation
catman_pilot_v1,P032,judgment,C01,j_treatment,4,human,retain,retain,affirm,continuous,standard,3,1,Baseline,Treatment
catman_pilot_v1,P032,judgment,C08,j_identity,4,human,lost,retain,affirm,discontinuous,standard,4,1,Memory + transition,Identity
catman_pilot_v1,P032,judgment,C08,j_likeness,4,human,lost,retain,affirm,discontinuous,standard,4,1,Memory + transition,Likeness
catman_pilot_v1,P032,judgment,C08,j_relationship,4,human,lost,retain,affirm,discontinuous,standard,4,1,Memory + transition,Relationship
catman_pilot_v1,P032,judgment,C08,j_obligation,4,human,lost,retain,affirm,discontinuous,standard,4,1,Memory + transition,Obligation
catman_pilot_v1,P032,judgment,C08,j_treatment,4,human,lost,retain,affirm,discontinuous,standard,4,1,Memory + transition,Treatment
catman_pilot_v1,P032,judgment,C07,j_identity,4,cat,retain,retain,affirm,discontinuous,standard,5,1,Body + transition,Identity
catman_pilot_v1,P032,judgment,C07,j_likeness,6,cat,retain,retain,affirm,discontinuous,standard,5,1,Body + transition,Likeness
catman_pilot_v1,P032,judgment,C07,j_relationship,7,cat,retain,retain,affirm,discontinuous,standard,5,1,Body + transition,Relationship
catman_pilot_v1,P032,judgment,C07,j_obligation,7,cat,retain,retain,affirm,discontinuous,standard,5,1,Body + transition,Obligation
catman_pilot_v1,P032,judgment,C07,j_treatment,7,cat,retain,retain,affirm,discontinuous,standard,5,1,Body + transition,Treatment
catman_pilot_v1,P032,judgment,A10,j_ab,4,cat,retain,retain,affirm,parallel,anchor,6,1,Parallel anchor,Pre-X = surviving human
catman_pilot_v1,P032,judgment,A10,j_ac,3,cat,retain,retain,affirm,parallel,anchor,6,1,Parallel anchor,Pre-X = generated cat
catman_pilot_v1,P032,judgment,A10,j_bc,4,cat,retain,retain,affirm,parallel,anchor,6,1,Parallel anchor,Surviving human = generated cat
catman_pilot_v1,P032,judgment,A10,j_excl,4,cat,retain,retain,affirm,parallel,anchor,6,1,Parallel anchor,Identity exclusivity
catman_pilot_v1,P032,judgment,A10,j_relationship,7,cat,retain,retain,affirm,parallel,anchor,6,1,Parallel anchor,Relationship
catman_pilot_v1,P032,judgment,A10,j_obligation,7,cat,retain,retain,affirm,parallel,anchor,6,1,Parallel anchor,Obligation
catman_pilot_v1,P032,judgment,A10,j_treatment,7,cat,retain,retain,affirm,parallel,anchor,6,1,Parallel anchor,Treatment
catman_pilot_v1,P032,judgment,A09,j_identity,1,human,retain,retain,deny,continuous,anchor,7,1,Self-denial anchor,Identity
catman_pilot_v1,P032,judgment,A09,j_likeness,1,human,retain,retain,deny,continuous,anchor,7,1,Self-denial anchor,Likeness
catman_pilot_v1,P032,judgment,A09,j_relationship,3,human,retain,retain,deny,continuous,anchor,7,1,Self-denial anchor,Relationship
catman_pilot_v1,P032,judgment,A09,j_obligation,1,human,retain,retain,deny,continuous,anchor,7,1,Self-denial anchor,Obligation
catman_pilot_v1,P032,judgment,A09,j_treatment,2,human,retain,retain,deny,continuous,anchor,7,1,Self-denial anchor,Treatment
catman_pilot_v1,P032,judgment,A09,v_epistemic,6,human,retain,retain,deny,continuous,anchor,7,1,Self-denial anchor,Epistemic veto
catman_pilot_v1,P032,judgment,A09,v_normative,4,human,retain,retain,deny,continuous,anchor,7,1,Self-denial anchor,Normative veto
catman_pilot_v1,P032,judgment,C02,j_identity,5,cat,retain,retain,affirm,continuous,standard,8,1,Body,Identity
catman_pilot_v1,P032,judgment,C02,j_likeness,6,cat,retain,retain,affirm,continuous,standard,8,1,Body,Likeness
catman_pilot_v1,P032,judgment,C02,j_relationship,7,cat,retain,retain,affirm,continuous,standard,8,1,Body,Relationship
catman_pilot_v1,P032,judgment,C02,j_obligation,7,cat,retain,retain,affirm,continuous,standard,8,1,Body,Obligation
catman_pilot_v1,P032,judgment,C02,j_treatment,7,cat,retain,retain,affirm,continuous,standard,8,1,Body,Treatment
catman_pilot_v1,P032,judgment,C06,j_identity,5,human,retain,retain,affirm,discontinuous,standard,9,1,Transition,Identity
catman_pilot_v1,P032,judgment,C06,j_likeness,5,human,retain,retain,affirm,discontinuous,standard,9,1,Transition,Likeness
catman_pilot_v1,P032,judgment,C06,j_relationship,5,human,retain,retain,affirm,discontinuous,standard,9,1,Transition,Relationship
catman_pilot_v1,P032,judgment,C06,j_obligation,7,human,retain,retain,affirm,discontinuous,standard,9,1,Transition,Obligation
catman_pilot_v1,P032,judgment,C06,j_treatment,5,human,retain,retain,affirm,discontinuous,standard,9,1,Transition,Treatment
catman_pilot_v1,P032,judgment,C05,j_identity,4,human,retain,retain,uncertain,continuous,standard,10,1,Self-ID uncertain,Identity
catman_pilot_v1,P032,judgment,C05,j_likeness,4,human,retain,retain,uncertain,continuous,standard,10,1,Self-ID uncertain,Likeness
catman_pilot_v1,P032,judgment,C05,j_relationship,4,human,retain,retain,uncertain,continuous,standard,10,1,Self-ID uncertain,Relationship
catman_pilot_v1,P032,judgment,C05,j_obligation,4,human,retain,retain,uncertain,continuous,standard,10,1,Self-ID uncertain,Obligation
catman_pilot_v1,P032,judgment,C05,j_treatment,4,human,retain,retain,uncertain,continuous,standard,10,1,Self-ID uncertain,Treatment
catman_pilot_v1,P058,judgment,C03,j_identity,4,human,lost,retain,affirm,continuous,standard,1,1,Memory,Identity
catman_pilot_v1,P058,judgment,C03,j_likeness,5,human,lost,retain,affirm,continuous,standard,1,1,Memory,Likeness
catman_pilot_v1,P058,judgment,C03,j_relationship,3,human,lost,retain,affirm,continuous,standard,1,1,Memory,Relationship
catman_pilot_v1,P058,judgment,C03,j_obligation,2,human,lost,retain,affirm,continuous,standard,1,1,Memory,Obligation
catman_pilot_v1,P058,judgment,C03,j_treatment,4,human,lost,retain,affirm,continuous,standard,1,1,Memory,Treatment
catman_pilot_v1,P058,judgment,C04,j_identity,3,human,retain,limited,affirm,continuous,standard,2,1,Function,Identity
catman_pilot_v1,P058,judgment,C04,j_likeness,5,human,retain,limited,affirm,continuous,standard,2,1,Function,Likeness
catman_pilot_v1,P058,judgment,C04,j_relationship,4,human,retain,limited,affirm,continuous,standard,2,1,Function,Relationship
catman_pilot_v1,P058,judgment,C04,j_obligation,2,human,retain,limited,affirm,continuous,standard,2,1,Function,Obligation
catman_pilot_v1,P058,judgment,C04,j_treatment,4,human,retain,limited,affirm,continuous,standard,2,1,Function,Treatment
catman_pilot_v1,P058,judgment,C08,j_identity,3,human,lost,retain,affirm,discontinuous,standard,3,1,Memory + transition,Identity
catman_pilot_v1,P058,judgment,C08,j_likeness,3,human,lost,retain,affirm,discontinuous,standard,3,1,Memory + transition,Likeness
catman_pilot_v1,P058,judgment,C08,j_relationship,3,human,lost,retain,affirm,discontinuous,standard,3,1,Memory + transition,Relationship
catman_pilot_v1,P058,judgment,C08,j_obligation,4,human,lost,retain,affirm,discontinuous,standard,3,1,Memory + transition,Obligation
catman_pilot_v1,P058,judgment,C08,j_treatment,4,human,lost,retain,affirm,discontinuous,standard,3,1,Memory + transition,Treatment
catman_pilot_v1,P058,judgment,C07,j_identity,3,cat,retain,retain,affirm,discontinuous,standard,4,1,Body + transition,Identity
catman_pilot_v1,P058,judgment,C07,j_likeness,3,cat,retain,retain,affirm,discontinuous,standard,4,1,Body + transition,Likeness
catman_pilot_v1,P058,judgment,C07,j_relationship,4,cat,retain,retain,affirm,discontinuous,standard,4,1,Body + transition,Relationship
catman_pilot_v1,P058,judgment,C07,j_obligation,2,cat,retain,retain,affirm,discontinuous,standard,4,1,Body + transition,Obligation
catman_pilot_v1,P058,judgment,C07,j_treatment,2,cat,retain,retain,affirm,discontinuous,standard,4,1,Body + transition,Treatment
catman_pilot_v1,P058,judgment,C01,j_identity,5,human,retain,retain,affirm,continuous,standard,5,1,Baseline,Identity
catman_pilot_v1,P058,judgment,C01,j_likeness,5,human,retain,retain,affirm,continuous,standard,5,1,Baseline,Likeness
catman_pilot_v1,P058,judgment,C01,j_relationship,5,human,retain,retain,affirm,continuous,standard,5,1,Baseline,Relationship
catman_pilot_v1,P058,judgment,C01,j_obligation,5,human,retain,retain,affirm,continuous,standard,5,1,Baseline,Obligation
catman_pilot_v1,P058,judgment,C01,j_treatment,4,human,retain,retain,affirm,continuous,standard,5,1,Baseline,Treatment
catman_pilot_v1,P058,judgment,C06,j_identity,4,human,retain,retain,affirm,discontinuous,standard,6,1,Transition,Identity
catman_pilot_v1,P058,judgment,C06,j_likeness,4,human,retain,retain,affirm,discontinuous,standard,6,1,Transition,Likeness
catman_pilot_v1,P058,judgment,C06,j_relationship,3,human,retain,retain,affirm,discontinuous,standard,6,1,Transition,Relationship
catman_pilot_v1,P058,judgment,C06,j_obligation,3,human,retain,retain,affirm,discontinuous,standard,6,1,Transition,Obligation
catman_pilot_v1,P058,judgment,C06,j_treatment,4,human,retain,retain,affirm,discontinuous,standard,6,1,Transition,Treatment
catman_pilot_v1,P058,judgment,A09,j_identity,3,human,retain,retain,deny,continuous,anchor,7,1,Self-denial anchor,Identity
catman_pilot_v1,P058,judgment,A09,j_likeness,5,human,retain,retain,deny,continuous,anchor,7,1,Self-denial anchor,Likeness
catman_pilot_v1,P058,judgment,A09,j_relationship,3,human,retain,retain,deny,continuous,anchor,7,1,Self-denial anchor,Relationship
catman_pilot_v1,P058,judgment,A09,j_obligation,2,human,retain,retain,deny,continuous,anchor,7,1,Self-denial anchor,Obligation
catman_pilot_v1,P058,judgment,A09,j_treatment,2,human,retain,retain,deny,continuous,anchor,7,1,Self-denial anchor,Treatment
catman_pilot_v1,P058,judgment,A09,v_epistemic,6,human,retain,retain,deny,continuous,anchor,7,1,Self-denial anchor,Epistemic veto
catman_pilot_v1,P058,judgment,A09,v_normative,5,human,retain,retain,deny,continuous,anchor,7,1,Self-denial anchor,Normative veto
catman_pilot_v1,P058,judgment,C05,j_identity,4,human,retain,retain,uncertain,continuous,standard,8,1,Self-ID uncertain,Identity
catman_pilot_v1,P058,judgment,C05,j_likeness,5,human,retain,retain,uncertain,continuous,standard,8,1,Self-ID uncertain,Likeness
catman_pilot_v1,P058,judgment,C05,j_relationship,4,human,retain,retain,uncertain,continuous,standard,8,1,Self-ID uncertain,Relationship
catman_pilot_v1,P058,judgment,C05,j_obligation,3,human,retain,retain,uncertain,continuous,standard,8,1,Self-ID uncertain,Obligation
catman_pilot_v1,P058,judgment,C05,j_treatment,3,human,retain,retain,uncertain,continuous,standard,8,1,Self-ID uncertain,Treatment
catman_pilot_v1,P058,judgment,C02,j_identity,2,cat,retain,retain,affirm,continuous,standard,9,1,Body,Identity
catman_pilot_v1,P058,judgment,C02,j_likeness,3,cat,retain,retain,affirm,continuous,standard,9,1,Body,Likeness
catman_pilot_v1,P058,judgment,C02,j_relationship,4,cat,retain,retain,affirm,continuous,standard,9,1,Body,Relationship
catman_pilot_v1,P058,judgment,C02,j_obligation,4,cat,retain,retain,affirm,continuous,standard,9,1,Body,Obligation
catman_pilot_v1,P058,judgment,C02,j_treatment,3,cat,retain,retain,affirm,continuous,standard,9,1,Body,Treatment
catman_pilot_v1,P058,judgment,A10,j_ab,2,cat,retain,retain,affirm,parallel,anchor,10,1,Parallel anchor,Pre-X = surviving human
catman_pilot_v1,P058,judgment,A10,j_ac,3,cat,retain,retain,affirm,parallel,anchor,10,1,Parallel anchor,Pre-X = generated cat
catman_pilot_v1,P058,judgment,A10,j_bc,3,cat,retain,retain,affirm,parallel,anchor,10,1,Parallel anchor,Surviving human = generated cat
catman_pilot_v1,P058,judgment,A10,j_excl,5,cat,retain,retain,affirm,parallel,anchor,10,1,Parallel anchor,Identity exclusivity
catman_pilot_v1,P058,judgment,A10,j_relationship,3,cat,retain,retain,affirm,parallel,anchor,10,1,Parallel anchor,Relationship
catman_pilot_v1,P058,judgment,A10,j_obligation,2,cat,retain,retain,affirm,parallel,anchor,10,1,Parallel anchor,Obligation
catman_pilot_v1,P058,judgment,A10,j_treatment,2,cat,retain,retain,affirm,parallel,anchor,10,1,Parallel anchor,Treatment
catman_pilot_v1,P083,judgment,C01,j_identity,5,human,retain,retain,affirm,continuous,standard,1,1,Baseline,Identity
catman_pilot_v1,P083,judgment,C01,j_likeness,5,human,retain,retain,affirm,continuous,standard,1,1,Baseline,Likeness
catman_pilot_v1,P083,judgment,C01,j_relationship,5,human,retain,retain,affirm,continuous,standard,1,1,Baseline,Relationship
catman_pilot_v1,P083,judgment,C01,j_obligation,6,human,retain,retain,affirm,continuous,standard,1,1,Baseline,Obligation
catman_pilot_v1,P083,judgment,C01,j_treatment,6,human,retain,retain,affirm,continuous,standard,1,1,Baseline,Treatment
catman_pilot_v1,P083,judgment,C05,j_identity,5,human,retain,retain,uncertain,continuous,standard,2,1,Self-ID uncertain,Identity
catman_pilot_v1,P083,judgment,C05,j_likeness,5,human,retain,retain,uncertain,continuous,standard,2,1,Self-ID uncertain,Likeness
catman_pilot_v1,P083,judgment,C05,j_relationship,5,human,retain,retain,uncertain,continuous,standard,2,1,Self-ID uncertain,Relationship
catman_pilot_v1,P083,judgment,C05,j_obligation,5,human,retain,retain,uncertain,continuous,standard,2,1,Self-ID uncertain,Obligation
catman_pilot_v1,P083,judgment,C05,j_treatment,5,human,retain,retain,uncertain,continuous,standard,2,1,Self-ID uncertain,Treatment
catman_pilot_v1,P083,judgment,C03,j_identity,5,human,lost,retain,affirm,continuous,standard,3,1,Memory,Identity
catman_pilot_v1,P083,judgment,C03,j_likeness,5,human,lost,retain,affirm,continuous,standard,3,1,Memory,Likeness
catman_pilot_v1,P083,judgment,C03,j_relationship,4,human,lost,retain,affirm,continuous,standard,3,1,Memory,Relationship
catman_pilot_v1,P083,judgment,C03,j_obligation,4,human,lost,retain,affirm,continuous,standard,3,1,Memory,Obligation
catman_pilot_v1,P083,judgment,C03,j_treatment,6,human,lost,retain,affirm,continuous,standard,3,1,Memory,Treatment
catman_pilot_v1,P083,judgment,C02,j_identity,3,cat,retain,retain,affirm,continuous,standard,4,1,Body,Identity
catman_pilot_v1,P083,judgment,C02,j_likeness,4,cat,retain,retain,affirm,continuous,standard,4,1,Body,Likeness
catman_pilot_v1,P083,judgment,C02,j_relationship,5,cat,retain,retain,affirm,continuous,standard,4,1,Body,Relationship
catman_pilot_v1,P083,judgment,C02,j_obligation,5,cat,retain,retain,affirm,continuous,standard,4,1,Body,Obligation
catman_pilot_v1,P083,judgment,C02,j_treatment,4,cat,retain,retain,affirm,continuous,standard,4,1,Body,Treatment
catman_pilot_v1,P083,judgment,C04,j_identity,5,human,retain,limited,affirm,continuous,standard,5,1,Function,Identity
catman_pilot_v1,P083,judgment,C04,j_likeness,5,human,retain,limited,affirm,continuous,standard,5,1,Function,Likeness
catman_pilot_v1,P083,judgment,C04,j_relationship,5,human,retain,limited,affirm,continuous,standard,5,1,Function,Relationship
catman_pilot_v1,P083,judgment,C04,j_obligation,4,human,retain,limited,affirm,continuous,standard,5,1,Function,Obligation
catman_pilot_v1,P083,judgment,C04,j_treatment,5,human,retain,limited,affirm,continuous,standard,5,1,Function,Treatment
catman_pilot_v1,P083,judgment,C06,j_identity,3,human,retain,retain,affirm,discontinuous,standard,6,1,Transition,Identity
catman_pilot_v1,P083,judgment,C06,j_likeness,5,human,retain,retain,affirm,discontinuous,standard,6,1,Transition,Likeness
catman_pilot_v1,P083,judgment,C06,j_relationship,4,human,retain,retain,affirm,discontinuous,standard,6,1,Transition,Relationship
catman_pilot_v1,P083,judgment,C06,j_obligation,5,human,retain,retain,affirm,discontinuous,standard,6,1,Transition,Obligation
catman_pilot_v1,P083,judgment,C06,j_treatment,4,human,retain,retain,affirm,discontinuous,standard,6,1,Transition,Treatment
catman_pilot_v1,P083,judgment,A10,j_ab,6,cat,retain,retain,affirm,parallel,anchor,7,1,Parallel anchor,Pre-X = surviving human
catman_pilot_v1,P083,judgment,A10,j_ac,3,cat,retain,retain,affirm,parallel,anchor,7,1,Parallel anchor,Pre-X = generated cat
catman_pilot_v1,P083,judgment,A10,j_bc,3,cat,retain,retain,affirm,parallel,anchor,7,1,Parallel anchor,Surviving human = generated cat
catman_pilot_v1,P083,judgment,A10,j_excl,5,cat,retain,retain,affirm,parallel,anchor,7,1,Parallel anchor,Identity exclusivity
catman_pilot_v1,P083,judgment,A10,j_relationship,6,cat,retain,retain,affirm,parallel,anchor,7,1,Parallel anchor,Relationship
catman_pilot_v1,P083,judgment,A10,j_obligation,6,cat,retain,retain,affirm,parallel,anchor,7,1,Parallel anchor,Obligation
catman_pilot_v1,P083,judgment,A10,j_treatment,6,cat,retain,retain,affirm,parallel,anchor,7,1,Parallel anchor,Treatment
catman_pilot_v1,P083,judgment,C07,j_identity,3,cat,retain,retain,affirm,discontinuous,standard,8,1,Body + transition,Identity
catman_pilot_v1,P083,judgment,C07,j_likeness,3,cat,retain,retain,affirm,discontinuous,standard,8,1,Body + transition,Likeness
catman_pilot_v1,P083,judgment,C07,j_relationship,4,cat,retain,retain,affirm,discontinuous,standard,8,1,Body + transition,Relationship
catman_pilot_v1,P083,judgment,C07,j_obligation,4,cat,retain,retain,affirm,discontinuous,standard,8,1,Body + transition,Obligation
catman_pilot_v1,P083,judgment,C07,j_treatment,4,cat,retain,retain,affirm,discontinuous,standard,8,1,Body + transition,Treatment
catman_pilot_v1,P083,judgment,A09,j_identity,4,human,retain,retain,deny,continuous,anchor,9,1,Self-denial anchor,Identity
catman_pilot_v1,P083,judgment,A09,j_likeness,5,human,retain,retain,deny,continuous,anchor,9,1,Self-denial anchor,Likeness
catman_pilot_v1,P083,judgment,A09,j_relationship,4,human,retain,retain,deny,continuous,anchor,9,1,Self-denial anchor,Relationship
catman_pilot_v1,P083,judgment,A09,j_obligation,4,human,retain,retain,deny,continuous,anchor,9,1,Self-denial anchor,Obligation
catman_pilot_v1,P083,judgment,A09,j_treatment,4,human,retain,retain,deny,continuous,anchor,9,1,Self-denial anchor,Treatment
catman_pilot_v1,P083,judgment,A09,v_epistemic,3,human,retain,retain,deny,continuous,anchor,9,1,Self-denial anchor,Epistemic veto
catman_pilot_v1,P083,judgment,A09,v_normative,4,human,retain,retain,deny,continuous,anchor,9,1,Self-denial anchor,Normative veto
catman_pilot_v1,P083,judgment,C08,j_identity,4,human,lost,retain,affirm,discontinuous,standard,10,1,Memory + transition,Identity
catman_pilot_v1,P083,judgment,C08,j_likeness,5,human,lost,retain,affirm,discontinuous,standard,10,1,Memory + transition,Likeness
catman_pilot_v1,P083,judgment,C08,j_relationship,4,human,lost,retain,affirm,discontinuous,standard,10,1,Memory + transition,Relationship
catman_pilot_v1,P083,judgment,C08,j_obligation,4,human,lost,retain,affirm,discontinuous,standard,10,1,Memory + transition,Obligation
catman_pilot_v1,P083,judgment,C08,j_treatment,4,human,lost,retain,affirm,discontinuous,standard,10,1,Memory + transition,Treatment
catman_pilot_v1,P071,judgment,C04,j_identity,7,human,retain,limited,affirm,continuous,standard,1,1,Function,Identity
catman_pilot_v1,P071,judgment,C04,j_likeness,6,human,retain,limited,affirm,continuous,standard,1,1,Function,Likeness
catman_pilot_v1,P071,judgment,C04,j_relationship,7,human,retain,limited,affirm,continuous,standard,1,1,Function,Relationship
catman_pilot_v1,P071,judgment,C04,j_obligation,7,human,retain,limited,affirm,continuous,standard,1,1,Function,Obligation
catman_pilot_v1,P071,judgment,C04,j_treatment,7,human,retain,limited,affirm,continuous,standard,1,1,Function,Treatment
catman_pilot_v1,P071,judgment,C05,j_identity,7,human,retain,retain,uncertain,continuous,standard,2,1,Self-ID uncertain,Identity
catman_pilot_v1,P071,judgment,C05,j_likeness,7,human,retain,retain,uncertain,continuous,standard,2,1,Self-ID uncertain,Likeness
catman_pilot_v1,P071,judgment,C05,j_relationship,7,human,retain,retain,uncertain,continuous,standard,2,1,Self-ID uncertain,Relationship
catman_pilot_v1,P071,judgment,C05,j_obligation,7,human,retain,retain,uncertain,continuous,standard,2,1,Self-ID uncertain,Obligation
catman_pilot_v1,P071,judgment,C05,j_treatment,7,human,retain,retain,uncertain,continuous,standard,2,1,Self-ID uncertain,Treatment
catman_pilot_v1,P071,judgment,C03,j_identity,6,human,lost,retain,affirm,continuous,standard,3,1,Memory,Identity
catman_pilot_v1,P071,judgment,C03,j_likeness,1,human,lost,retain,affirm,continuous,standard,3,1,Memory,Likeness
catman_pilot_v1,P071,judgment,C03,j_relationship,1,human,lost,retain,affirm,continuous,standard,3,1,Memory,Relationship
catman_pilot_v1,P071,judgment,C03,j_obligation,2,human,lost,retain,affirm,continuous,standard,3,1,Memory,Obligation
catman_pilot_v1,P071,judgment,C03,j_treatment,6,human,lost,retain,affirm,continuous,standard,3,1,Memory,Treatment
catman_pilot_v1,P071,judgment,C01,j_identity,7,human,retain,retain,affirm,continuous,standard,4,1,Baseline,Identity
catman_pilot_v1,P071,judgment,C01,j_likeness,7,human,retain,retain,affirm,continuous,standard,4,1,Baseline,Likeness
catman_pilot_v1,P071,judgment,C01,j_relationship,7,human,retain,retain,affirm,continuous,standard,4,1,Baseline,Relationship
catman_pilot_v1,P071,judgment,C01,j_obligation,7,human,retain,retain,affirm,continuous,standard,4,1,Baseline,Obligation
catman_pilot_v1,P071,judgment,C01,j_treatment,7,human,retain,retain,affirm,continuous,standard,4,1,Baseline,Treatment
catman_pilot_v1,P071,judgment,C08,j_identity,1,human,lost,retain,affirm,discontinuous,standard,5,1,Memory + transition,Identity
catman_pilot_v1,P071,judgment,C08,j_likeness,2,human,lost,retain,affirm,discontinuous,standard,5,1,Memory + transition,Likeness
catman_pilot_v1,P071,judgment,C08,j_relationship,1,human,lost,retain,affirm,discontinuous,standard,5,1,Memory + transition,Relationship
catman_pilot_v1,P071,judgment,C08,j_obligation,2,human,lost,retain,affirm,discontinuous,standard,5,1,Memory + transition,Obligation
catman_pilot_v1,P071,judgment,C08,j_treatment,3,human,lost,retain,affirm,discontinuous,standard,5,1,Memory + transition,Treatment
catman_pilot_v1,P071,judgment,C06,j_identity,6,human,retain,retain,affirm,discontinuous,standard,6,1,Transition,Identity
catman_pilot_v1,P071,judgment,C06,j_likeness,7,human,retain,retain,affirm,discontinuous,standard,6,1,Transition,Likeness
catman_pilot_v1,P071,judgment,C06,j_relationship,7,human,retain,retain,affirm,discontinuous,standard,6,1,Transition,Relationship
catman_pilot_v1,P071,judgment,C06,j_obligation,7,human,retain,retain,affirm,discontinuous,standard,6,1,Transition,Obligation
catman_pilot_v1,P071,judgment,C06,j_treatment,7,human,retain,retain,affirm,discontinuous,standard,6,1,Transition,Treatment
catman_pilot_v1,P071,judgment,A09,j_identity,6,human,retain,retain,deny,continuous,anchor,7,1,Self-denial anchor,Identity
catman_pilot_v1,P071,judgment,A09,j_likeness,5,human,retain,retain,deny,continuous,anchor,7,1,Self-denial anchor,Likeness
catman_pilot_v1,P071,judgment,A09,j_relationship,5,human,retain,retain,deny,continuous,anchor,7,1,Self-denial anchor,Relationship
catman_pilot_v1,P071,judgment,A09,j_obligation,6,human,retain,retain,deny,continuous,anchor,7,1,Self-denial anchor,Obligation
catman_pilot_v1,P071,judgment,A09,j_treatment,6,human,retain,retain,deny,continuous,anchor,7,1,Self-denial anchor,Treatment
catman_pilot_v1,P071,judgment,A09,v_epistemic,2,human,retain,retain,deny,continuous,anchor,7,1,Self-denial anchor,Epistemic veto
catman_pilot_v1,P071,judgment,A09,v_normative,6,human,retain,retain,deny,continuous,anchor,7,1,Self-denial anchor,Normative veto
catman_pilot_v1,P071,judgment,A10,j_ab,7,cat,retain,retain,affirm,parallel,anchor,8,1,Parallel anchor,Pre-X = surviving human
catman_pilot_v1,P071,judgment,A10,j_ac,1,cat,retain,retain,affirm,parallel,anchor,8,1,Parallel anchor,Pre-X = generated cat
catman_pilot_v1,P071,judgment,A10,j_bc,1,cat,retain,retain,affirm,parallel,anchor,8,1,Parallel anchor,Surviving human = generated cat
catman_pilot_v1,P071,judgment,A10,j_excl,7,cat,retain,retain,affirm,parallel,anchor,8,1,Parallel anchor,Identity exclusivity
catman_pilot_v1,P071,judgment,A10,j_relationship,2,cat,retain,retain,affirm,parallel,anchor,8,1,Parallel anchor,Relationship
catman_pilot_v1,P071,judgment,A10,j_obligation,2,cat,retain,retain,affirm,parallel,anchor,8,1,Parallel anchor,Obligation
catman_pilot_v1,P071,judgment,A10,j_treatment,2,cat,retain,retain,affirm,parallel,anchor,8,1,Parallel anchor,Treatment
catman_pilot_v1,P071,judgment,C02,j_identity,6,cat,retain,retain,affirm,continuous,standard,9,1,Body,Identity
catman_pilot_v1,P071,judgment,C02,j_likeness,6,cat,retain,retain,affirm,continuous,standard,9,1,Body,Likeness
catman_pilot_v1,P071,judgment,C02,j_relationship,7,cat,retain,retain,affirm,continuous,standard,9,1,Body,Relationship
catman_pilot_v1,P071,judgment,C02,j_obligation,7,cat,retain,retain,affirm,continuous,standard,9,1,Body,Obligation
catman_pilot_v1,P071,judgment,C02,j_treatment,7,cat,retain,retain,affirm,continuous,standard,9,1,Body,Treatment
catman_pilot_v1,P071,judgment,C07,j_identity,5,cat,retain,retain,affirm,discontinuous,standard,10,1,Body + transition,Identity
catman_pilot_v1,P071,judgment,C07,j_likeness,6,cat,retain,retain,affirm,discontinuous,standard,10,1,Body + transition,Likeness
catman_pilot_v1,P071,judgment,C07,j_relationship,6,cat,retain,retain,affirm,discontinuous,standard,10,1,Body + transition,Relationship
catman_pilot_v1,P071,judgment,C07,j_obligation,7,cat,retain,retain,affirm,discontinuous,standard,10,1,Body + transition,Obligation
catman_pilot_v1,P071,judgment,C07,j_treatment,6,cat,retain,retain,affirm,discontinuous,standard,10,1,Body + transition,Treatment
catman_pilot_v1,P074,judgment,C03,j_identity,1,human,lost,retain,affirm,continuous,standard,1,1,Memory,Identity
catman_pilot_v1,P074,judgment,C03,j_likeness,2,human,lost,retain,affirm,continuous,standard,1,1,Memory,Likeness
catman_pilot_v1,P074,judgment,C03,j_relationship,2,human,lost,retain,affirm,continuous,standard,1,1,Memory,Relationship
catman_pilot_v1,P074,judgment,C03,j_obligation,4,human,lost,retain,affirm,continuous,standard,1,1,Memory,Obligation
catman_pilot_v1,P074,judgment,C03,j_treatment,2,human,lost,retain,affirm,continuous,standard,1,1,Memory,Treatment
catman_pilot_v1,P074,judgment,C01,j_identity,6,human,retain,retain,affirm,continuous,standard,2,1,Baseline,Identity
catman_pilot_v1,P074,judgment,C01,j_likeness,6,human,retain,retain,affirm,continuous,standard,2,1,Baseline,Likeness
catman_pilot_v1,P074,judgment,C01,j_relationship,6,human,retain,retain,affirm,continuous,standard,2,1,Baseline,Relationship
catman_pilot_v1,P074,judgment,C01,j_obligation,6,human,retain,retain,affirm,continuous,standard,2,1,Baseline,Obligation
catman_pilot_v1,P074,judgment,C01,j_treatment,6,human,retain,retain,affirm,continuous,standard,2,1,Baseline,Treatment
catman_pilot_v1,P074,judgment,C08,j_identity,6,human,lost,retain,affirm,discontinuous,standard,3,1,Memory + transition,Identity
catman_pilot_v1,P074,judgment,C08,j_likeness,6,human,lost,retain,affirm,discontinuous,standard,3,1,Memory + transition,Likeness
catman_pilot_v1,P074,judgment,C08,j_relationship,6,human,lost,retain,affirm,discontinuous,standard,3,1,Memory + transition,Relationship
catman_pilot_v1,P074,judgment,C08,j_obligation,6,human,lost,retain,affirm,discontinuous,standard,3,1,Memory + transition,Obligation
catman_pilot_v1,P074,judgment,C08,j_treatment,6,human,lost,retain,affirm,discontinuous,standard,3,1,Memory + transition,Treatment
catman_pilot_v1,P074,judgment,C06,j_identity,6,human,retain,retain,affirm,discontinuous,standard,4,1,Transition,Identity
catman_pilot_v1,P074,judgment,C06,j_likeness,6,human,retain,retain,affirm,discontinuous,standard,4,1,Transition,Likeness
catman_pilot_v1,P074,judgment,C06,j_relationship,6,human,retain,retain,affirm,discontinuous,standard,4,1,Transition,Relationship
catman_pilot_v1,P074,judgment,C06,j_obligation,6,human,retain,retain,affirm,discontinuous,standard,4,1,Transition,Obligation
catman_pilot_v1,P074,judgment,C06,j_treatment,6,human,retain,retain,affirm,discontinuous,standard,4,1,Transition,Treatment
catman_pilot_v1,P074,judgment,C04,j_identity,5,human,retain,limited,affirm,continuous,standard,5,1,Function,Identity
catman_pilot_v1,P074,judgment,C04,j_likeness,6,human,retain,limited,affirm,continuous,standard,5,1,Function,Likeness
catman_pilot_v1,P074,judgment,C04,j_relationship,6,human,retain,limited,affirm,continuous,standard,5,1,Function,Relationship
catman_pilot_v1,P074,judgment,C04,j_obligation,6,human,retain,limited,affirm,continuous,standard,5,1,Function,Obligation
catman_pilot_v1,P074,judgment,C04,j_treatment,5,human,retain,limited,affirm,continuous,standard,5,1,Function,Treatment
catman_pilot_v1,P074,judgment,A09,j_identity,6,human,retain,retain,deny,continuous,anchor,6,1,Self-denial anchor,Identity
catman_pilot_v1,P074,judgment,A09,j_likeness,6,human,retain,retain,deny,continuous,anchor,6,1,Self-denial anchor,Likeness
catman_pilot_v1,P074,judgment,A09,j_relationship,6,human,retain,retain,deny,continuous,anchor,6,1,Self-denial anchor,Relationship
catman_pilot_v1,P074,judgment,A09,j_obligation,6,human,retain,retain,deny,continuous,anchor,6,1,Self-denial anchor,Obligation
catman_pilot_v1,P074,judgment,A09,j_treatment,6,human,retain,retain,deny,continuous,anchor,6,1,Self-denial anchor,Treatment
catman_pilot_v1,P074,judgment,A09,v_epistemic,1,human,retain,retain,deny,continuous,anchor,6,1,Self-denial anchor,Epistemic veto
catman_pilot_v1,P074,judgment,A09,v_normative,4,human,retain,retain,deny,continuous,anchor,6,1,Self-denial anchor,Normative veto
catman_pilot_v1,P074,judgment,C07,j_identity,6,cat,retain,retain,affirm,discontinuous,standard,7,1,Body + transition,Identity
catman_pilot_v1,P074,judgment,C07,j_likeness,5,cat,retain,retain,affirm,discontinuous,standard,7,1,Body + transition,Likeness
catman_pilot_v1,P074,judgment,C07,j_relationship,6,cat,retain,retain,affirm,discontinuous,standard,7,1,Body + transition,Relationship
catman_pilot_v1,P074,judgment,C07,j_obligation,6,cat,retain,retain,affirm,discontinuous,standard,7,1,Body + transition,Obligation
catman_pilot_v1,P074,judgment,C07,j_treatment,6,cat,retain,retain,affirm,discontinuous,standard,7,1,Body + transition,Treatment
catman_pilot_v1,P074,judgment,A10,j_ab,6,cat,retain,retain,affirm,parallel,anchor,8,1,Parallel anchor,Pre-X = surviving human
catman_pilot_v1,P074,judgment,A10,j_ac,1,cat,retain,retain,affirm,parallel,anchor,8,1,Parallel anchor,Pre-X = generated cat
catman_pilot_v1,P074,judgment,A10,j_bc,1,cat,retain,retain,affirm,parallel,anchor,8,1,Parallel anchor,Surviving human = generated cat
catman_pilot_v1,P074,judgment,A10,j_excl,6,cat,retain,retain,affirm,parallel,anchor,8,1,Parallel anchor,Identity exclusivity
catman_pilot_v1,P074,judgment,A10,j_relationship,6,cat,retain,retain,affirm,parallel,anchor,8,1,Parallel anchor,Relationship
catman_pilot_v1,P074,judgment,A10,j_obligation,6,cat,retain,retain,affirm,parallel,anchor,8,1,Parallel anchor,Obligation
catman_pilot_v1,P074,judgment,A10,j_treatment,6,cat,retain,retain,affirm,parallel,anchor,8,1,Parallel anchor,Treatment
catman_pilot_v1,P074,judgment,C05,j_identity,6,human,retain,retain,uncertain,continuous,standard,9,1,Self-ID uncertain,Identity
catman_pilot_v1,P074,judgment,C05,j_likeness,6,human,retain,retain,uncertain,continuous,standard,9,1,Self-ID uncertain,Likeness
catman_pilot_v1,P074,judgment,C05,j_relationship,6,human,retain,retain,uncertain,continuous,standard,9,1,Self-ID uncertain,Relationship
catman_pilot_v1,P074,judgment,C05,j_obligation,6,human,retain,retain,uncertain,continuous,standard,9,1,Self-ID uncertain,Obligation
catman_pilot_v1,P074,judgment,C05,j_treatment,6,human,retain,retain,uncertain,continuous,standard,9,1,Self-ID uncertain,Treatment
catman_pilot_v1,P074,judgment,C02,j_identity,1,cat,retain,retain,affirm,continuous,standard,10,1,Body,Identity
catman_pilot_v1,P074,judgment,C02,j_likeness,1,cat,retain,retain,affirm,continuous,standard,10,1,Body,Likeness
catman_pilot_v1,P074,judgment,C02,j_relationship,6,cat,retain,retain,affirm,continuous,standard,10,1,Body,Relationship
catman_pilot_v1,P074,judgment,C02,j_obligation,6,cat,retain,retain,affirm,continuous,standard,10,1,Body,Obligation
catman_pilot_v1,P074,judgment,C02,j_treatment,6,cat,retain,retain,affirm,continuous,standard,10,1,Body,Treatment
catman_pilot_v1,P030,judgment,C07,j_identity,3,cat,retain,retain,affirm,discontinuous,standard,1,1,Body + transition,Identity
catman_pilot_v1,P030,judgment,C07,j_likeness,3,cat,retain,retain,affirm,discontinuous,standard,1,1,Body + transition,Likeness
catman_pilot_v1,P030,judgment,C07,j_relationship,3,cat,retain,retain,affirm,discontinuous,standard,1,1,Body + transition,Relationship
catman_pilot_v1,P030,judgment,C07,j_obligation,1,cat,retain,retain,affirm,discontinuous,standard,1,1,Body + transition,Obligation
catman_pilot_v1,P030,judgment,C07,j_treatment,1,cat,retain,retain,affirm,discontinuous,standard,1,1,Body + transition,Treatment
catman_pilot_v1,P030,judgment,C05,j_identity,3,human,retain,retain,uncertain,continuous,standard,2,1,Self-ID uncertain,Identity
catman_pilot_v1,P030,judgment,C05,j_likeness,7,human,retain,retain,uncertain,continuous,standard,2,1,Self-ID uncertain,Likeness
catman_pilot_v1,P030,judgment,C05,j_relationship,2,human,retain,retain,uncertain,continuous,standard,2,1,Self-ID uncertain,Relationship
catman_pilot_v1,P030,judgment,C05,j_obligation,2,human,retain,retain,uncertain,continuous,standard,2,1,Self-ID uncertain,Obligation
catman_pilot_v1,P030,judgment,C05,j_treatment,2,human,retain,retain,uncertain,continuous,standard,2,1,Self-ID uncertain,Treatment
catman_pilot_v1,P030,judgment,C03,j_identity,1,human,lost,retain,affirm,continuous,standard,3,1,Memory,Identity
catman_pilot_v1,P030,judgment,C03,j_likeness,7,human,lost,retain,affirm,continuous,standard,3,1,Memory,Likeness
catman_pilot_v1,P030,judgment,C03,j_relationship,1,human,lost,retain,affirm,continuous,standard,3,1,Memory,Relationship
catman_pilot_v1,P030,judgment,C03,j_obligation,1,human,lost,retain,affirm,continuous,standard,3,1,Memory,Obligation
catman_pilot_v1,P030,judgment,C03,j_treatment,4,human,lost,retain,affirm,continuous,standard,3,1,Memory,Treatment
catman_pilot_v1,P030,judgment,C06,j_identity,1,human,retain,retain,affirm,discontinuous,standard,4,1,Transition,Identity
catman_pilot_v1,P030,judgment,C06,j_likeness,7,human,retain,retain,affirm,discontinuous,standard,4,1,Transition,Likeness
catman_pilot_v1,P030,judgment,C06,j_relationship,7,human,retain,retain,affirm,discontinuous,standard,4,1,Transition,Relationship
catman_pilot_v1,P030,judgment,C06,j_obligation,7,human,retain,retain,affirm,discontinuous,standard,4,1,Transition,Obligation
catman_pilot_v1,P030,judgment,C06,j_treatment,7,human,retain,retain,affirm,discontinuous,standard,4,1,Transition,Treatment
catman_pilot_v1,P030,judgment,C01,j_identity,1,human,retain,retain,affirm,continuous,standard,5,1,Baseline,Identity
catman_pilot_v1,P030,judgment,C01,j_likeness,7,human,retain,retain,affirm,continuous,standard,5,1,Baseline,Likeness
catman_pilot_v1,P030,judgment,C01,j_relationship,7,human,retain,retain,affirm,continuous,standard,5,1,Baseline,Relationship
catman_pilot_v1,P030,judgment,C01,j_obligation,7,human,retain,retain,affirm,continuous,standard,5,1,Baseline,Obligation
catman_pilot_v1,P030,judgment,C01,j_treatment,7,human,retain,retain,affirm,continuous,standard,5,1,Baseline,Treatment
catman_pilot_v1,P030,judgment,A09,j_identity,1,human,retain,retain,deny,continuous,anchor,6,1,Self-denial anchor,Identity
catman_pilot_v1,P030,judgment,A09,j_likeness,7,human,retain,retain,deny,continuous,anchor,6,1,Self-denial anchor,Likeness
catman_pilot_v1,P030,judgment,A09,j_relationship,1,human,retain,retain,deny,continuous,anchor,6,1,Self-denial anchor,Relationship
catman_pilot_v1,P030,judgment,A09,j_obligation,1,human,retain,retain,deny,continuous,anchor,6,1,Self-denial anchor,Obligation
catman_pilot_v1,P030,judgment,A09,j_treatment,1,human,retain,retain,deny,continuous,anchor,6,1,Self-denial anchor,Treatment
catman_pilot_v1,P030,judgment,A09,v_epistemic,7,human,retain,retain,deny,continuous,anchor,6,1,Self-denial anchor,Epistemic veto
catman_pilot_v1,P030,judgment,A09,v_normative,7,human,retain,retain,deny,continuous,anchor,6,1,Self-denial anchor,Normative veto
catman_pilot_v1,P030,judgment,C08,j_identity,1,human,lost,retain,affirm,discontinuous,standard,7,1,Memory + transition,Identity
catman_pilot_v1,P030,judgment,C08,j_likeness,7,human,lost,retain,affirm,discontinuous,standard,7,1,Memory + transition,Likeness
catman_pilot_v1,P030,judgment,C08,j_relationship,1,human,lost,retain,affirm,discontinuous,standard,7,1,Memory + transition,Relationship
catman_pilot_v1,P030,judgment,C08,j_obligation,1,human,lost,retain,affirm,discontinuous,standard,7,1,Memory + transition,Obligation
catman_pilot_v1,P030,judgment,C08,j_treatment,7,human,lost,retain,affirm,discontinuous,standard,7,1,Memory + transition,Treatment
catman_pilot_v1,P030,judgment,A10,j_ab,7,cat,retain,retain,affirm,parallel,anchor,8,1,Parallel anchor,Pre-X = surviving human
catman_pilot_v1,P030,judgment,A10,j_ac,1,cat,retain,retain,affirm,parallel,anchor,8,1,Parallel anchor,Pre-X = generated cat
catman_pilot_v1,P030,judgment,A10,j_bc,1,cat,retain,retain,affirm,parallel,anchor,8,1,Parallel anchor,Surviving human = generated cat
catman_pilot_v1,P030,judgment,A10,j_excl,7,cat,retain,retain,affirm,parallel,anchor,8,1,Parallel anchor,Identity exclusivity
catman_pilot_v1,P030,judgment,A10,j_relationship,7,cat,retain,retain,affirm,parallel,anchor,8,1,Parallel anchor,Relationship
catman_pilot_v1,P030,judgment,A10,j_obligation,7,cat,retain,retain,affirm,parallel,anchor,8,1,Parallel anchor,Obligation
catman_pilot_v1,P030,judgment,A10,j_treatment,7,cat,retain,retain,affirm,parallel,anchor,8,1,Parallel anchor,Treatment
catman_pilot_v1,P030,judgment,C02,j_identity,1,cat,retain,retain,affirm,continuous,standard,9,1,Body,Identity
catman_pilot_v1,P030,judgment,C02,j_likeness,4,cat,retain,retain,affirm,continuous,standard,9,1,Body,Likeness
catman_pilot_v1,P030,judgment,C02,j_relationship,4,cat,retain,retain,affirm,continuous,standard,9,1,Body,Relationship
catman_pilot_v1,P030,judgment,C02,j_obligation,3,cat,retain,retain,affirm,continuous,standard,9,1,Body,Obligation
catman_pilot_v1,P030,judgment,C02,j_treatment,3,cat,retain,retain,affirm,continuous,standard,9,1,Body,Treatment
catman_pilot_v1,P030,judgment,C04,j_identity,7,human,retain,limited,affirm,continuous,standard,10,1,Function,Identity
catman_pilot_v1,P030,judgment,C04,j_likeness,7,human,retain,limited,affirm,continuous,standard,10,1,Function,Likeness
catman_pilot_v1,P030,judgment,C04,j_relationship,7,human,retain,limited,affirm,continuous,standard,10,1,Function,Relationship
catman_pilot_v1,P030,judgment,C04,j_obligation,7,human,retain,limited,affirm,continuous,standard,10,1,Function,Obligation
catman_pilot_v1,P030,judgment,C04,j_treatment,7,human,retain,limited,affirm,continuous,standard,10,1,Function,Treatment
catman_pilot_v1,P069,judgment,C01,j_identity,6,human,retain,retain,affirm,continuous,standard,1,1,Baseline,Identity
catman_pilot_v1,P069,judgment,C01,j_likeness,7,human,retain,retain,affirm,continuous,standard,1,1,Baseline,Likeness
catman_pilot_v1,P069,judgment,C01,j_relationship,7,human,retain,retain,affirm,continuous,standard,1,1,Baseline,Relationship
catman_pilot_v1,P069,judgment,C01,j_obligation,7,human,retain,retain,affirm,continuous,standard,1,1,Baseline,Obligation
catman_pilot_v1,P069,judgment,C01,j_treatment,7,human,retain,retain,affirm,continuous,standard,1,1,Baseline,Treatment
catman_pilot_v1,P069,judgment,C05,j_identity,5,human,retain,retain,uncertain,continuous,standard,2,1,Self-ID uncertain,Identity
catman_pilot_v1,P069,judgment,C05,j_likeness,7,human,retain,retain,uncertain,continuous,standard,2,1,Self-ID uncertain,Likeness
catman_pilot_v1,P069,judgment,C05,j_relationship,6,human,retain,retain,uncertain,continuous,standard,2,1,Self-ID uncertain,Relationship
catman_pilot_v1,P069,judgment,C05,j_obligation,7,human,retain,retain,uncertain,continuous,standard,2,1,Self-ID uncertain,Obligation
catman_pilot_v1,P069,judgment,C05,j_treatment,7,human,retain,retain,uncertain,continuous,standard,2,1,Self-ID uncertain,Treatment
catman_pilot_v1,P069,judgment,C04,j_identity,2,human,retain,limited,affirm,continuous,standard,3,1,Function,Identity
catman_pilot_v1,P069,judgment,C04,j_likeness,6,human,retain,limited,affirm,continuous,standard,3,1,Function,Likeness
catman_pilot_v1,P069,judgment,C04,j_relationship,4,human,retain,limited,affirm,continuous,standard,3,1,Function,Relationship
catman_pilot_v1,P069,judgment,C04,j_obligation,6,human,retain,limited,affirm,continuous,standard,3,1,Function,Obligation
catman_pilot_v1,P069,judgment,C04,j_treatment,6,human,retain,limited,affirm,continuous,standard,3,1,Function,Treatment
catman_pilot_v1,P069,judgment,C06,j_identity,6,human,retain,retain,affirm,discontinuous,standard,4,1,Transition,Identity
catman_pilot_v1,P069,judgment,C06,j_likeness,6,human,retain,retain,affirm,discontinuous,standard,4,1,Transition,Likeness
catman_pilot_v1,P069,judgment,C06,j_relationship,6,human,retain,retain,affirm,discontinuous,standard,4,1,Transition,Relationship
catman_pilot_v1,P069,judgment,C06,j_obligation,6,human,retain,retain,affirm,discontinuous,standard,4,1,Transition,Obligation
catman_pilot_v1,P069,judgment,C06,j_treatment,6,human,retain,retain,affirm,discontinuous,standard,4,1,Transition,Treatment
catman_pilot_v1,P069,judgment,A10,j_ab,2,cat,retain,retain,affirm,parallel,anchor,5,1,Parallel anchor,Pre-X = surviving human
catman_pilot_v1,P069,judgment,A10,j_ac,4,cat,retain,retain,affirm,parallel,anchor,5,1,Parallel anchor,Pre-X = generated cat
catman_pilot_v1,P069,judgment,A10,j_bc,2,cat,retain,retain,affirm,parallel,anchor,5,1,Parallel anchor,Surviving human = generated cat
catman_pilot_v1,P069,judgment,A10,j_excl,4,cat,retain,retain,affirm,parallel,anchor,5,1,Parallel anchor,Identity exclusivity
catman_pilot_v1,P069,judgment,A10,j_relationship,6,cat,retain,retain,affirm,parallel,anchor,5,1,Parallel anchor,Relationship
catman_pilot_v1,P069,judgment,A10,j_obligation,7,cat,retain,retain,affirm,parallel,anchor,5,1,Parallel anchor,Obligation
catman_pilot_v1,P069,judgment,A10,j_treatment,6,cat,retain,retain,affirm,parallel,anchor,5,1,Parallel anchor,Treatment
catman_pilot_v1,P069,judgment,C07,j_identity,3,cat,retain,retain,affirm,discontinuous,standard,6,1,Body + transition,Identity
catman_pilot_v1,P069,judgment,C07,j_likeness,2,cat,retain,retain,affirm,discontinuous,standard,6,1,Body + transition,Likeness
catman_pilot_v1,P069,judgment,C07,j_relationship,5,cat,retain,retain,affirm,discontinuous,standard,6,1,Body + transition,Relationship
catman_pilot_v1,P069,judgment,C07,j_obligation,5,cat,retain,retain,affirm,discontinuous,standard,6,1,Body + transition,Obligation
catman_pilot_v1,P069,judgment,C07,j_treatment,5,cat,retain,retain,affirm,discontinuous,standard,6,1,Body + transition,Treatment
catman_pilot_v1,P069,judgment,A09,j_identity,4,human,retain,retain,deny,continuous,anchor,7,1,Self-denial anchor,Identity
catman_pilot_v1,P069,judgment,A09,j_likeness,7,human,retain,retain,deny,continuous,anchor,7,1,Self-denial anchor,Likeness
catman_pilot_v1,P069,judgment,A09,j_relationship,5,human,retain,retain,deny,continuous,anchor,7,1,Self-denial anchor,Relationship
catman_pilot_v1,P069,judgment,A09,j_obligation,6,human,retain,retain,deny,continuous,anchor,7,1,Self-denial anchor,Obligation
catman_pilot_v1,P069,judgment,A09,j_treatment,5,human,retain,retain,deny,continuous,anchor,7,1,Self-denial anchor,Treatment
catman_pilot_v1,P069,judgment,A09,v_epistemic,4,human,retain,retain,deny,continuous,anchor,7,1,Self-denial anchor,Epistemic veto
catman_pilot_v1,P069,judgment,A09,v_normative,6,human,retain,retain,deny,continuous,anchor,7,1,Self-denial anchor,Normative veto
catman_pilot_v1,P069,judgment,C02,j_identity,4,cat,retain,retain,affirm,continuous,standard,8,1,Body,Identity
catman_pilot_v1,P069,judgment,C02,j_likeness,2,cat,retain,retain,affirm,continuous,standard,8,1,Body,Likeness
catman_pilot_v1,P069,judgment,C02,j_relationship,5,cat,retain,retain,affirm,continuous,standard,8,1,Body,Relationship
catman_pilot_v1,P069,judgment,C02,j_obligation,6,cat,retain,retain,affirm,continuous,standard,8,1,Body,Obligation
catman_pilot_v1,P069,judgment,C02,j_treatment,6,cat,retain,retain,affirm,continuous,standard,8,1,Body,Treatment
catman_pilot_v1,P069,judgment,C03,j_identity,4,human,lost,retain,affirm,continuous,standard,9,1,Memory,Identity
catman_pilot_v1,P069,judgment,C03,j_likeness,6,human,lost,retain,affirm,continuous,standard,9,1,Memory,Likeness
catman_pilot_v1,P069,judgment,C03,j_relationship,4,human,lost,retain,affirm,continuous,standard,9,1,Memory,Relationship
catman_pilot_v1,P069,judgment,C03,j_obligation,5,human,lost,retain,affirm,continuous,standard,9,1,Memory,Obligation
catman_pilot_v1,P069,judgment,C03,j_treatment,6,human,lost,retain,affirm,continuous,standard,9,1,Memory,Treatment
catman_pilot_v1,P069,judgment,C08,j_identity,5,human,lost,retain,affirm,discontinuous,standard,10,1,Memory + transition,Identity
catman_pilot_v1,P069,judgment,C08,j_likeness,6,human,lost,retain,affirm,discontinuous,standard,10,1,Memory + transition,Likeness
catman_pilot_v1,P069,judgment,C08,j_relationship,4,human,lost,retain,affirm,discontinuous,standard,10,1,Memory + transition,Relationship
catman_pilot_v1,P069,judgment,C08,j_obligation,5,human,lost,retain,affirm,discontinuous,standard,10,1,Memory + transition,Obligation
catman_pilot_v1,P069,judgment,C08,j_treatment,6,human,lost,retain,affirm,discontinuous,standard,10,1,Memory + transition,Treatment
catman_pilot_v1,P026,judgment,C07,j_identity,5,cat,retain,retain,affirm,discontinuous,standard,1,1,Body + transition,Identity
catman_pilot_v1,P026,judgment,C07,j_likeness,6,cat,retain,retain,affirm,discontinuous,standard,1,1,Body + transition,Likeness
catman_pilot_v1,P026,judgment,C07,j_relationship,5,cat,retain,retain,affirm,discontinuous,standard,1,1,Body + transition,Relationship
catman_pilot_v1,P026,judgment,C07,j_obligation,7,cat,retain,retain,affirm,discontinuous,standard,1,1,Body + transition,Obligation
catman_pilot_v1,P026,judgment,C07,j_treatment,5,cat,retain,retain,affirm,discontinuous,standard,1,1,Body + transition,Treatment
catman_pilot_v1,P026,judgment,C02,j_identity,6,cat,retain,retain,affirm,continuous,standard,2,1,Body,Identity
catman_pilot_v1,P026,judgment,C02,j_likeness,6,cat,retain,retain,affirm,continuous,standard,2,1,Body,Likeness
catman_pilot_v1,P026,judgment,C02,j_relationship,7,cat,retain,retain,affirm,continuous,standard,2,1,Body,Relationship
catman_pilot_v1,P026,judgment,C02,j_obligation,7,cat,retain,retain,affirm,continuous,standard,2,1,Body,Obligation
catman_pilot_v1,P026,judgment,C02,j_treatment,6,cat,retain,retain,affirm,continuous,standard,2,1,Body,Treatment
catman_pilot_v1,P026,judgment,C08,j_identity,5,human,lost,retain,affirm,discontinuous,standard,3,1,Memory + transition,Identity
catman_pilot_v1,P026,judgment,C08,j_likeness,7,human,lost,retain,affirm,discontinuous,standard,3,1,Memory + transition,Likeness
catman_pilot_v1,P026,judgment,C08,j_relationship,4,human,lost,retain,affirm,discontinuous,standard,3,1,Memory + transition,Relationship
catman_pilot_v1,P026,judgment,C08,j_obligation,4,human,lost,retain,affirm,discontinuous,standard,3,1,Memory + transition,Obligation
catman_pilot_v1,P026,judgment,C08,j_treatment,5,human,lost,retain,affirm,discontinuous,standard,3,1,Memory + transition,Treatment
catman_pilot_v1,P026,judgment,C03,j_identity,4,human,lost,retain,affirm,continuous,standard,4,1,Memory,Identity
catman_pilot_v1,P026,judgment,C03,j_likeness,7,human,lost,retain,affirm,continuous,standard,4,1,Memory,Likeness
catman_pilot_v1,P026,judgment,C03,j_relationship,5,human,lost,retain,affirm,continuous,standard,4,1,Memory,Relationship
catman_pilot_v1,P026,judgment,C03,j_obligation,4,human,lost,retain,affirm,continuous,standard,4,1,Memory,Obligation
catman_pilot_v1,P026,judgment,C03,j_treatment,5,human,lost,retain,affirm,continuous,standard,4,1,Memory,Treatment
catman_pilot_v1,P026,judgment,C01,j_identity,7,human,retain,retain,affirm,continuous,standard,5,1,Baseline,Identity
catman_pilot_v1,P026,judgment,C01,j_likeness,7,human,retain,retain,affirm,continuous,standard,5,1,Baseline,Likeness
catman_pilot_v1,P026,judgment,C01,j_relationship,7,human,retain,retain,affirm,continuous,standard,5,1,Baseline,Relationship
catman_pilot_v1,P026,judgment,C01,j_obligation,7,human,retain,retain,affirm,continuous,standard,5,1,Baseline,Obligation
catman_pilot_v1,P026,judgment,C01,j_treatment,7,human,retain,retain,affirm,continuous,standard,5,1,Baseline,Treatment
catman_pilot_v1,P026,judgment,A10,j_ab,7,cat,retain,retain,affirm,parallel,anchor,6,1,Parallel anchor,Pre-X = surviving human
catman_pilot_v1,P026,judgment,A10,j_ac,3,cat,retain,retain,affirm,parallel,anchor,6,1,Parallel anchor,Pre-X = generated cat
catman_pilot_v1,P026,judgment,A10,j_bc,3,cat,retain,retain,affirm,parallel,anchor,6,1,Parallel anchor,Surviving human = generated cat
catman_pilot_v1,P026,judgment,A10,j_excl,5,cat,retain,retain,affirm,parallel,anchor,6,1,Parallel anchor,Identity exclusivity
catman_pilot_v1,P026,judgment,A10,j_relationship,5,cat,retain,retain,affirm,parallel,anchor,6,1,Parallel anchor,Relationship
catman_pilot_v1,P026,judgment,A10,j_obligation,5,cat,retain,retain,affirm,parallel,anchor,6,1,Parallel anchor,Obligation
catman_pilot_v1,P026,judgment,A10,j_treatment,5,cat,retain,retain,affirm,parallel,anchor,6,1,Parallel anchor,Treatment
catman_pilot_v1,P026,judgment,C06,j_identity,7,human,retain,retain,affirm,discontinuous,standard,7,1,Transition,Identity
catman_pilot_v1,P026,judgment,C06,j_likeness,7,human,retain,retain,affirm,discontinuous,standard,7,1,Transition,Likeness
catman_pilot_v1,P026,judgment,C06,j_relationship,7,human,retain,retain,affirm,discontinuous,standard,7,1,Transition,Relationship
catman_pilot_v1,P026,judgment,C06,j_obligation,7,human,retain,retain,affirm,discontinuous,standard,7,1,Transition,Obligation
catman_pilot_v1,P026,judgment,C06,j_treatment,7,human,retain,retain,affirm,discontinuous,standard,7,1,Transition,Treatment
catman_pilot_v1,P026,judgment,C05,j_identity,7,human,retain,retain,uncertain,continuous,standard,8,1,Self-ID uncertain,Identity
catman_pilot_v1,P026,judgment,C05,j_likeness,7,human,retain,retain,uncertain,continuous,standard,8,1,Self-ID uncertain,Likeness
catman_pilot_v1,P026,judgment,C05,j_relationship,7,human,retain,retain,uncertain,continuous,standard,8,1,Self-ID uncertain,Relationship
catman_pilot_v1,P026,judgment,C05,j_obligation,7,human,retain,retain,uncertain,continuous,standard,8,1,Self-ID uncertain,Obligation
catman_pilot_v1,P026,judgment,C05,j_treatment,7,human,retain,retain,uncertain,continuous,standard,8,1,Self-ID uncertain,Treatment
catman_pilot_v1,P026,judgment,A09,j_identity,7,human,retain,retain,deny,continuous,anchor,9,1,Self-denial anchor,Identity
catman_pilot_v1,P026,judgment,A09,j_likeness,7,human,retain,retain,deny,continuous,anchor,9,1,Self-denial anchor,Likeness
catman_pilot_v1,P026,judgment,A09,j_relationship,7,human,retain,retain,deny,continuous,anchor,9,1,Self-denial anchor,Relationship
catman_pilot_v1,P026,judgment,A09,j_obligation,7,human,retain,retain,deny,continuous,anchor,9,1,Self-denial anchor,Obligation
catman_pilot_v1,P026,judgment,A09,j_treatment,7,human,retain,retain,deny,continuous,anchor,9,1,Self-denial anchor,Treatment
catman_pilot_v1,P026,judgment,A09,v_epistemic,7,human,retain,retain,deny,continuous,anchor,9,1,Self-denial anchor,Epistemic veto
catman_pilot_v1,P026,judgment,A09,v_normative,7,human,retain,retain,deny,continuous,anchor,9,1,Self-denial anchor,Normative veto
catman_pilot_v1,P026,judgment,C04,j_identity,7,human,retain,limited,affirm,continuous,standard,10,1,Function,Identity
catman_pilot_v1,P026,judgment,C04,j_likeness,7,human,retain,limited,affirm,continuous,standard,10,1,Function,Likeness
catman_pilot_v1,P026,judgment,C04,j_relationship,7,human,retain,limited,affirm,continuous,standard,10,1,Function,Relationship
catman_pilot_v1,P026,judgment,C04,j_obligation,7,human,retain,limited,affirm,continuous,standard,10,1,Function,Obligation
catman_pilot_v1,P026,judgment,C04,j_treatment,7,human,retain,limited,affirm,continuous,standard,10,1,Function,Treatment
catman_pilot_v1,P029,judgment,C06,j_identity,5,human,retain,retain,affirm,discontinuous,standard,1,1,Transition,Identity
catman_pilot_v1,P029,judgment,C06,j_likeness,7,human,retain,retain,affirm,discontinuous,standard,1,1,Transition,Likeness
catman_pilot_v1,P029,judgment,C06,j_relationship,4,human,retain,retain,affirm,discontinuous,standard,1,1,Transition,Relationship
catman_pilot_v1,P029,judgment,C06,j_obligation,4,human,retain,retain,affirm,discontinuous,standard,1,1,Transition,Obligation
catman_pilot_v1,P029,judgment,C06,j_treatment,4,human,retain,retain,affirm,discontinuous,standard,1,1,Transition,Treatment
catman_pilot_v1,P029,judgment,C08,j_identity,2,human,lost,retain,affirm,discontinuous,standard,2,1,Memory + transition,Identity
catman_pilot_v1,P029,judgment,C08,j_likeness,6,human,lost,retain,affirm,discontinuous,standard,2,1,Memory + transition,Likeness
catman_pilot_v1,P029,judgment,C08,j_relationship,3,human,lost,retain,affirm,discontinuous,standard,2,1,Memory + transition,Relationship
catman_pilot_v1,P029,judgment,C08,j_obligation,1,human,lost,retain,affirm,discontinuous,standard,2,1,Memory + transition,Obligation
catman_pilot_v1,P029,judgment,C08,j_treatment,3,human,lost,retain,affirm,discontinuous,standard,2,1,Memory + transition,Treatment
catman_pilot_v1,P029,judgment,C03,j_identity,4,human,lost,retain,affirm,continuous,standard,3,1,Memory,Identity
catman_pilot_v1,P029,judgment,C03,j_likeness,6,human,lost,retain,affirm,continuous,standard,3,1,Memory,Likeness
catman_pilot_v1,P029,judgment,C03,j_relationship,1,human,lost,retain,affirm,continuous,standard,3,1,Memory,Relationship
catman_pilot_v1,P029,judgment,C03,j_obligation,1,human,lost,retain,affirm,continuous,standard,3,1,Memory,Obligation
catman_pilot_v1,P029,judgment,C03,j_treatment,1,human,lost,retain,affirm,continuous,standard,3,1,Memory,Treatment
catman_pilot_v1,P029,judgment,C04,j_identity,1,human,retain,limited,affirm,continuous,standard,4,1,Function,Identity
catman_pilot_v1,P029,judgment,C04,j_likeness,1,human,retain,limited,affirm,continuous,standard,4,1,Function,Likeness
catman_pilot_v1,P029,judgment,C04,j_relationship,1,human,retain,limited,affirm,continuous,standard,4,1,Function,Relationship
catman_pilot_v1,P029,judgment,C04,j_obligation,1,human,retain,limited,affirm,continuous,standard,4,1,Function,Obligation
catman_pilot_v1,P029,judgment,C04,j_treatment,1,human,retain,limited,affirm,continuous,standard,4,1,Function,Treatment
catman_pilot_v1,P029,judgment,C02,j_identity,1,cat,retain,retain,affirm,continuous,standard,5,1,Body,Identity
catman_pilot_v1,P029,judgment,C02,j_likeness,1,cat,retain,retain,affirm,continuous,standard,5,1,Body,Likeness
catman_pilot_v1,P029,judgment,C02,j_relationship,1,cat,retain,retain,affirm,continuous,standard,5,1,Body,Relationship
catman_pilot_v1,P029,judgment,C02,j_obligation,1,cat,retain,retain,affirm,continuous,standard,5,1,Body,Obligation
catman_pilot_v1,P029,judgment,C02,j_treatment,1,cat,retain,retain,affirm,continuous,standard,5,1,Body,Treatment
catman_pilot_v1,P029,judgment,A10,j_ab,1,cat,retain,retain,affirm,parallel,anchor,6,1,Parallel anchor,Pre-X = surviving human
catman_pilot_v1,P029,judgment,A10,j_ac,4,cat,retain,retain,affirm,parallel,anchor,6,1,Parallel anchor,Pre-X = generated cat
catman_pilot_v1,P029,judgment,A10,j_bc,4,cat,retain,retain,affirm,parallel,anchor,6,1,Parallel anchor,Surviving human = generated cat
catman_pilot_v1,P029,judgment,A10,j_excl,5,cat,retain,retain,affirm,parallel,anchor,6,1,Parallel anchor,Identity exclusivity
catman_pilot_v1,P029,judgment,A10,j_relationship,1,cat,retain,retain,affirm,parallel,anchor,6,1,Parallel anchor,Relationship
catman_pilot_v1,P029,judgment,A10,j_obligation,1,cat,retain,retain,affirm,parallel,anchor,6,1,Parallel anchor,Obligation
catman_pilot_v1,P029,judgment,A10,j_treatment,1,cat,retain,retain,affirm,parallel,anchor,6,1,Parallel anchor,Treatment
catman_pilot_v1,P029,judgment,C05,j_identity,7,human,retain,retain,uncertain,continuous,standard,7,1,Self-ID uncertain,Identity
catman_pilot_v1,P029,judgment,C05,j_likeness,7,human,retain,retain,uncertain,continuous,standard,7,1,Self-ID uncertain,Likeness
catman_pilot_v1,P029,judgment,C05,j_relationship,4,human,retain,retain,uncertain,continuous,standard,7,1,Self-ID uncertain,Relationship
catman_pilot_v1,P029,judgment,C05,j_obligation,4,human,retain,retain,uncertain,continuous,standard,7,1,Self-ID uncertain,Obligation
catman_pilot_v1,P029,judgment,C05,j_treatment,5,human,retain,retain,uncertain,continuous,standard,7,1,Self-ID uncertain,Treatment
catman_pilot_v1,P029,judgment,C07,j_identity,1,cat,retain,retain,affirm,discontinuous,standard,8,1,Body + transition,Identity
catman_pilot_v1,P029,judgment,C07,j_likeness,1,cat,retain,retain,affirm,discontinuous,standard,8,1,Body + transition,Likeness
catman_pilot_v1,P029,judgment,C07,j_relationship,1,cat,retain,retain,affirm,discontinuous,standard,8,1,Body + transition,Relationship
catman_pilot_v1,P029,judgment,C07,j_obligation,1,cat,retain,retain,affirm,discontinuous,standard,8,1,Body + transition,Obligation
catman_pilot_v1,P029,judgment,C07,j_treatment,1,cat,retain,retain,affirm,discontinuous,standard,8,1,Body + transition,Treatment
catman_pilot_v1,P029,judgment,A09,j_identity,7,human,retain,retain,deny,continuous,anchor,9,1,Self-denial anchor,Identity
catman_pilot_v1,P029,judgment,A09,j_likeness,7,human,retain,retain,deny,continuous,anchor,9,1,Self-denial anchor,Likeness
catman_pilot_v1,P029,judgment,A09,j_relationship,7,human,retain,retain,deny,continuous,anchor,9,1,Self-denial anchor,Relationship
catman_pilot_v1,P029,judgment,A09,j_obligation,4,human,retain,retain,deny,continuous,anchor,9,1,Self-denial anchor,Obligation
catman_pilot_v1,P029,judgment,A09,j_treatment,7,human,retain,retain,deny,continuous,anchor,9,1,Self-denial anchor,Treatment
catman_pilot_v1,P029,judgment,A09,v_epistemic,1,human,retain,retain,deny,continuous,anchor,9,1,Self-denial anchor,Epistemic veto
catman_pilot_v1,P029,judgment,A09,v_normative,7,human,retain,retain,deny,continuous,anchor,9,1,Self-denial anchor,Normative veto
catman_pilot_v1,P029,judgment,C01,j_identity,7,human,retain,retain,affirm,continuous,standard,10,1,Baseline,Identity
catman_pilot_v1,P029,judgment,C01,j_likeness,7,human,retain,retain,affirm,continuous,standard,10,1,Baseline,Likeness
catman_pilot_v1,P029,judgment,C01,j_relationship,7,human,retain,retain,affirm,continuous,standard,10,1,Baseline,Relationship
catman_pilot_v1,P029,judgment,C01,j_obligation,7,human,retain,retain,affirm,continuous,standard,10,1,Baseline,Obligation
catman_pilot_v1,P029,judgment,C01,j_treatment,7,human,retain,retain,affirm,continuous,standard,10,1,Baseline,Treatment
catman_pilot_v1,P025,judgment,C06,j_identity,7,human,retain,retain,affirm,discontinuous,standard,1,1,Transition,Identity
catman_pilot_v1,P025,judgment,C06,j_likeness,5,human,retain,retain,affirm,discontinuous,standard,1,1,Transition,Likeness
catman_pilot_v1,P025,judgment,C06,j_relationship,6,human,retain,retain,affirm,discontinuous,standard,1,1,Transition,Relationship
catman_pilot_v1,P025,judgment,C06,j_obligation,6,human,retain,retain,affirm,discontinuous,standard,1,1,Transition,Obligation
catman_pilot_v1,P025,judgment,C06,j_treatment,6,human,retain,retain,affirm,discontinuous,standard,1,1,Transition,Treatment
catman_pilot_v1,P025,judgment,C03,j_identity,2,human,lost,retain,affirm,continuous,standard,2,1,Memory,Identity
catman_pilot_v1,P025,judgment,C03,j_likeness,5,human,lost,retain,affirm,continuous,standard,2,1,Memory,Likeness
catman_pilot_v1,P025,judgment,C03,j_relationship,5,human,lost,retain,affirm,continuous,standard,2,1,Memory,Relationship
catman_pilot_v1,P025,judgment,C03,j_obligation,2,human,lost,retain,affirm,continuous,standard,2,1,Memory,Obligation
catman_pilot_v1,P025,judgment,C03,j_treatment,3,human,lost,retain,affirm,continuous,standard,2,1,Memory,Treatment
catman_pilot_v1,P025,judgment,C02,j_identity,3,cat,retain,retain,affirm,continuous,standard,3,1,Body,Identity
catman_pilot_v1,P025,judgment,C02,j_likeness,6,cat,retain,retain,affirm,continuous,standard,3,1,Body,Likeness
catman_pilot_v1,P025,judgment,C02,j_relationship,6,cat,retain,retain,affirm,continuous,standard,3,1,Body,Relationship
catman_pilot_v1,P025,judgment,C02,j_obligation,6,cat,retain,retain,affirm,continuous,standard,3,1,Body,Obligation
catman_pilot_v1,P025,judgment,C02,j_treatment,6,cat,retain,retain,affirm,continuous,standard,3,1,Body,Treatment
catman_pilot_v1,P025,judgment,C07,j_identity,3,cat,retain,retain,affirm,discontinuous,standard,4,1,Body + transition,Identity
catman_pilot_v1,P025,judgment,C07,j_likeness,6,cat,retain,retain,affirm,discontinuous,standard,4,1,Body + transition,Likeness
catman_pilot_v1,P025,judgment,C07,j_relationship,6,cat,retain,retain,affirm,discontinuous,standard,4,1,Body + transition,Relationship
catman_pilot_v1,P025,judgment,C07,j_obligation,6,cat,retain,retain,affirm,discontinuous,standard,4,1,Body + transition,Obligation
catman_pilot_v1,P025,judgment,C07,j_treatment,6,cat,retain,retain,affirm,discontinuous,standard,4,1,Body + transition,Treatment
catman_pilot_v1,P025,judgment,C05,j_identity,5,human,retain,retain,uncertain,continuous,standard,5,1,Self-ID uncertain,Identity
catman_pilot_v1,P025,judgment,C05,j_likeness,6,human,retain,retain,uncertain,continuous,standard,5,1,Self-ID uncertain,Likeness
catman_pilot_v1,P025,judgment,C05,j_relationship,5,human,retain,retain,uncertain,continuous,standard,5,1,Self-ID uncertain,Relationship
catman_pilot_v1,P025,judgment,C05,j_obligation,5,human,retain,retain,uncertain,continuous,standard,5,1,Self-ID uncertain,Obligation
catman_pilot_v1,P025,judgment,C05,j_treatment,4,human,retain,retain,uncertain,continuous,standard,5,1,Self-ID uncertain,Treatment
catman_pilot_v1,P025,judgment,C01,j_identity,7,human,retain,retain,affirm,continuous,standard,6,1,Baseline,Identity
catman_pilot_v1,P025,judgment,C01,j_likeness,7,human,retain,retain,affirm,continuous,standard,6,1,Baseline,Likeness
catman_pilot_v1,P025,judgment,C01,j_relationship,7,human,retain,retain,affirm,continuous,standard,6,1,Baseline,Relationship
catman_pilot_v1,P025,judgment,C01,j_obligation,7,human,retain,retain,affirm,continuous,standard,6,1,Baseline,Obligation
catman_pilot_v1,P025,judgment,C01,j_treatment,7,human,retain,retain,affirm,continuous,standard,6,1,Baseline,Treatment
catman_pilot_v1,P025,judgment,A09,j_identity,3,human,retain,retain,deny,continuous,anchor,7,1,Self-denial anchor,Identity
catman_pilot_v1,P025,judgment,A09,j_likeness,6,human,retain,retain,deny,continuous,anchor,7,1,Self-denial anchor,Likeness
catman_pilot_v1,P025,judgment,A09,j_relationship,6,human,retain,retain,deny,continuous,anchor,7,1,Self-denial anchor,Relationship
catman_pilot_v1,P025,judgment,A09,j_obligation,6,human,retain,retain,deny,continuous,anchor,7,1,Self-denial anchor,Obligation
catman_pilot_v1,P025,judgment,A09,j_treatment,3,human,retain,retain,deny,continuous,anchor,7,1,Self-denial anchor,Treatment
catman_pilot_v1,P025,judgment,A09,v_epistemic,6,human,retain,retain,deny,continuous,anchor,7,1,Self-denial anchor,Epistemic veto
catman_pilot_v1,P025,judgment,A09,v_normative,6,human,retain,retain,deny,continuous,anchor,7,1,Self-denial anchor,Normative veto
catman_pilot_v1,P025,judgment,A10,j_ab,7,cat,retain,retain,affirm,parallel,anchor,8,1,Parallel anchor,Pre-X = surviving human
catman_pilot_v1,P025,judgment,A10,j_ac,2,cat,retain,retain,affirm,parallel,anchor,8,1,Parallel anchor,Pre-X = generated cat
catman_pilot_v1,P025,judgment,A10,j_bc,2,cat,retain,retain,affirm,parallel,anchor,8,1,Parallel anchor,Surviving human = generated cat
catman_pilot_v1,P025,judgment,A10,j_excl,7,cat,retain,retain,affirm,parallel,anchor,8,1,Parallel anchor,Identity exclusivity
catman_pilot_v1,P025,judgment,A10,j_relationship,4,cat,retain,retain,affirm,parallel,anchor,8,1,Parallel anchor,Relationship
catman_pilot_v1,P025,judgment,A10,j_obligation,4,cat,retain,retain,affirm,parallel,anchor,8,1,Parallel anchor,Obligation
catman_pilot_v1,P025,judgment,A10,j_treatment,4,cat,retain,retain,affirm,parallel,anchor,8,1,Parallel anchor,Treatment
catman_pilot_v1,P025,judgment,C04,j_identity,7,human,retain,limited,affirm,continuous,standard,9,1,Function,Identity
catman_pilot_v1,P025,judgment,C04,j_likeness,7,human,retain,limited,affirm,continuous,standard,9,1,Function,Likeness
catman_pilot_v1,P025,judgment,C04,j_relationship,6,human,retain,limited,affirm,continuous,standard,9,1,Function,Relationship
catman_pilot_v1,P025,judgment,C04,j_obligation,6,human,retain,limited,affirm,continuous,standard,9,1,Function,Obligation
catman_pilot_v1,P025,judgment,C04,j_treatment,6,human,retain,limited,affirm,continuous,standard,9,1,Function,Treatment
catman_pilot_v1,P025,judgment,C08,j_identity,5,human,lost,retain,affirm,discontinuous,standard,10,1,Memory + transition,Identity
catman_pilot_v1,P025,judgment,C08,j_likeness,6,human,lost,retain,affirm,discontinuous,standard,10,1,Memory + transition,Likeness
catman_pilot_v1,P025,judgment,C08,j_relationship,2,human,lost,retain,affirm,discontinuous,standard,10,1,Memory + transition,Relationship
catman_pilot_v1,P025,judgment,C08,j_obligation,2,human,lost,retain,affirm,discontinuous,standard,10,1,Memory + transition,Obligation
catman_pilot_v1,P025,judgment,C08,j_treatment,3,human,lost,retain,affirm,discontinuous,standard,10,1,Memory + transition,Treatment
catman_pilot_v1,P057,judgment,C03,j_identity,3,human,lost,retain,affirm,continuous,standard,1,1,Memory,Identity
catman_pilot_v1,P057,judgment,C03,j_likeness,3,human,lost,retain,affirm,continuous,standard,1,1,Memory,Likeness
catman_pilot_v1,P057,judgment,C03,j_relationship,1,human,lost,retain,affirm,continuous,standard,1,1,Memory,Relationship
catman_pilot_v1,P057,judgment,C03,j_obligation,3,human,lost,retain,affirm,continuous,standard,1,1,Memory,Obligation
catman_pilot_v1,P057,judgment,C03,j_treatment,6,human,lost,retain,affirm,continuous,standard,1,1,Memory,Treatment
catman_pilot_v1,P057,judgment,C08,j_identity,2,human,lost,retain,affirm,discontinuous,standard,2,1,Memory + transition,Identity
catman_pilot_v1,P057,judgment,C08,j_likeness,5,human,lost,retain,affirm,discontinuous,standard,2,1,Memory + transition,Likeness
catman_pilot_v1,P057,judgment,C08,j_relationship,2,human,lost,retain,affirm,discontinuous,standard,2,1,Memory + transition,Relationship
catman_pilot_v1,P057,judgment,C08,j_obligation,3,human,lost,retain,affirm,discontinuous,standard,2,1,Memory + transition,Obligation
catman_pilot_v1,P057,judgment,C08,j_treatment,5,human,lost,retain,affirm,discontinuous,standard,2,1,Memory + transition,Treatment
catman_pilot_v1,P057,judgment,C06,j_identity,6,human,retain,retain,affirm,discontinuous,standard,3,1,Transition,Identity
catman_pilot_v1,P057,judgment,C06,j_likeness,7,human,retain,retain,affirm,discontinuous,standard,3,1,Transition,Likeness
catman_pilot_v1,P057,judgment,C06,j_relationship,7,human,retain,retain,affirm,discontinuous,standard,3,1,Transition,Relationship
catman_pilot_v1,P057,judgment,C06,j_obligation,7,human,retain,retain,affirm,discontinuous,standard,3,1,Transition,Obligation
catman_pilot_v1,P057,judgment,C06,j_treatment,7,human,retain,retain,affirm,discontinuous,standard,3,1,Transition,Treatment
catman_pilot_v1,P057,judgment,C07,j_identity,6,cat,retain,retain,affirm,discontinuous,standard,4,1,Body + transition,Identity
catman_pilot_v1,P057,judgment,C07,j_likeness,5,cat,retain,retain,affirm,discontinuous,standard,4,1,Body + transition,Likeness
catman_pilot_v1,P057,judgment,C07,j_relationship,6,cat,retain,retain,affirm,discontinuous,standard,4,1,Body + transition,Relationship
catman_pilot_v1,P057,judgment,C07,j_obligation,6,cat,retain,retain,affirm,discontinuous,standard,4,1,Body + transition,Obligation
catman_pilot_v1,P057,judgment,C07,j_treatment,6,cat,retain,retain,affirm,discontinuous,standard,4,1,Body + transition,Treatment
catman_pilot_v1,P057,judgment,A09,j_identity,2,human,retain,retain,deny,continuous,anchor,5,1,Self-denial anchor,Identity
catman_pilot_v1,P057,judgment,A09,j_likeness,2,human,retain,retain,deny,continuous,anchor,5,1,Self-denial anchor,Likeness
catman_pilot_v1,P057,judgment,A09,j_relationship,3,human,retain,retain,deny,continuous,anchor,5,1,Self-denial anchor,Relationship
catman_pilot_v1,P057,judgment,A09,j_obligation,2,human,retain,retain,deny,continuous,anchor,5,1,Self-denial anchor,Obligation
catman_pilot_v1,P057,judgment,A09,j_treatment,2,human,retain,retain,deny,continuous,anchor,5,1,Self-denial anchor,Treatment
catman_pilot_v1,P057,judgment,A09,v_epistemic,6,human,retain,retain,deny,continuous,anchor,5,1,Self-denial anchor,Epistemic veto
catman_pilot_v1,P057,judgment,A09,v_normative,6,human,retain,retain,deny,continuous,anchor,5,1,Self-denial anchor,Normative veto
catman_pilot_v1,P057,judgment,C04,j_identity,7,human,retain,limited,affirm,continuous,standard,6,1,Function,Identity
catman_pilot_v1,P057,judgment,C04,j_likeness,6,human,retain,limited,affirm,continuous,standard,6,1,Function,Likeness
catman_pilot_v1,P057,judgment,C04,j_relationship,7,human,retain,limited,affirm,continuous,standard,6,1,Function,Relationship
catman_pilot_v1,P057,judgment,C04,j_obligation,6,human,retain,limited,affirm,continuous,standard,6,1,Function,Obligation
catman_pilot_v1,P057,judgment,C04,j_treatment,7,human,retain,limited,affirm,continuous,standard,6,1,Function,Treatment
catman_pilot_v1,P057,judgment,C01,j_identity,7,human,retain,retain,affirm,continuous,standard,7,1,Baseline,Identity
catman_pilot_v1,P057,judgment,C01,j_likeness,7,human,retain,retain,affirm,continuous,standard,7,1,Baseline,Likeness
catman_pilot_v1,P057,judgment,C01,j_relationship,7,human,retain,retain,affirm,continuous,standard,7,1,Baseline,Relationship
catman_pilot_v1,P057,judgment,C01,j_obligation,7,human,retain,retain,affirm,continuous,standard,7,1,Baseline,Obligation
catman_pilot_v1,P057,judgment,C01,j_treatment,7,human,retain,retain,affirm,continuous,standard,7,1,Baseline,Treatment
catman_pilot_v1,P057,judgment,C02,j_identity,6,cat,retain,retain,affirm,continuous,standard,8,1,Body,Identity
catman_pilot_v1,P057,judgment,C02,j_likeness,5,cat,retain,retain,affirm,continuous,standard,8,1,Body,Likeness
catman_pilot_v1,P057,judgment,C02,j_relationship,5,cat,retain,retain,affirm,continuous,standard,8,1,Body,Relationship
catman_pilot_v1,P057,judgment,C02,j_obligation,5,cat,retain,retain,affirm,continuous,standard,8,1,Body,Obligation
catman_pilot_v1,P057,judgment,C02,j_treatment,5,cat,retain,retain,affirm,continuous,standard,8,1,Body,Treatment
catman_pilot_v1,P057,judgment,A10,j_ab,7,cat,retain,retain,affirm,parallel,anchor,9,1,Parallel anchor,Pre-X = surviving human
catman_pilot_v1,P057,judgment,A10,j_ac,2,cat,retain,retain,affirm,parallel,anchor,9,1,Parallel anchor,Pre-X = generated cat
catman_pilot_v1,P057,judgment,A10,j_bc,1,cat,retain,retain,affirm,parallel,anchor,9,1,Parallel anchor,Surviving human = generated cat
catman_pilot_v1,P057,judgment,A10,j_excl,7,cat,retain,retain,affirm,parallel,anchor,9,1,Parallel anchor,Identity exclusivity
catman_pilot_v1,P057,judgment,A10,j_relationship,3,cat,retain,retain,affirm,parallel,anchor,9,1,Parallel anchor,Relationship
catman_pilot_v1,P057,judgment,A10,j_obligation,3,cat,retain,retain,affirm,parallel,anchor,9,1,Parallel anchor,Obligation
catman_pilot_v1,P057,judgment,A10,j_treatment,2,cat,retain,retain,affirm,parallel,anchor,9,1,Parallel anchor,Treatment
catman_pilot_v1,P057,judgment,C05,j_identity,2,human,retain,retain,uncertain,continuous,standard,10,1,Self-ID uncertain,Identity
catman_pilot_v1,P057,judgment,C05,j_likeness,2,human,retain,retain,uncertain,continuous,standard,10,1,Self-ID uncertain,Likeness
catman_pilot_v1,P057,judgment,C05,j_relationship,2,human,retain,retain,uncertain,continuous,standard,10,1,Self-ID uncertain,Relationship
catman_pilot_v1,P057,judgment,C05,j_obligation,1,human,retain,retain,uncertain,continuous,standard,10,1,Self-ID uncertain,Obligation
catman_pilot_v1,P057,judgment,C05,j_treatment,2,human,retain,retain,uncertain,continuous,standard,10,1,Self-ID uncertain,Treatment
catman_pilot_v1,P075,judgment,C07,j_identity,1,cat,retain,retain,affirm,discontinuous,standard,1,1,Body + transition,Identity
catman_pilot_v1,P075,judgment,C07,j_likeness,5,cat,retain,retain,affirm,discontinuous,standard,1,1,Body + transition,Likeness
catman_pilot_v1,P075,judgment,C07,j_relationship,5,cat,retain,retain,affirm,discontinuous,standard,1,1,Body + transition,Relationship
catman_pilot_v1,P075,judgment,C07,j_obligation,5,cat,retain,retain,affirm,discontinuous,standard,1,1,Body + transition,Obligation
catman_pilot_v1,P075,judgment,C07,j_treatment,4,cat,retain,retain,affirm,discontinuous,standard,1,1,Body + transition,Treatment
catman_pilot_v1,P075,judgment,C02,j_identity,2,cat,retain,retain,affirm,continuous,standard,2,1,Body,Identity
catman_pilot_v1,P075,judgment,C02,j_likeness,5,cat,retain,retain,affirm,continuous,standard,2,1,Body,Likeness
catman_pilot_v1,P075,judgment,C02,j_relationship,5,cat,retain,retain,affirm,continuous,standard,2,1,Body,Relationship
catman_pilot_v1,P075,judgment,C02,j_obligation,5,cat,retain,retain,affirm,continuous,standard,2,1,Body,Obligation
catman_pilot_v1,P075,judgment,C02,j_treatment,4,cat,retain,retain,affirm,continuous,standard,2,1,Body,Treatment
catman_pilot_v1,P075,judgment,C03,j_identity,1,human,lost,retain,affirm,continuous,standard,3,1,Memory,Identity
catman_pilot_v1,P075,judgment,C03,j_likeness,5,human,lost,retain,affirm,continuous,standard,3,1,Memory,Likeness
catman_pilot_v1,P075,judgment,C03,j_relationship,5,human,lost,retain,affirm,continuous,standard,3,1,Memory,Relationship
catman_pilot_v1,P075,judgment,C03,j_obligation,1,human,lost,retain,affirm,continuous,standard,3,1,Memory,Obligation
catman_pilot_v1,P075,judgment,C03,j_treatment,5,human,lost,retain,affirm,continuous,standard,3,1,Memory,Treatment
catman_pilot_v1,P075,judgment,C04,j_identity,1,human,retain,limited,affirm,continuous,standard,4,1,Function,Identity
catman_pilot_v1,P075,judgment,C04,j_likeness,5,human,retain,limited,affirm,continuous,standard,4,1,Function,Likeness
catman_pilot_v1,P075,judgment,C04,j_relationship,7,human,retain,limited,affirm,continuous,standard,4,1,Function,Relationship
catman_pilot_v1,P075,judgment,C04,j_obligation,7,human,retain,limited,affirm,continuous,standard,4,1,Function,Obligation
catman_pilot_v1,P075,judgment,C04,j_treatment,6,human,retain,limited,affirm,continuous,standard,4,1,Function,Treatment
catman_pilot_v1,P075,judgment,C06,j_identity,7,human,retain,retain,affirm,discontinuous,standard,5,1,Transition,Identity
catman_pilot_v1,P075,judgment,C06,j_likeness,7,human,retain,retain,affirm,discontinuous,standard,5,1,Transition,Likeness
catman_pilot_v1,P075,judgment,C06,j_relationship,7,human,retain,retain,affirm,discontinuous,standard,5,1,Transition,Relationship
catman_pilot_v1,P075,judgment,C06,j_obligation,7,human,retain,retain,affirm,discontinuous,standard,5,1,Transition,Obligation
catman_pilot_v1,P075,judgment,C06,j_treatment,7,human,retain,retain,affirm,discontinuous,standard,5,1,Transition,Treatment
catman_pilot_v1,P075,judgment,C08,j_identity,2,human,lost,retain,affirm,discontinuous,standard,6,1,Memory + transition,Identity
catman_pilot_v1,P075,judgment,C08,j_likeness,5,human,lost,retain,affirm,discontinuous,standard,6,1,Memory + transition,Likeness
catman_pilot_v1,P075,judgment,C08,j_relationship,5,human,lost,retain,affirm,discontinuous,standard,6,1,Memory + transition,Relationship
catman_pilot_v1,P075,judgment,C08,j_obligation,2,human,lost,retain,affirm,discontinuous,standard,6,1,Memory + transition,Obligation
catman_pilot_v1,P075,judgment,C08,j_treatment,4,human,lost,retain,affirm,discontinuous,standard,6,1,Memory + transition,Treatment
catman_pilot_v1,P075,judgment,A09,j_identity,1,human,retain,retain,deny,continuous,anchor,7,1,Self-denial anchor,Identity
catman_pilot_v1,P075,judgment,A09,j_likeness,5,human,retain,retain,deny,continuous,anchor,7,1,Self-denial anchor,Likeness
catman_pilot_v1,P075,judgment,A09,j_relationship,7,human,retain,retain,deny,continuous,anchor,7,1,Self-denial anchor,Relationship
catman_pilot_v1,P075,judgment,A09,j_obligation,4,human,retain,retain,deny,continuous,anchor,7,1,Self-denial anchor,Obligation
catman_pilot_v1,P075,judgment,A09,j_treatment,4,human,retain,retain,deny,continuous,anchor,7,1,Self-denial anchor,Treatment
catman_pilot_v1,P075,judgment,A09,v_epistemic,5,human,retain,retain,deny,continuous,anchor,7,1,Self-denial anchor,Epistemic veto
catman_pilot_v1,P075,judgment,A09,v_normative,5,human,retain,retain,deny,continuous,anchor,7,1,Self-denial anchor,Normative veto
catman_pilot_v1,P075,judgment,C01,j_identity,7,human,retain,retain,affirm,continuous,standard,8,1,Baseline,Identity
catman_pilot_v1,P075,judgment,C01,j_likeness,7,human,retain,retain,affirm,continuous,standard,8,1,Baseline,Likeness
catman_pilot_v1,P075,judgment,C01,j_relationship,7,human,retain,retain,affirm,continuous,standard,8,1,Baseline,Relationship
catman_pilot_v1,P075,judgment,C01,j_obligation,7,human,retain,retain,affirm,continuous,standard,8,1,Baseline,Obligation
catman_pilot_v1,P075,judgment,C01,j_treatment,7,human,retain,retain,affirm,continuous,standard,8,1,Baseline,Treatment
catman_pilot_v1,P075,judgment,C05,j_identity,6,human,retain,retain,uncertain,continuous,standard,9,1,Self-ID uncertain,Identity
catman_pilot_v1,P075,judgment,C05,j_likeness,6,human,retain,retain,uncertain,continuous,standard,9,1,Self-ID uncertain,Likeness
catman_pilot_v1,P075,judgment,C05,j_relationship,7,human,retain,retain,uncertain,continuous,standard,9,1,Self-ID uncertain,Relationship
catman_pilot_v1,P075,judgment,C05,j_obligation,3,human,retain,retain,uncertain,continuous,standard,9,1,Self-ID uncertain,Obligation
catman_pilot_v1,P075,judgment,C05,j_treatment,5,human,retain,retain,uncertain,continuous,standard,9,1,Self-ID uncertain,Treatment
catman_pilot_v1,P075,judgment,A10,j_ab,7,cat,retain,retain,affirm,parallel,anchor,10,1,Parallel anchor,Pre-X = surviving human
catman_pilot_v1,P075,judgment,A10,j_ac,3,cat,retain,retain,affirm,parallel,anchor,10,1,Parallel anchor,Pre-X = generated cat
catman_pilot_v1,P075,judgment,A10,j_bc,3,cat,retain,retain,affirm,parallel,anchor,10,1,Parallel anchor,Surviving human = generated cat
catman_pilot_v1,P075,judgment,A10,j_excl,4,cat,retain,retain,affirm,parallel,anchor,10,1,Parallel anchor,Identity exclusivity
catman_pilot_v1,P075,judgment,A10,j_relationship,7,cat,retain,retain,affirm,parallel,anchor,10,1,Parallel anchor,Relationship
catman_pilot_v1,P075,judgment,A10,j_obligation,7,cat,retain,retain,affirm,parallel,anchor,10,1,Parallel anchor,Obligation
catman_pilot_v1,P075,judgment,A10,j_treatment,7,cat,retain,retain,affirm,parallel,anchor,10,1,Parallel anchor,Treatment
catman_pilot_v1,P047,judgment,C06,j_identity,2,human,retain,retain,affirm,discontinuous,standard,1,1,Transition,Identity
catman_pilot_v1,P047,judgment,C06,j_likeness,7,human,retain,retain,affirm,discontinuous,standard,1,1,Transition,Likeness
catman_pilot_v1,P047,judgment,C06,j_relationship,5,human,retain,retain,affirm,discontinuous,standard,1,1,Transition,Relationship
catman_pilot_v1,P047,judgment,C06,j_obligation,1,human,retain,retain,affirm,discontinuous,standard,1,1,Transition,Obligation
catman_pilot_v1,P047,judgment,C06,j_treatment,6,human,retain,retain,affirm,discontinuous,standard,1,1,Transition,Treatment
catman_pilot_v1,P047,judgment,C01,j_identity,1,human,retain,retain,affirm,continuous,standard,2,1,Baseline,Identity
catman_pilot_v1,P047,judgment,C01,j_likeness,7,human,retain,retain,affirm,continuous,standard,2,1,Baseline,Likeness
catman_pilot_v1,P047,judgment,C01,j_relationship,5,human,retain,retain,affirm,continuous,standard,2,1,Baseline,Relationship
catman_pilot_v1,P047,judgment,C01,j_obligation,1,human,retain,retain,affirm,continuous,standard,2,1,Baseline,Obligation
catman_pilot_v1,P047,judgment,C01,j_treatment,5,human,retain,retain,affirm,continuous,standard,2,1,Baseline,Treatment
catman_pilot_v1,P047,judgment,C02,j_identity,1,cat,retain,retain,affirm,continuous,standard,3,1,Body,Identity
catman_pilot_v1,P047,judgment,C02,j_likeness,1,cat,retain,retain,affirm,continuous,standard,3,1,Body,Likeness
catman_pilot_v1,P047,judgment,C02,j_relationship,5,cat,retain,retain,affirm,continuous,standard,3,1,Body,Relationship
catman_pilot_v1,P047,judgment,C02,j_obligation,1,cat,retain,retain,affirm,continuous,standard,3,1,Body,Obligation
catman_pilot_v1,P047,judgment,C02,j_treatment,2,cat,retain,retain,affirm,continuous,standard,3,1,Body,Treatment
catman_pilot_v1,P047,judgment,C03,j_identity,1,human,lost,retain,affirm,continuous,standard,4,1,Memory,Identity
catman_pilot_v1,P047,judgment,C03,j_likeness,7,human,lost,retain,affirm,continuous,standard,4,1,Memory,Likeness
catman_pilot_v1,P047,judgment,C03,j_relationship,1,human,lost,retain,affirm,continuous,standard,4,1,Memory,Relationship
catman_pilot_v1,P047,judgment,C03,j_obligation,1,human,lost,retain,affirm,continuous,standard,4,1,Memory,Obligation
catman_pilot_v1,P047,judgment,C03,j_treatment,1,human,lost,retain,affirm,continuous,standard,4,1,Memory,Treatment
catman_pilot_v1,P047,judgment,C04,j_identity,2,human,retain,limited,affirm,continuous,standard,5,1,Function,Identity
catman_pilot_v1,P047,judgment,C04,j_likeness,7,human,retain,limited,affirm,continuous,standard,5,1,Function,Likeness
catman_pilot_v1,P047,judgment,C04,j_relationship,6,human,retain,limited,affirm,continuous,standard,5,1,Function,Relationship
catman_pilot_v1,P047,judgment,C04,j_obligation,1,human,retain,limited,affirm,continuous,standard,5,1,Function,Obligation
catman_pilot_v1,P047,judgment,C04,j_treatment,6,human,retain,limited,affirm,continuous,standard,5,1,Function,Treatment
catman_pilot_v1,P047,judgment,C08,j_identity,1,human,lost,retain,affirm,discontinuous,standard,6,1,Memory + transition,Identity
catman_pilot_v1,P047,judgment,C08,j_likeness,7,human,lost,retain,affirm,discontinuous,standard,6,1,Memory + transition,Likeness
catman_pilot_v1,P047,judgment,C08,j_relationship,1,human,lost,retain,affirm,discontinuous,standard,6,1,Memory + transition,Relationship
catman_pilot_v1,P047,judgment,C08,j_obligation,1,human,lost,retain,affirm,discontinuous,standard,6,1,Memory + transition,Obligation
catman_pilot_v1,P047,judgment,C08,j_treatment,1,human,lost,retain,affirm,discontinuous,standard,6,1,Memory + transition,Treatment
catman_pilot_v1,P047,judgment,C07,j_identity,3,cat,retain,retain,affirm,discontinuous,standard,7,1,Body + transition,Identity
catman_pilot_v1,P047,judgment,C07,j_likeness,1,cat,retain,retain,affirm,discontinuous,standard,7,1,Body + transition,Likeness
catman_pilot_v1,P047,judgment,C07,j_relationship,4,cat,retain,retain,affirm,discontinuous,standard,7,1,Body + transition,Relationship
catman_pilot_v1,P047,judgment,C07,j_obligation,2,cat,retain,retain,affirm,discontinuous,standard,7,1,Body + transition,Obligation
catman_pilot_v1,P047,judgment,C07,j_treatment,1,cat,retain,retain,affirm,discontinuous,standard,7,1,Body + transition,Treatment
catman_pilot_v1,P047,judgment,A10,j_ab,7,cat,retain,retain,affirm,parallel,anchor,8,1,Parallel anchor,Pre-X = surviving human
catman_pilot_v1,P047,judgment,A10,j_ac,1,cat,retain,retain,affirm,parallel,anchor,8,1,Parallel anchor,Pre-X = generated cat
catman_pilot_v1,P047,judgment,A10,j_bc,6,cat,retain,retain,affirm,parallel,anchor,8,1,Parallel anchor,Surviving human = generated cat
catman_pilot_v1,P047,judgment,A10,j_excl,4,cat,retain,retain,affirm,parallel,anchor,8,1,Parallel anchor,Identity exclusivity
catman_pilot_v1,P047,judgment,A10,j_relationship,5,cat,retain,retain,affirm,parallel,anchor,8,1,Parallel anchor,Relationship
catman_pilot_v1,P047,judgment,A10,j_obligation,6,cat,retain,retain,affirm,parallel,anchor,8,1,Parallel anchor,Obligation
catman_pilot_v1,P047,judgment,A10,j_treatment,5,cat,retain,retain,affirm,parallel,anchor,8,1,Parallel anchor,Treatment
catman_pilot_v1,P047,judgment,C05,j_identity,4,human,retain,retain,uncertain,continuous,standard,9,1,Self-ID uncertain,Identity
catman_pilot_v1,P047,judgment,C05,j_likeness,7,human,retain,retain,uncertain,continuous,standard,9,1,Self-ID uncertain,Likeness
catman_pilot_v1,P047,judgment,C05,j_relationship,2,human,retain,retain,uncertain,continuous,standard,9,1,Self-ID uncertain,Relationship
catman_pilot_v1,P047,judgment,C05,j_obligation,3,human,retain,retain,uncertain,continuous,standard,9,1,Self-ID uncertain,Obligation
catman_pilot_v1,P047,judgment,C05,j_treatment,5,human,retain,retain,uncertain,continuous,standard,9,1,Self-ID uncertain,Treatment
catman_pilot_v1,P047,judgment,A09,j_identity,1,human,retain,retain,deny,continuous,anchor,10,1,Self-denial anchor,Identity
catman_pilot_v1,P047,judgment,A09,j_likeness,7,human,retain,retain,deny,continuous,anchor,10,1,Self-denial anchor,Likeness
catman_pilot_v1,P047,judgment,A09,j_relationship,4,human,retain,retain,deny,continuous,anchor,10,1,Self-denial anchor,Relationship
catman_pilot_v1,P047,judgment,A09,j_obligation,3,human,retain,retain,deny,continuous,anchor,10,1,Self-denial anchor,Obligation
catman_pilot_v1,P047,judgment,A09,j_treatment,3,human,retain,retain,deny,continuous,anchor,10,1,Self-denial anchor,Treatment
catman_pilot_v1,P047,judgment,A09,v_epistemic,3,human,retain,retain,deny,continuous,anchor,10,1,Self-denial anchor,Epistemic veto
catman_pilot_v1,P047,judgment,A09,v_normative,6,human,retain,retain,deny,continuous,anchor,10,1,Self-denial anchor,Normative veto
catman_pilot_v1,P089,judgment,C05,j_identity,6,human,retain,retain,uncertain,continuous,standard,1,1,Self-ID uncertain,Identity
catman_pilot_v1,P089,judgment,C05,j_likeness,5,human,retain,retain,uncertain,continuous,standard,1,1,Self-ID uncertain,Likeness
catman_pilot_v1,P089,judgment,C05,j_relationship,5,human,retain,retain,uncertain,continuous,standard,1,1,Self-ID uncertain,Relationship
catman_pilot_v1,P089,judgment,C05,j_obligation,3,human,retain,retain,uncertain,continuous,standard,1,1,Self-ID uncertain,Obligation
catman_pilot_v1,P089,judgment,C05,j_treatment,6,human,retain,retain,uncertain,continuous,standard,1,1,Self-ID uncertain,Treatment
catman_pilot_v1,P089,judgment,C07,j_identity,3,cat,retain,retain,affirm,discontinuous,standard,2,1,Body + transition,Identity
catman_pilot_v1,P089,judgment,C07,j_likeness,6,cat,retain,retain,affirm,discontinuous,standard,2,1,Body + transition,Likeness
catman_pilot_v1,P089,judgment,C07,j_relationship,4,cat,retain,retain,affirm,discontinuous,standard,2,1,Body + transition,Relationship
catman_pilot_v1,P089,judgment,C07,j_obligation,2,cat,retain,retain,affirm,discontinuous,standard,2,1,Body + transition,Obligation
catman_pilot_v1,P089,judgment,C07,j_treatment,2,cat,retain,retain,affirm,discontinuous,standard,2,1,Body + transition,Treatment
catman_pilot_v1,P089,judgment,C08,j_identity,6,human,lost,retain,affirm,discontinuous,standard,3,1,Memory + transition,Identity
catman_pilot_v1,P089,judgment,C08,j_likeness,6,human,lost,retain,affirm,discontinuous,standard,3,1,Memory + transition,Likeness
catman_pilot_v1,P089,judgment,C08,j_relationship,5,human,lost,retain,affirm,discontinuous,standard,3,1,Memory + transition,Relationship
catman_pilot_v1,P089,judgment,C08,j_obligation,6,human,lost,retain,affirm,discontinuous,standard,3,1,Memory + transition,Obligation
catman_pilot_v1,P089,judgment,C08,j_treatment,7,human,lost,retain,affirm,discontinuous,standard,3,1,Memory + transition,Treatment
catman_pilot_v1,P089,judgment,C04,j_identity,2,human,retain,limited,affirm,continuous,standard,4,1,Function,Identity
catman_pilot_v1,P089,judgment,C04,j_likeness,7,human,retain,limited,affirm,continuous,standard,4,1,Function,Likeness
catman_pilot_v1,P089,judgment,C04,j_relationship,3,human,retain,limited,affirm,continuous,standard,4,1,Function,Relationship
catman_pilot_v1,P089,judgment,C04,j_obligation,2,human,retain,limited,affirm,continuous,standard,4,1,Function,Obligation
catman_pilot_v1,P089,judgment,C04,j_treatment,3,human,retain,limited,affirm,continuous,standard,4,1,Function,Treatment
catman_pilot_v1,P089,judgment,C06,j_identity,7,human,retain,retain,affirm,discontinuous,standard,5,1,Transition,Identity
catman_pilot_v1,P089,judgment,C06,j_likeness,7,human,retain,retain,affirm,discontinuous,standard,5,1,Transition,Likeness
catman_pilot_v1,P089,judgment,C06,j_relationship,6,human,retain,retain,affirm,discontinuous,standard,5,1,Transition,Relationship
catman_pilot_v1,P089,judgment,C06,j_obligation,5,human,retain,retain,affirm,discontinuous,standard,5,1,Transition,Obligation
catman_pilot_v1,P089,judgment,C06,j_treatment,7,human,retain,retain,affirm,discontinuous,standard,5,1,Transition,Treatment
catman_pilot_v1,P089,judgment,C01,j_identity,5,human,retain,retain,affirm,continuous,standard,6,1,Baseline,Identity
catman_pilot_v1,P089,judgment,C01,j_likeness,7,human,retain,retain,affirm,continuous,standard,6,1,Baseline,Likeness
catman_pilot_v1,P089,judgment,C01,j_relationship,4,human,retain,retain,affirm,continuous,standard,6,1,Baseline,Relationship
catman_pilot_v1,P089,judgment,C01,j_obligation,2,human,retain,retain,affirm,continuous,standard,6,1,Baseline,Obligation
catman_pilot_v1,P089,judgment,C01,j_treatment,4,human,retain,retain,affirm,continuous,standard,6,1,Baseline,Treatment
catman_pilot_v1,P089,judgment,A09,j_identity,7,human,retain,retain,deny,continuous,anchor,7,1,Self-denial anchor,Identity
catman_pilot_v1,P089,judgment,A09,j_likeness,7,human,retain,retain,deny,continuous,anchor,7,1,Self-denial anchor,Likeness
catman_pilot_v1,P089,judgment,A09,j_relationship,4,human,retain,retain,deny,continuous,anchor,7,1,Self-denial anchor,Relationship
catman_pilot_v1,P089,judgment,A09,j_obligation,2,human,retain,retain,deny,continuous,anchor,7,1,Self-denial anchor,Obligation
catman_pilot_v1,P089,judgment,A09,j_treatment,1,human,retain,retain,deny,continuous,anchor,7,1,Self-denial anchor,Treatment
catman_pilot_v1,P089,judgment,A09,v_epistemic,6,human,retain,retain,deny,continuous,anchor,7,1,Self-denial anchor,Epistemic veto
catman_pilot_v1,P089,judgment,A09,v_normative,7,human,retain,retain,deny,continuous,anchor,7,1,Self-denial anchor,Normative veto
catman_pilot_v1,P089,judgment,A10,j_ab,7,cat,retain,retain,affirm,parallel,anchor,8,1,Parallel anchor,Pre-X = surviving human
catman_pilot_v1,P089,judgment,A10,j_ac,3,cat,retain,retain,affirm,parallel,anchor,8,1,Parallel anchor,Pre-X = generated cat
catman_pilot_v1,P089,judgment,A10,j_bc,4,cat,retain,retain,affirm,parallel,anchor,8,1,Parallel anchor,Surviving human = generated cat
catman_pilot_v1,P089,judgment,A10,j_excl,7,cat,retain,retain,affirm,parallel,anchor,8,1,Parallel anchor,Identity exclusivity
catman_pilot_v1,P089,judgment,A10,j_relationship,6,cat,retain,retain,affirm,parallel,anchor,8,1,Parallel anchor,Relationship
catman_pilot_v1,P089,judgment,A10,j_obligation,6,cat,retain,retain,affirm,parallel,anchor,8,1,Parallel anchor,Obligation
catman_pilot_v1,P089,judgment,A10,j_treatment,7,cat,retain,retain,affirm,parallel,anchor,8,1,Parallel anchor,Treatment
catman_pilot_v1,P089,judgment,C02,j_identity,2,cat,retain,retain,affirm,continuous,standard,9,1,Body,Identity
catman_pilot_v1,P089,judgment,C02,j_likeness,6,cat,retain,retain,affirm,continuous,standard,9,1,Body,Likeness
catman_pilot_v1,P089,judgment,C02,j_relationship,3,cat,retain,retain,affirm,continuous,standard,9,1,Body,Relationship
catman_pilot_v1,P089,judgment,C02,j_obligation,2,cat,retain,retain,affirm,continuous,standard,9,1,Body,Obligation
catman_pilot_v1,P089,judgment,C02,j_treatment,2,cat,retain,retain,affirm,continuous,standard,9,1,Body,Treatment
catman_pilot_v1,P089,judgment,C03,j_identity,5,human,lost,retain,affirm,continuous,standard,10,1,Memory,Identity
catman_pilot_v1,P089,judgment,C03,j_likeness,7,human,lost,retain,affirm,continuous,standard,10,1,Memory,Likeness
catman_pilot_v1,P089,judgment,C03,j_relationship,4,human,lost,retain,affirm,continuous,standard,10,1,Memory,Relationship
catman_pilot_v1,P089,judgment,C03,j_obligation,1,human,lost,retain,affirm,continuous,standard,10,1,Memory,Obligation
catman_pilot_v1,P089,judgment,C03,j_treatment,2,human,lost,retain,affirm,continuous,standard,10,1,Memory,Treatment
catman_pilot_v1,P054,judgment,C02,j_identity,5,cat,retain,retain,affirm,continuous,standard,1,1,Body,Identity
catman_pilot_v1,P054,judgment,C02,j_likeness,5,cat,retain,retain,affirm,continuous,standard,1,1,Body,Likeness
catman_pilot_v1,P054,judgment,C02,j_relationship,5,cat,retain,retain,affirm,continuous,standard,1,1,Body,Relationship
catman_pilot_v1,P054,judgment,C02,j_obligation,5,cat,retain,retain,affirm,continuous,standard,1,1,Body,Obligation
catman_pilot_v1,P054,judgment,C02,j_treatment,5,cat,retain,retain,affirm,continuous,standard,1,1,Body,Treatment
catman_pilot_v1,P054,judgment,C03,j_identity,2,human,lost,retain,affirm,continuous,standard,2,1,Memory,Identity
catman_pilot_v1,P054,judgment,C03,j_likeness,3,human,lost,retain,affirm,continuous,standard,2,1,Memory,Likeness
catman_pilot_v1,P054,judgment,C03,j_relationship,2,human,lost,retain,affirm,continuous,standard,2,1,Memory,Relationship
catman_pilot_v1,P054,judgment,C03,j_obligation,2,human,lost,retain,affirm,continuous,standard,2,1,Memory,Obligation
catman_pilot_v1,P054,judgment,C03,j_treatment,2,human,lost,retain,affirm,continuous,standard,2,1,Memory,Treatment
catman_pilot_v1,P054,judgment,C05,j_identity,5,human,retain,retain,uncertain,continuous,standard,3,1,Self-ID uncertain,Identity
catman_pilot_v1,P054,judgment,C05,j_likeness,5,human,retain,retain,uncertain,continuous,standard,3,1,Self-ID uncertain,Likeness
catman_pilot_v1,P054,judgment,C05,j_relationship,5,human,retain,retain,uncertain,continuous,standard,3,1,Self-ID uncertain,Relationship
catman_pilot_v1,P054,judgment,C05,j_obligation,4,human,retain,retain,uncertain,continuous,standard,3,1,Self-ID uncertain,Obligation
catman_pilot_v1,P054,judgment,C05,j_treatment,5,human,retain,retain,uncertain,continuous,standard,3,1,Self-ID uncertain,Treatment
catman_pilot_v1,P054,judgment,C08,j_identity,2,human,lost,retain,affirm,discontinuous,standard,4,1,Memory + transition,Identity
catman_pilot_v1,P054,judgment,C08,j_likeness,2,human,lost,retain,affirm,discontinuous,standard,4,1,Memory + transition,Likeness
catman_pilot_v1,P054,judgment,C08,j_relationship,2,human,lost,retain,affirm,discontinuous,standard,4,1,Memory + transition,Relationship
catman_pilot_v1,P054,judgment,C08,j_obligation,2,human,lost,retain,affirm,discontinuous,standard,4,1,Memory + transition,Obligation
catman_pilot_v1,P054,judgment,C08,j_treatment,2,human,lost,retain,affirm,discontinuous,standard,4,1,Memory + transition,Treatment
catman_pilot_v1,P054,judgment,C06,j_identity,3,human,retain,retain,affirm,discontinuous,standard,5,1,Transition,Identity
catman_pilot_v1,P054,judgment,C06,j_likeness,3,human,retain,retain,affirm,discontinuous,standard,5,1,Transition,Likeness
catman_pilot_v1,P054,judgment,C06,j_relationship,3,human,retain,retain,affirm,discontinuous,standard,5,1,Transition,Relationship
catman_pilot_v1,P054,judgment,C06,j_obligation,3,human,retain,retain,affirm,discontinuous,standard,5,1,Transition,Obligation
catman_pilot_v1,P054,judgment,C06,j_treatment,3,human,retain,retain,affirm,discontinuous,standard,5,1,Transition,Treatment
catman_pilot_v1,P054,judgment,A09,j_identity,4,human,retain,retain,deny,continuous,anchor,6,1,Self-denial anchor,Identity
catman_pilot_v1,P054,judgment,A09,j_likeness,4,human,retain,retain,deny,continuous,anchor,6,1,Self-denial anchor,Likeness
catman_pilot_v1,P054,judgment,A09,j_relationship,3,human,retain,retain,deny,continuous,anchor,6,1,Self-denial anchor,Relationship
catman_pilot_v1,P054,judgment,A09,j_obligation,3,human,retain,retain,deny,continuous,anchor,6,1,Self-denial anchor,Obligation
catman_pilot_v1,P054,judgment,A09,j_treatment,3,human,retain,retain,deny,continuous,anchor,6,1,Self-denial anchor,Treatment
catman_pilot_v1,P054,judgment,A09,v_epistemic,5,human,retain,retain,deny,continuous,anchor,6,1,Self-denial anchor,Epistemic veto
catman_pilot_v1,P054,judgment,A09,v_normative,5,human,retain,retain,deny,continuous,anchor,6,1,Self-denial anchor,Normative veto
catman_pilot_v1,P054,judgment,C04,j_identity,5,human,retain,limited,affirm,continuous,standard,7,1,Function,Identity
catman_pilot_v1,P054,judgment,C04,j_likeness,5,human,retain,limited,affirm,continuous,standard,7,1,Function,Likeness
catman_pilot_v1,P054,judgment,C04,j_relationship,5,human,retain,limited,affirm,continuous,standard,7,1,Function,Relationship
catman_pilot_v1,P054,judgment,C04,j_obligation,4,human,retain,limited,affirm,continuous,standard,7,1,Function,Obligation
catman_pilot_v1,P054,judgment,C04,j_treatment,5,human,retain,limited,affirm,continuous,standard,7,1,Function,Treatment
catman_pilot_v1,P054,judgment,C07,j_identity,5,cat,retain,retain,affirm,discontinuous,standard,8,1,Body + transition,Identity
catman_pilot_v1,P054,judgment,C07,j_likeness,5,cat,retain,retain,affirm,discontinuous,standard,8,1,Body + transition,Likeness
catman_pilot_v1,P054,judgment,C07,j_relationship,5,cat,retain,retain,affirm,discontinuous,standard,8,1,Body + transition,Relationship
catman_pilot_v1,P054,judgment,C07,j_obligation,4,cat,retain,retain,affirm,discontinuous,standard,8,1,Body + transition,Obligation
catman_pilot_v1,P054,judgment,C07,j_treatment,5,cat,retain,retain,affirm,discontinuous,standard,8,1,Body + transition,Treatment
catman_pilot_v1,P054,judgment,C01,j_identity,5,human,retain,retain,affirm,continuous,standard,9,1,Baseline,Identity
catman_pilot_v1,P054,judgment,C01,j_likeness,5,human,retain,retain,affirm,continuous,standard,9,1,Baseline,Likeness
catman_pilot_v1,P054,judgment,C01,j_relationship,5,human,retain,retain,affirm,continuous,standard,9,1,Baseline,Relationship
catman_pilot_v1,P054,judgment,C01,j_obligation,5,human,retain,retain,affirm,continuous,standard,9,1,Baseline,Obligation
catman_pilot_v1,P054,judgment,C01,j_treatment,5,human,retain,retain,affirm,continuous,standard,9,1,Baseline,Treatment
catman_pilot_v1,P054,judgment,A10,j_ab,7,cat,retain,retain,affirm,parallel,anchor,10,1,Parallel anchor,Pre-X = surviving human
catman_pilot_v1,P054,judgment,A10,j_ac,5,cat,retain,retain,affirm,parallel,anchor,10,1,Parallel anchor,Pre-X = generated cat
catman_pilot_v1,P054,judgment,A10,j_bc,5,cat,retain,retain,affirm,parallel,anchor,10,1,Parallel anchor,Surviving human = generated cat
catman_pilot_v1,P054,judgment,A10,j_excl,5,cat,retain,retain,affirm,parallel,anchor,10,1,Parallel anchor,Identity exclusivity
catman_pilot_v1,P054,judgment,A10,j_relationship,7,cat,retain,retain,affirm,parallel,anchor,10,1,Parallel anchor,Relationship
catman_pilot_v1,P054,judgment,A10,j_obligation,7,cat,retain,retain,affirm,parallel,anchor,10,1,Parallel anchor,Obligation
catman_pilot_v1,P054,judgment,A10,j_treatment,7,cat,retain,retain,affirm,parallel,anchor,10,1,Parallel anchor,Treatment
catman_pilot_v1,P099,judgment,C01,j_identity,7,human,retain,retain,affirm,continuous,standard,1,1,Baseline,Identity
catman_pilot_v1,P099,judgment,C01,j_likeness,7,human,retain,retain,affirm,continuous,standard,1,1,Baseline,Likeness
catman_pilot_v1,P099,judgment,C01,j_relationship,7,human,retain,retain,affirm,continuous,standard,1,1,Baseline,Relationship
catman_pilot_v1,P099,judgment,C01,j_obligation,6,human,retain,retain,affirm,continuous,standard,1,1,Baseline,Obligation
catman_pilot_v1,P099,judgment,C01,j_treatment,7,human,retain,retain,affirm,continuous,standard,1,1,Baseline,Treatment
catman_pilot_v1,P099,judgment,C07,j_identity,2,cat,retain,retain,affirm,discontinuous,standard,2,1,Body + transition,Identity
catman_pilot_v1,P099,judgment,C07,j_likeness,7,cat,retain,retain,affirm,discontinuous,standard,2,1,Body + transition,Likeness
catman_pilot_v1,P099,judgment,C07,j_relationship,7,cat,retain,retain,affirm,discontinuous,standard,2,1,Body + transition,Relationship
catman_pilot_v1,P099,judgment,C07,j_obligation,6,cat,retain,retain,affirm,discontinuous,standard,2,1,Body + transition,Obligation
catman_pilot_v1,P099,judgment,C07,j_treatment,6,cat,retain,retain,affirm,discontinuous,standard,2,1,Body + transition,Treatment
catman_pilot_v1,P099,judgment,C03,j_identity,7,human,lost,retain,affirm,continuous,standard,3,1,Memory,Identity
catman_pilot_v1,P099,judgment,C03,j_likeness,4,human,lost,retain,affirm,continuous,standard,3,1,Memory,Likeness
catman_pilot_v1,P099,judgment,C03,j_relationship,1,human,lost,retain,affirm,continuous,standard,3,1,Memory,Relationship
catman_pilot_v1,P099,judgment,C03,j_obligation,2,human,lost,retain,affirm,continuous,standard,3,1,Memory,Obligation
catman_pilot_v1,P099,judgment,C03,j_treatment,4,human,lost,retain,affirm,continuous,standard,3,1,Memory,Treatment
catman_pilot_v1,P099,judgment,C02,j_identity,7,cat,retain,retain,affirm,continuous,standard,4,1,Body,Identity
catman_pilot_v1,P099,judgment,C02,j_likeness,2,cat,retain,retain,affirm,continuous,standard,4,1,Body,Likeness
catman_pilot_v1,P099,judgment,C02,j_relationship,7,cat,retain,retain,affirm,continuous,standard,4,1,Body,Relationship
catman_pilot_v1,P099,judgment,C02,j_obligation,7,cat,retain,retain,affirm,continuous,standard,4,1,Body,Obligation
catman_pilot_v1,P099,judgment,C02,j_treatment,6,cat,retain,retain,affirm,continuous,standard,4,1,Body,Treatment
catman_pilot_v1,P099,judgment,A09,j_identity,7,human,retain,retain,deny,continuous,anchor,5,1,Self-denial anchor,Identity
catman_pilot_v1,P099,judgment,A09,j_likeness,5,human,retain,retain,deny,continuous,anchor,5,1,Self-denial anchor,Likeness
catman_pilot_v1,P099,judgment,A09,j_relationship,4,human,retain,retain,deny,continuous,anchor,5,1,Self-denial anchor,Relationship
catman_pilot_v1,P099,judgment,A09,j_obligation,4,human,retain,retain,deny,continuous,anchor,5,1,Self-denial anchor,Obligation
catman_pilot_v1,P099,judgment,A09,j_treatment,5,human,retain,retain,deny,continuous,anchor,5,1,Self-denial anchor,Treatment
catman_pilot_v1,P099,judgment,A09,v_epistemic,2,human,retain,retain,deny,continuous,anchor,5,1,Self-denial anchor,Epistemic veto
catman_pilot_v1,P099,judgment,A09,v_normative,5,human,retain,retain,deny,continuous,anchor,5,1,Self-denial anchor,Normative veto
catman_pilot_v1,P099,judgment,C04,j_identity,5,human,retain,limited,affirm,continuous,standard,6,1,Function,Identity
catman_pilot_v1,P099,judgment,C04,j_likeness,5,human,retain,limited,affirm,continuous,standard,6,1,Function,Likeness
catman_pilot_v1,P099,judgment,C04,j_relationship,4,human,retain,limited,affirm,continuous,standard,6,1,Function,Relationship
catman_pilot_v1,P099,judgment,C04,j_obligation,4,human,retain,limited,affirm,continuous,standard,6,1,Function,Obligation
catman_pilot_v1,P099,judgment,C04,j_treatment,4,human,retain,limited,affirm,continuous,standard,6,1,Function,Treatment
catman_pilot_v1,P099,judgment,A10,j_ab,7,cat,retain,retain,affirm,parallel,anchor,7,1,Parallel anchor,Pre-X = surviving human
catman_pilot_v1,P099,judgment,A10,j_ac,5,cat,retain,retain,affirm,parallel,anchor,7,1,Parallel anchor,Pre-X = generated cat
catman_pilot_v1,P099,judgment,A10,j_bc,5,cat,retain,retain,affirm,parallel,anchor,7,1,Parallel anchor,Surviving human = generated cat
catman_pilot_v1,P099,judgment,A10,j_excl,6,cat,retain,retain,affirm,parallel,anchor,7,1,Parallel anchor,Identity exclusivity
catman_pilot_v1,P099,judgment,A10,j_relationship,6,cat,retain,retain,affirm,parallel,anchor,7,1,Parallel anchor,Relationship
catman_pilot_v1,P099,judgment,A10,j_obligation,5,cat,retain,retain,affirm,parallel,anchor,7,1,Parallel anchor,Obligation
catman_pilot_v1,P099,judgment,A10,j_treatment,4,cat,retain,retain,affirm,parallel,anchor,7,1,Parallel anchor,Treatment
catman_pilot_v1,P099,judgment,C05,j_identity,7,human,retain,retain,uncertain,continuous,standard,8,1,Self-ID uncertain,Identity
catman_pilot_v1,P099,judgment,C05,j_likeness,6,human,retain,retain,uncertain,continuous,standard,8,1,Self-ID uncertain,Likeness
catman_pilot_v1,P099,judgment,C05,j_relationship,5,human,retain,retain,uncertain,continuous,standard,8,1,Self-ID uncertain,Relationship
catman_pilot_v1,P099,judgment,C05,j_obligation,4,human,retain,retain,uncertain,continuous,standard,8,1,Self-ID uncertain,Obligation
catman_pilot_v1,P099,judgment,C05,j_treatment,6,human,retain,retain,uncertain,continuous,standard,8,1,Self-ID uncertain,Treatment
catman_pilot_v1,P099,judgment,C06,j_identity,5,human,retain,retain,affirm,discontinuous,standard,9,1,Transition,Identity
catman_pilot_v1,P099,judgment,C06,j_likeness,6,human,retain,retain,affirm,discontinuous,standard,9,1,Transition,Likeness
catman_pilot_v1,P099,judgment,C06,j_relationship,5,human,retain,retain,affirm,discontinuous,standard,9,1,Transition,Relationship
catman_pilot_v1,P099,judgment,C06,j_obligation,4,human,retain,retain,affirm,discontinuous,standard,9,1,Transition,Obligation
catman_pilot_v1,P099,judgment,C06,j_treatment,4,human,retain,retain,affirm,discontinuous,standard,9,1,Transition,Treatment
catman_pilot_v1,P099,judgment,C08,j_identity,4,human,lost,retain,affirm,discontinuous,standard,10,1,Memory + transition,Identity
catman_pilot_v1,P099,judgment,C08,j_likeness,3,human,lost,retain,affirm,discontinuous,standard,10,1,Memory + transition,Likeness
catman_pilot_v1,P099,judgment,C08,j_relationship,2,human,lost,retain,affirm,discontinuous,standard,10,1,Memory + transition,Relationship
catman_pilot_v1,P099,judgment,C08,j_obligation,1,human,lost,retain,affirm,discontinuous,standard,10,1,Memory + transition,Obligation
catman_pilot_v1,P099,judgment,C08,j_treatment,4,human,lost,retain,affirm,discontinuous,standard,10,1,Memory + transition,Treatment
catman_pilot_v1,P036,judgment,C01,j_identity,2,human,retain,retain,affirm,continuous,standard,1,1,Baseline,Identity
catman_pilot_v1,P036,judgment,C01,j_likeness,6,human,retain,retain,affirm,continuous,standard,1,1,Baseline,Likeness
catman_pilot_v1,P036,judgment,C01,j_relationship,3,human,retain,retain,affirm,continuous,standard,1,1,Baseline,Relationship
catman_pilot_v1,P036,judgment,C01,j_obligation,4,human,retain,retain,affirm,continuous,standard,1,1,Baseline,Obligation
catman_pilot_v1,P036,judgment,C01,j_treatment,2,human,retain,retain,affirm,continuous,standard,1,1,Baseline,Treatment
catman_pilot_v1,P036,judgment,C04,j_identity,5,human,retain,limited,affirm,continuous,standard,2,1,Function,Identity
catman_pilot_v1,P036,judgment,C04,j_likeness,6,human,retain,limited,affirm,continuous,standard,2,1,Function,Likeness
catman_pilot_v1,P036,judgment,C04,j_relationship,4,human,retain,limited,affirm,continuous,standard,2,1,Function,Relationship
catman_pilot_v1,P036,judgment,C04,j_obligation,5,human,retain,limited,affirm,continuous,standard,2,1,Function,Obligation
catman_pilot_v1,P036,judgment,C04,j_treatment,4,human,retain,limited,affirm,continuous,standard,2,1,Function,Treatment
catman_pilot_v1,P036,judgment,C02,j_identity,4,cat,retain,retain,affirm,continuous,standard,3,1,Body,Identity
catman_pilot_v1,P036,judgment,C02,j_likeness,1,cat,retain,retain,affirm,continuous,standard,3,1,Body,Likeness
catman_pilot_v1,P036,judgment,C02,j_relationship,4,cat,retain,retain,affirm,continuous,standard,3,1,Body,Relationship
catman_pilot_v1,P036,judgment,C02,j_obligation,3,cat,retain,retain,affirm,continuous,standard,3,1,Body,Obligation
catman_pilot_v1,P036,judgment,C02,j_treatment,2,cat,retain,retain,affirm,continuous,standard,3,1,Body,Treatment
catman_pilot_v1,P036,judgment,C07,j_identity,3,cat,retain,retain,affirm,discontinuous,standard,4,1,Body + transition,Identity
catman_pilot_v1,P036,judgment,C07,j_likeness,1,cat,retain,retain,affirm,discontinuous,standard,4,1,Body + transition,Likeness
catman_pilot_v1,P036,judgment,C07,j_relationship,3,cat,retain,retain,affirm,discontinuous,standard,4,1,Body + transition,Relationship
catman_pilot_v1,P036,judgment,C07,j_obligation,4,cat,retain,retain,affirm,discontinuous,standard,4,1,Body + transition,Obligation
catman_pilot_v1,P036,judgment,C07,j_treatment,3,cat,retain,retain,affirm,discontinuous,standard,4,1,Body + transition,Treatment
catman_pilot_v1,P036,judgment,C03,j_identity,1,human,lost,retain,affirm,continuous,standard,5,1,Memory,Identity
catman_pilot_v1,P036,judgment,C03,j_likeness,6,human,lost,retain,affirm,continuous,standard,5,1,Memory,Likeness
catman_pilot_v1,P036,judgment,C03,j_relationship,2,human,lost,retain,affirm,continuous,standard,5,1,Memory,Relationship
catman_pilot_v1,P036,judgment,C03,j_obligation,2,human,lost,retain,affirm,continuous,standard,5,1,Memory,Obligation
catman_pilot_v1,P036,judgment,C03,j_treatment,2,human,lost,retain,affirm,continuous,standard,5,1,Memory,Treatment
catman_pilot_v1,P036,judgment,C06,j_identity,4,human,retain,retain,affirm,discontinuous,standard,6,1,Transition,Identity
catman_pilot_v1,P036,judgment,C06,j_likeness,6,human,retain,retain,affirm,discontinuous,standard,6,1,Transition,Likeness
catman_pilot_v1,P036,judgment,C06,j_relationship,5,human,retain,retain,affirm,discontinuous,standard,6,1,Transition,Relationship
catman_pilot_v1,P036,judgment,C06,j_obligation,5,human,retain,retain,affirm,discontinuous,standard,6,1,Transition,Obligation
catman_pilot_v1,P036,judgment,C06,j_treatment,5,human,retain,retain,affirm,discontinuous,standard,6,1,Transition,Treatment
catman_pilot_v1,P036,judgment,A09,j_identity,4,human,retain,retain,deny,continuous,anchor,7,1,Self-denial anchor,Identity
catman_pilot_v1,P036,judgment,A09,j_likeness,7,human,retain,retain,deny,continuous,anchor,7,1,Self-denial anchor,Likeness
catman_pilot_v1,P036,judgment,A09,j_relationship,3,human,retain,retain,deny,continuous,anchor,7,1,Self-denial anchor,Relationship
catman_pilot_v1,P036,judgment,A09,j_obligation,2,human,retain,retain,deny,continuous,anchor,7,1,Self-denial anchor,Obligation
catman_pilot_v1,P036,judgment,A09,j_treatment,3,human,retain,retain,deny,continuous,anchor,7,1,Self-denial anchor,Treatment
catman_pilot_v1,P036,judgment,A09,v_epistemic,6,human,retain,retain,deny,continuous,anchor,7,1,Self-denial anchor,Epistemic veto
catman_pilot_v1,P036,judgment,A09,v_normative,4,human,retain,retain,deny,continuous,anchor,7,1,Self-denial anchor,Normative veto
catman_pilot_v1,P036,judgment,C08,j_identity,2,human,lost,retain,affirm,discontinuous,standard,8,1,Memory + transition,Identity
catman_pilot_v1,P036,judgment,C08,j_likeness,7,human,lost,retain,affirm,discontinuous,standard,8,1,Memory + transition,Likeness
catman_pilot_v1,P036,judgment,C08,j_relationship,2,human,lost,retain,affirm,discontinuous,standard,8,1,Memory + transition,Relationship
catman_pilot_v1,P036,judgment,C08,j_obligation,1,human,lost,retain,affirm,discontinuous,standard,8,1,Memory + transition,Obligation
catman_pilot_v1,P036,judgment,C08,j_treatment,2,human,lost,retain,affirm,discontinuous,standard,8,1,Memory + transition,Treatment
catman_pilot_v1,P036,judgment,C05,j_identity,7,human,retain,retain,uncertain,continuous,standard,9,1,Self-ID uncertain,Identity
catman_pilot_v1,P036,judgment,C05,j_likeness,7,human,retain,retain,uncertain,continuous,standard,9,1,Self-ID uncertain,Likeness
catman_pilot_v1,P036,judgment,C05,j_relationship,7,human,retain,retain,uncertain,continuous,standard,9,1,Self-ID uncertain,Relationship
catman_pilot_v1,P036,judgment,C05,j_obligation,7,human,retain,retain,uncertain,continuous,standard,9,1,Self-ID uncertain,Obligation
catman_pilot_v1,P036,judgment,C05,j_treatment,7,human,retain,retain,uncertain,continuous,standard,9,1,Self-ID uncertain,Treatment
catman_pilot_v1,P036,judgment,A10,j_ab,6,cat,retain,retain,affirm,parallel,anchor,10,1,Parallel anchor,Pre-X = surviving human
catman_pilot_v1,P036,judgment,A10,j_ac,2,cat,retain,retain,affirm,parallel,anchor,10,1,Parallel anchor,Pre-X = generated cat
catman_pilot_v1,P036,judgment,A10,j_bc,2,cat,retain,retain,affirm,parallel,anchor,10,1,Parallel anchor,Surviving human = generated cat
catman_pilot_v1,P036,judgment,A10,j_excl,6,cat,retain,retain,affirm,parallel,anchor,10,1,Parallel anchor,Identity exclusivity
catman_pilot_v1,P036,judgment,A10,j_relationship,6,cat,retain,retain,affirm,parallel,anchor,10,1,Parallel anchor,Relationship
catman_pilot_v1,P036,judgment,A10,j_obligation,6,cat,retain,retain,affirm,parallel,anchor,10,1,Parallel anchor,Obligation
catman_pilot_v1,P036,judgment,A10,j_treatment,6,cat,retain,retain,affirm,parallel,anchor,10,1,Parallel anchor,Treatment
catman_pilot_v1,P027,judgment,C08,j_identity,6,human,lost,retain,affirm,discontinuous,standard,1,1,Memory + transition,Identity
catman_pilot_v1,P027,judgment,C08,j_likeness,6,human,lost,retain,affirm,discontinuous,standard,1,1,Memory + transition,Likeness
catman_pilot_v1,P027,judgment,C08,j_relationship,6,human,lost,retain,affirm,discontinuous,standard,1,1,Memory + transition,Relationship
catman_pilot_v1,P027,judgment,C08,j_obligation,3,human,lost,retain,affirm,discontinuous,standard,1,1,Memory + transition,Obligation
catman_pilot_v1,P027,judgment,C08,j_treatment,6,human,lost,retain,affirm,discontinuous,standard,1,1,Memory + transition,Treatment
catman_pilot_v1,P027,judgment,C07,j_identity,2,cat,retain,retain,affirm,discontinuous,standard,2,1,Body + transition,Identity
catman_pilot_v1,P027,judgment,C07,j_likeness,6,cat,retain,retain,affirm,discontinuous,standard,2,1,Body + transition,Likeness
catman_pilot_v1,P027,judgment,C07,j_relationship,5,cat,retain,retain,affirm,discontinuous,standard,2,1,Body + transition,Relationship
catman_pilot_v1,P027,judgment,C07,j_obligation,2,cat,retain,retain,affirm,discontinuous,standard,2,1,Body + transition,Obligation
catman_pilot_v1,P027,judgment,C07,j_treatment,5,cat,retain,retain,affirm,discontinuous,standard,2,1,Body + transition,Treatment
catman_pilot_v1,P027,judgment,C02,j_identity,2,cat,retain,retain,affirm,continuous,standard,3,1,Body,Identity
catman_pilot_v1,P027,judgment,C02,j_likeness,6,cat,retain,retain,affirm,continuous,standard,3,1,Body,Likeness
catman_pilot_v1,P027,judgment,C02,j_relationship,6,cat,retain,retain,affirm,continuous,standard,3,1,Body,Relationship
catman_pilot_v1,P027,judgment,C02,j_obligation,3,cat,retain,retain,affirm,continuous,standard,3,1,Body,Obligation
catman_pilot_v1,P027,judgment,C02,j_treatment,6,cat,retain,retain,affirm,continuous,standard,3,1,Body,Treatment
catman_pilot_v1,P027,judgment,C05,j_identity,2,human,retain,retain,uncertain,continuous,standard,4,1,Self-ID uncertain,Identity
catman_pilot_v1,P027,judgment,C05,j_likeness,6,human,retain,retain,uncertain,continuous,standard,4,1,Self-ID uncertain,Likeness
catman_pilot_v1,P027,judgment,C05,j_relationship,5,human,retain,retain,uncertain,continuous,standard,4,1,Self-ID uncertain,Relationship
catman_pilot_v1,P027,judgment,C05,j_obligation,2,human,retain,retain,uncertain,continuous,standard,4,1,Self-ID uncertain,Obligation
catman_pilot_v1,P027,judgment,C05,j_treatment,5,human,retain,retain,uncertain,continuous,standard,4,1,Self-ID uncertain,Treatment
catman_pilot_v1,P027,judgment,C06,j_identity,2,human,retain,retain,affirm,discontinuous,standard,5,1,Transition,Identity
catman_pilot_v1,P027,judgment,C06,j_likeness,6,human,retain,retain,affirm,discontinuous,standard,5,1,Transition,Likeness
catman_pilot_v1,P027,judgment,C06,j_relationship,5,human,retain,retain,affirm,discontinuous,standard,5,1,Transition,Relationship
catman_pilot_v1,P027,judgment,C06,j_obligation,2,human,retain,retain,affirm,discontinuous,standard,5,1,Transition,Obligation
catman_pilot_v1,P027,judgment,C06,j_treatment,6,human,retain,retain,affirm,discontinuous,standard,5,1,Transition,Treatment
catman_pilot_v1,P027,judgment,C01,j_identity,2,human,retain,retain,affirm,continuous,standard,6,1,Baseline,Identity
catman_pilot_v1,P027,judgment,C01,j_likeness,6,human,retain,retain,affirm,continuous,standard,6,1,Baseline,Likeness
catman_pilot_v1,P027,judgment,C01,j_relationship,5,human,retain,retain,affirm,continuous,standard,6,1,Baseline,Relationship
catman_pilot_v1,P027,judgment,C01,j_obligation,2,human,retain,retain,affirm,continuous,standard,6,1,Baseline,Obligation
catman_pilot_v1,P027,judgment,C01,j_treatment,5,human,retain,retain,affirm,continuous,standard,6,1,Baseline,Treatment
catman_pilot_v1,P027,judgment,A09,j_identity,2,human,retain,retain,deny,continuous,anchor,7,1,Self-denial anchor,Identity
catman_pilot_v1,P027,judgment,A09,j_likeness,5,human,retain,retain,deny,continuous,anchor,7,1,Self-denial anchor,Likeness
catman_pilot_v1,P027,judgment,A09,j_relationship,4,human,retain,retain,deny,continuous,anchor,7,1,Self-denial anchor,Relationship
catman_pilot_v1,P027,judgment,A09,j_obligation,1,human,retain,retain,deny,continuous,anchor,7,1,Self-denial anchor,Obligation
catman_pilot_v1,P027,judgment,A09,j_treatment,4,human,retain,retain,deny,continuous,anchor,7,1,Self-denial anchor,Treatment
catman_pilot_v1,P027,judgment,A09,v_epistemic,7,human,retain,retain,deny,continuous,anchor,7,1,Self-denial anchor,Epistemic veto
catman_pilot_v1,P027,judgment,A09,v_normative,6,human,retain,retain,deny,continuous,anchor,7,1,Self-denial anchor,Normative veto
catman_pilot_v1,P027,judgment,C03,j_identity,2,human,lost,retain,affirm,continuous,standard,8,1,Memory,Identity
catman_pilot_v1,P027,judgment,C03,j_likeness,6,human,lost,retain,affirm,continuous,standard,8,1,Memory,Likeness
catman_pilot_v1,P027,judgment,C03,j_relationship,6,human,lost,retain,affirm,continuous,standard,8,1,Memory,Relationship
catman_pilot_v1,P027,judgment,C03,j_obligation,1,human,lost,retain,affirm,continuous,standard,8,1,Memory,Obligation
catman_pilot_v1,P027,judgment,C03,j_treatment,4,human,lost,retain,affirm,continuous,standard,8,1,Memory,Treatment
catman_pilot_v1,P027,judgment,C04,j_identity,2,human,retain,limited,affirm,continuous,standard,9,1,Function,Identity
catman_pilot_v1,P027,judgment,C04,j_likeness,5,human,retain,limited,affirm,continuous,standard,9,1,Function,Likeness
catman_pilot_v1,P027,judgment,C04,j_relationship,5,human,retain,limited,affirm,continuous,standard,9,1,Function,Relationship
catman_pilot_v1,P027,judgment,C04,j_obligation,1,human,retain,limited,affirm,continuous,standard,9,1,Function,Obligation
catman_pilot_v1,P027,judgment,C04,j_treatment,5,human,retain,limited,affirm,continuous,standard,9,1,Function,Treatment
catman_pilot_v1,P027,judgment,A10,j_ab,6,cat,retain,retain,affirm,parallel,anchor,10,1,Parallel anchor,Pre-X = surviving human
catman_pilot_v1,P027,judgment,A10,j_ac,2,cat,retain,retain,affirm,parallel,anchor,10,1,Parallel anchor,Pre-X = generated cat
catman_pilot_v1,P027,judgment,A10,j_bc,3,cat,retain,retain,affirm,parallel,anchor,10,1,Parallel anchor,Surviving human = generated cat
catman_pilot_v1,P027,judgment,A10,j_excl,2,cat,retain,retain,affirm,parallel,anchor,10,1,Parallel anchor,Identity exclusivity
catman_pilot_v1,P027,judgment,A10,j_relationship,5,cat,retain,retain,affirm,parallel,anchor,10,1,Parallel anchor,Relationship
catman_pilot_v1,P027,judgment,A10,j_obligation,1,cat,retain,retain,affirm,parallel,anchor,10,1,Parallel anchor,Obligation
catman_pilot_v1,P027,judgment,A10,j_treatment,3,cat,retain,retain,affirm,parallel,anchor,10,1,Parallel anchor,Treatment
catman_pilot_v1,P088,judgment,C04,j_identity,2,human,retain,limited,affirm,continuous,standard,1,1,Function,Identity
catman_pilot_v1,P088,judgment,C04,j_likeness,6,human,retain,limited,affirm,continuous,standard,1,1,Function,Likeness
catman_pilot_v1,P088,judgment,C04,j_relationship,5,human,retain,limited,affirm,continuous,standard,1,1,Function,Relationship
catman_pilot_v1,P088,judgment,C04,j_obligation,5,human,retain,limited,affirm,continuous,standard,1,1,Function,Obligation
catman_pilot_v1,P088,judgment,C04,j_treatment,3,human,retain,limited,affirm,continuous,standard,1,1,Function,Treatment
catman_pilot_v1,P088,judgment,C07,j_identity,6,cat,retain,retain,affirm,discontinuous,standard,2,1,Body + transition,Identity
catman_pilot_v1,P088,judgment,C07,j_likeness,3,cat,retain,retain,affirm,discontinuous,standard,2,1,Body + transition,Likeness
catman_pilot_v1,P088,judgment,C07,j_relationship,4,cat,retain,retain,affirm,discontinuous,standard,2,1,Body + transition,Relationship
catman_pilot_v1,P088,judgment,C07,j_obligation,6,cat,retain,retain,affirm,discontinuous,standard,2,1,Body + transition,Obligation
catman_pilot_v1,P088,judgment,C07,j_treatment,4,cat,retain,retain,affirm,discontinuous,standard,2,1,Body + transition,Treatment
catman_pilot_v1,P088,judgment,C03,j_identity,2,human,lost,retain,affirm,continuous,standard,3,1,Memory,Identity
catman_pilot_v1,P088,judgment,C03,j_likeness,5,human,lost,retain,affirm,continuous,standard,3,1,Memory,Likeness
catman_pilot_v1,P088,judgment,C03,j_relationship,3,human,lost,retain,affirm,continuous,standard,3,1,Memory,Relationship
catman_pilot_v1,P088,judgment,C03,j_obligation,3,human,lost,retain,affirm,continuous,standard,3,1,Memory,Obligation
catman_pilot_v1,P088,judgment,C03,j_treatment,2,human,lost,retain,affirm,continuous,standard,3,1,Memory,Treatment
catman_pilot_v1,P088,judgment,C01,j_identity,7,human,retain,retain,affirm,continuous,standard,4,1,Baseline,Identity
catman_pilot_v1,P088,judgment,C01,j_likeness,7,human,retain,retain,affirm,continuous,standard,4,1,Baseline,Likeness
catman_pilot_v1,P088,judgment,C01,j_relationship,7,human,retain,retain,affirm,continuous,standard,4,1,Baseline,Relationship
catman_pilot_v1,P088,judgment,C01,j_obligation,7,human,retain,retain,affirm,continuous,standard,4,1,Baseline,Obligation
catman_pilot_v1,P088,judgment,C01,j_treatment,7,human,retain,retain,affirm,continuous,standard,4,1,Baseline,Treatment
catman_pilot_v1,P088,judgment,C02,j_identity,5,cat,retain,retain,affirm,continuous,standard,5,1,Body,Identity
catman_pilot_v1,P088,judgment,C02,j_likeness,3,cat,retain,retain,affirm,continuous,standard,5,1,Body,Likeness
catman_pilot_v1,P088,judgment,C02,j_relationship,4,cat,retain,retain,affirm,continuous,standard,5,1,Body,Relationship
catman_pilot_v1,P088,judgment,C02,j_obligation,5,cat,retain,retain,affirm,continuous,standard,5,1,Body,Obligation
catman_pilot_v1,P088,judgment,C02,j_treatment,5,cat,retain,retain,affirm,continuous,standard,5,1,Body,Treatment
catman_pilot_v1,P088,judgment,C08,j_identity,3,human,lost,retain,affirm,discontinuous,standard,6,1,Memory + transition,Identity
catman_pilot_v1,P088,judgment,C08,j_likeness,6,human,lost,retain,affirm,discontinuous,standard,6,1,Memory + transition,Likeness
catman_pilot_v1,P088,judgment,C08,j_relationship,3,human,lost,retain,affirm,discontinuous,standard,6,1,Memory + transition,Relationship
catman_pilot_v1,P088,judgment,C08,j_obligation,4,human,lost,retain,affirm,discontinuous,standard,6,1,Memory + transition,Obligation
catman_pilot_v1,P088,judgment,C08,j_treatment,3,human,lost,retain,affirm,discontinuous,standard,6,1,Memory + transition,Treatment
catman_pilot_v1,P088,judgment,C06,j_identity,7,human,retain,retain,affirm,discontinuous,standard,7,1,Transition,Identity
catman_pilot_v1,P088,judgment,C06,j_likeness,7,human,retain,retain,affirm,discontinuous,standard,7,1,Transition,Likeness
catman_pilot_v1,P088,judgment,C06,j_relationship,7,human,retain,retain,affirm,discontinuous,standard,7,1,Transition,Relationship
catman_pilot_v1,P088,judgment,C06,j_obligation,7,human,retain,retain,affirm,discontinuous,standard,7,1,Transition,Obligation
catman_pilot_v1,P088,judgment,C06,j_treatment,7,human,retain,retain,affirm,discontinuous,standard,7,1,Transition,Treatment
catman_pilot_v1,P088,judgment,A10,j_ab,7,cat,retain,retain,affirm,parallel,anchor,8,1,Parallel anchor,Pre-X = surviving human
catman_pilot_v1,P088,judgment,A10,j_ac,3,cat,retain,retain,affirm,parallel,anchor,8,1,Parallel anchor,Pre-X = generated cat
catman_pilot_v1,P088,judgment,A10,j_bc,3,cat,retain,retain,affirm,parallel,anchor,8,1,Parallel anchor,Surviving human = generated cat
catman_pilot_v1,P088,judgment,A10,j_excl,4,cat,retain,retain,affirm,parallel,anchor,8,1,Parallel anchor,Identity exclusivity
catman_pilot_v1,P088,judgment,A10,j_relationship,5,cat,retain,retain,affirm,parallel,anchor,8,1,Parallel anchor,Relationship
catman_pilot_v1,P088,judgment,A10,j_obligation,3,cat,retain,retain,affirm,parallel,anchor,8,1,Parallel anchor,Obligation
catman_pilot_v1,P088,judgment,A10,j_treatment,3,cat,retain,retain,affirm,parallel,anchor,8,1,Parallel anchor,Treatment
catman_pilot_v1,P088,judgment,C05,j_identity,7,human,retain,retain,uncertain,continuous,standard,9,1,Self-ID uncertain,Identity
catman_pilot_v1,P088,judgment,C05,j_likeness,7,human,retain,retain,uncertain,continuous,standard,9,1,Self-ID uncertain,Likeness
catman_pilot_v1,P088,judgment,C05,j_relationship,6,human,retain,retain,uncertain,continuous,standard,9,1,Self-ID uncertain,Relationship
catman_pilot_v1,P088,judgment,C05,j_obligation,5,human,retain,retain,uncertain,continuous,standard,9,1,Self-ID uncertain,Obligation
catman_pilot_v1,P088,judgment,C05,j_treatment,7,human,retain,retain,uncertain,continuous,standard,9,1,Self-ID uncertain,Treatment
catman_pilot_v1,P088,judgment,A09,j_identity,7,human,retain,retain,deny,continuous,anchor,10,1,Self-denial anchor,Identity
catman_pilot_v1,P088,judgment,A09,j_likeness,7,human,retain,retain,deny,continuous,anchor,10,1,Self-denial anchor,Likeness
catman_pilot_v1,P088,judgment,A09,j_relationship,6,human,retain,retain,deny,continuous,anchor,10,1,Self-denial anchor,Relationship
catman_pilot_v1,P088,judgment,A09,j_obligation,5,human,retain,retain,deny,continuous,anchor,10,1,Self-denial anchor,Obligation
catman_pilot_v1,P088,judgment,A09,j_treatment,7,human,retain,retain,deny,continuous,anchor,10,1,Self-denial anchor,Treatment
catman_pilot_v1,P088,judgment,A09,v_epistemic,3,human,retain,retain,deny,continuous,anchor,10,1,Self-denial anchor,Epistemic veto
catman_pilot_v1,P088,judgment,A09,v_normative,2,human,retain,retain,deny,continuous,anchor,10,1,Self-denial anchor,Normative veto
catman_pilot_v1,P082,judgment,C08,j_identity,4,human,lost,retain,affirm,discontinuous,standard,1,1,Memory + transition,Identity
catman_pilot_v1,P082,judgment,C08,j_likeness,5,human,lost,retain,affirm,discontinuous,standard,1,1,Memory + transition,Likeness
catman_pilot_v1,P082,judgment,C08,j_relationship,4,human,lost,retain,affirm,discontinuous,standard,1,1,Memory + transition,Relationship
catman_pilot_v1,P082,judgment,C08,j_obligation,4,human,lost,retain,affirm,discontinuous,standard,1,1,Memory + transition,Obligation
catman_pilot_v1,P082,judgment,C08,j_treatment,5,human,lost,retain,affirm,discontinuous,standard,1,1,Memory + transition,Treatment
catman_pilot_v1,P082,judgment,C06,j_identity,5,human,retain,retain,affirm,discontinuous,standard,2,1,Transition,Identity
catman_pilot_v1,P082,judgment,C06,j_likeness,4,human,retain,retain,affirm,discontinuous,standard,2,1,Transition,Likeness
catman_pilot_v1,P082,judgment,C06,j_relationship,5,human,retain,retain,affirm,discontinuous,standard,2,1,Transition,Relationship
catman_pilot_v1,P082,judgment,C06,j_obligation,5,human,retain,retain,affirm,discontinuous,standard,2,1,Transition,Obligation
catman_pilot_v1,P082,judgment,C06,j_treatment,6,human,retain,retain,affirm,discontinuous,standard,2,1,Transition,Treatment
catman_pilot_v1,P082,judgment,C07,j_identity,1,cat,retain,retain,affirm,discontinuous,standard,3,1,Body + transition,Identity
catman_pilot_v1,P082,judgment,C07,j_likeness,1,cat,retain,retain,affirm,discontinuous,standard,3,1,Body + transition,Likeness
catman_pilot_v1,P082,judgment,C07,j_relationship,1,cat,retain,retain,affirm,discontinuous,standard,3,1,Body + transition,Relationship
catman_pilot_v1,P082,judgment,C07,j_obligation,1,cat,retain,retain,affirm,discontinuous,standard,3,1,Body + transition,Obligation
catman_pilot_v1,P082,judgment,C07,j_treatment,1,cat,retain,retain,affirm,discontinuous,standard,3,1,Body + transition,Treatment
catman_pilot_v1,P082,judgment,C01,j_identity,1,human,retain,retain,affirm,continuous,standard,4,1,Baseline,Identity
catman_pilot_v1,P082,judgment,C01,j_likeness,6,human,retain,retain,affirm,continuous,standard,4,1,Baseline,Likeness
catman_pilot_v1,P082,judgment,C01,j_relationship,6,human,retain,retain,affirm,continuous,standard,4,1,Baseline,Relationship
catman_pilot_v1,P082,judgment,C01,j_obligation,6,human,retain,retain,affirm,continuous,standard,4,1,Baseline,Obligation
catman_pilot_v1,P082,judgment,C01,j_treatment,6,human,retain,retain,affirm,continuous,standard,4,1,Baseline,Treatment
catman_pilot_v1,P082,judgment,C03,j_identity,6,human,lost,retain,affirm,continuous,standard,5,1,Memory,Identity
catman_pilot_v1,P082,judgment,C03,j_likeness,6,human,lost,retain,affirm,continuous,standard,5,1,Memory,Likeness
catman_pilot_v1,P082,judgment,C03,j_relationship,1,human,lost,retain,affirm,continuous,standard,5,1,Memory,Relationship
catman_pilot_v1,P082,judgment,C03,j_obligation,1,human,lost,retain,affirm,continuous,standard,5,1,Memory,Obligation
catman_pilot_v1,P082,judgment,C03,j_treatment,1,human,lost,retain,affirm,continuous,standard,5,1,Memory,Treatment
catman_pilot_v1,P082,judgment,C04,j_identity,1,human,retain,limited,affirm,continuous,standard,6,1,Function,Identity
catman_pilot_v1,P082,judgment,C04,j_likeness,5,human,retain,limited,affirm,continuous,standard,6,1,Function,Likeness
catman_pilot_v1,P082,judgment,C04,j_relationship,6,human,retain,limited,affirm,continuous,standard,6,1,Function,Relationship
catman_pilot_v1,P082,judgment,C04,j_obligation,6,human,retain,limited,affirm,continuous,standard,6,1,Function,Obligation
catman_pilot_v1,P082,judgment,C04,j_treatment,1,human,retain,limited,affirm,continuous,standard,6,1,Function,Treatment
catman_pilot_v1,P082,judgment,A09,j_identity,7,human,retain,retain,deny,continuous,anchor,7,1,Self-denial anchor,Identity
catman_pilot_v1,P082,judgment,A09,j_likeness,6,human,retain,retain,deny,continuous,anchor,7,1,Self-denial anchor,Likeness
catman_pilot_v1,P082,judgment,A09,j_relationship,4,human,retain,retain,deny,continuous,anchor,7,1,Self-denial anchor,Relationship
catman_pilot_v1,P082,judgment,A09,j_obligation,4,human,retain,retain,deny,continuous,anchor,7,1,Self-denial anchor,Obligation
catman_pilot_v1,P082,judgment,A09,j_treatment,1,human,retain,retain,deny,continuous,anchor,7,1,Self-denial anchor,Treatment
catman_pilot_v1,P082,judgment,A09,v_epistemic,7,human,retain,retain,deny,continuous,anchor,7,1,Self-denial anchor,Epistemic veto
catman_pilot_v1,P082,judgment,A09,v_normative,6,human,retain,retain,deny,continuous,anchor,7,1,Self-denial anchor,Normative veto
catman_pilot_v1,P082,judgment,A10,j_ab,1,cat,retain,retain,affirm,parallel,anchor,8,1,Parallel anchor,Pre-X = surviving human
catman_pilot_v1,P082,judgment,A10,j_ac,1,cat,retain,retain,affirm,parallel,anchor,8,1,Parallel anchor,Pre-X = generated cat
catman_pilot_v1,P082,judgment,A10,j_bc,1,cat,retain,retain,affirm,parallel,anchor,8,1,Parallel anchor,Surviving human = generated cat
catman_pilot_v1,P082,judgment,A10,j_excl,1,cat,retain,retain,affirm,parallel,anchor,8,1,Parallel anchor,Identity exclusivity
catman_pilot_v1,P082,judgment,A10,j_relationship,4,cat,retain,retain,affirm,parallel,anchor,8,1,Parallel anchor,Relationship
catman_pilot_v1,P082,judgment,A10,j_obligation,4,cat,retain,retain,affirm,parallel,anchor,8,1,Parallel anchor,Obligation
catman_pilot_v1,P082,judgment,A10,j_treatment,4,cat,retain,retain,affirm,parallel,anchor,8,1,Parallel anchor,Treatment
catman_pilot_v1,P082,judgment,C05,j_identity,1,human,retain,retain,uncertain,continuous,standard,9,1,Self-ID uncertain,Identity
catman_pilot_v1,P082,judgment,C05,j_likeness,6,human,retain,retain,uncertain,continuous,standard,9,1,Self-ID uncertain,Likeness
catman_pilot_v1,P082,judgment,C05,j_relationship,4,human,retain,retain,uncertain,continuous,standard,9,1,Self-ID uncertain,Relationship
catman_pilot_v1,P082,judgment,C05,j_obligation,4,human,retain,retain,uncertain,continuous,standard,9,1,Self-ID uncertain,Obligation
catman_pilot_v1,P082,judgment,C05,j_treatment,1,human,retain,retain,uncertain,continuous,standard,9,1,Self-ID uncertain,Treatment
catman_pilot_v1,P082,judgment,C02,j_identity,1,cat,retain,retain,affirm,continuous,standard,10,1,Body,Identity
catman_pilot_v1,P082,judgment,C02,j_likeness,1,cat,retain,retain,affirm,continuous,standard,10,1,Body,Likeness
catman_pilot_v1,P082,judgment,C02,j_relationship,4,cat,retain,retain,affirm,continuous,standard,10,1,Body,Relationship
catman_pilot_v1,P082,judgment,C02,j_obligation,4,cat,retain,retain,affirm,continuous,standard,10,1,Body,Obligation
catman_pilot_v1,P082,judgment,C02,j_treatment,1,cat,retain,retain,affirm,continuous,standard,10,1,Body,Treatment
catman_pilot_v1,P035,judgment,C07,j_identity,7,cat,retain,retain,affirm,discontinuous,standard,1,1,Body + transition,Identity
catman_pilot_v1,P035,judgment,C07,j_likeness,1,cat,retain,retain,affirm,discontinuous,standard,1,1,Body + transition,Likeness
catman_pilot_v1,P035,judgment,C07,j_relationship,5,cat,retain,retain,affirm,discontinuous,standard,1,1,Body + transition,Relationship
catman_pilot_v1,P035,judgment,C07,j_obligation,5,cat,retain,retain,affirm,discontinuous,standard,1,1,Body + transition,Obligation
catman_pilot_v1,P035,judgment,C07,j_treatment,6,cat,retain,retain,affirm,discontinuous,standard,1,1,Body + transition,Treatment
catman_pilot_v1,P035,judgment,C08,j_identity,7,human,lost,retain,affirm,discontinuous,standard,2,1,Memory + transition,Identity
catman_pilot_v1,P035,judgment,C08,j_likeness,7,human,lost,retain,affirm,discontinuous,standard,2,1,Memory + transition,Likeness
catman_pilot_v1,P035,judgment,C08,j_relationship,3,human,lost,retain,affirm,discontinuous,standard,2,1,Memory + transition,Relationship
catman_pilot_v1,P035,judgment,C08,j_obligation,2,human,lost,retain,affirm,discontinuous,standard,2,1,Memory + transition,Obligation
catman_pilot_v1,P035,judgment,C08,j_treatment,2,human,lost,retain,affirm,discontinuous,standard,2,1,Memory + transition,Treatment
catman_pilot_v1,P035,judgment,C02,j_identity,5,cat,retain,retain,affirm,continuous,standard,3,1,Body,Identity
catman_pilot_v1,P035,judgment,C02,j_likeness,1,cat,retain,retain,affirm,continuous,standard,3,1,Body,Likeness
catman_pilot_v1,P035,judgment,C02,j_relationship,5,cat,retain,retain,affirm,continuous,standard,3,1,Body,Relationship
catman_pilot_v1,P035,judgment,C02,j_obligation,5,cat,retain,retain,affirm,continuous,standard,3,1,Body,Obligation
catman_pilot_v1,P035,judgment,C02,j_treatment,6,cat,retain,retain,affirm,continuous,standard,3,1,Body,Treatment
catman_pilot_v1,P035,judgment,C05,j_identity,6,human,retain,retain,uncertain,continuous,standard,4,1,Self-ID uncertain,Identity
catman_pilot_v1,P035,judgment,C05,j_likeness,7,human,retain,retain,uncertain,continuous,standard,4,1,Self-ID uncertain,Likeness
catman_pilot_v1,P035,judgment,C05,j_relationship,6,human,retain,retain,uncertain,continuous,standard,4,1,Self-ID uncertain,Relationship
catman_pilot_v1,P035,judgment,C05,j_obligation,6,human,retain,retain,uncertain,continuous,standard,4,1,Self-ID uncertain,Obligation
catman_pilot_v1,P035,judgment,C05,j_treatment,5,human,retain,retain,uncertain,continuous,standard,4,1,Self-ID uncertain,Treatment
catman_pilot_v1,P035,judgment,C04,j_identity,7,human,retain,limited,affirm,continuous,standard,5,1,Function,Identity
catman_pilot_v1,P035,judgment,C04,j_likeness,7,human,retain,limited,affirm,continuous,standard,5,1,Function,Likeness
catman_pilot_v1,P035,judgment,C04,j_relationship,6,human,retain,limited,affirm,continuous,standard,5,1,Function,Relationship
catman_pilot_v1,P035,judgment,C04,j_obligation,7,human,retain,limited,affirm,continuous,standard,5,1,Function,Obligation
catman_pilot_v1,P035,judgment,C04,j_treatment,6,human,retain,limited,affirm,continuous,standard,5,1,Function,Treatment
catman_pilot_v1,P035,judgment,A09,j_identity,5,human,retain,retain,deny,continuous,anchor,6,1,Self-denial anchor,Identity
catman_pilot_v1,P035,judgment,A09,j_likeness,7,human,retain,retain,deny,continuous,anchor,6,1,Self-denial anchor,Likeness
catman_pilot_v1,P035,judgment,A09,j_relationship,3,human,retain,retain,deny,continuous,anchor,6,1,Self-denial anchor,Relationship
catman_pilot_v1,P035,judgment,A09,j_obligation,2,human,retain,retain,deny,continuous,anchor,6,1,Self-denial anchor,Obligation
catman_pilot_v1,P035,judgment,A09,j_treatment,1,human,retain,retain,deny,continuous,anchor,6,1,Self-denial anchor,Treatment
catman_pilot_v1,P035,judgment,A09,v_epistemic,6,human,retain,retain,deny,continuous,anchor,6,1,Self-denial anchor,Epistemic veto
catman_pilot_v1,P035,judgment,A09,v_normative,5,human,retain,retain,deny,continuous,anchor,6,1,Self-denial anchor,Normative veto
catman_pilot_v1,P035,judgment,C06,j_identity,7,human,retain,retain,affirm,discontinuous,standard,7,1,Transition,Identity
catman_pilot_v1,P035,judgment,C06,j_likeness,7,human,retain,retain,affirm,discontinuous,standard,7,1,Transition,Likeness
catman_pilot_v1,P035,judgment,C06,j_relationship,6,human,retain,retain,affirm,discontinuous,standard,7,1,Transition,Relationship
catman_pilot_v1,P035,judgment,C06,j_obligation,7,human,retain,retain,affirm,discontinuous,standard,7,1,Transition,Obligation
catman_pilot_v1,P035,judgment,C06,j_treatment,6,human,retain,retain,affirm,discontinuous,standard,7,1,Transition,Treatment
catman_pilot_v1,P035,judgment,C01,j_identity,7,human,retain,retain,affirm,continuous,standard,8,1,Baseline,Identity
catman_pilot_v1,P035,judgment,C01,j_likeness,7,human,retain,retain,affirm,continuous,standard,8,1,Baseline,Likeness
catman_pilot_v1,P035,judgment,C01,j_relationship,6,human,retain,retain,affirm,continuous,standard,8,1,Baseline,Relationship
catman_pilot_v1,P035,judgment,C01,j_obligation,6,human,retain,retain,affirm,continuous,standard,8,1,Baseline,Obligation
catman_pilot_v1,P035,judgment,C01,j_treatment,6,human,retain,retain,affirm,continuous,standard,8,1,Baseline,Treatment
catman_pilot_v1,P035,judgment,A10,j_ab,6,cat,retain,retain,affirm,parallel,anchor,9,1,Parallel anchor,Pre-X = surviving human
catman_pilot_v1,P035,judgment,A10,j_ac,6,cat,retain,retain,affirm,parallel,anchor,9,1,Parallel anchor,Pre-X = generated cat
catman_pilot_v1,P035,judgment,A10,j_bc,5,cat,retain,retain,affirm,parallel,anchor,9,1,Parallel anchor,Surviving human = generated cat
catman_pilot_v1,P035,judgment,A10,j_excl,7,cat,retain,retain,affirm,parallel,anchor,9,1,Parallel anchor,Identity exclusivity
catman_pilot_v1,P035,judgment,A10,j_relationship,3,cat,retain,retain,affirm,parallel,anchor,9,1,Parallel anchor,Relationship
catman_pilot_v1,P035,judgment,A10,j_obligation,2,cat,retain,retain,affirm,parallel,anchor,9,1,Parallel anchor,Obligation
catman_pilot_v1,P035,judgment,A10,j_treatment,5,cat,retain,retain,affirm,parallel,anchor,9,1,Parallel anchor,Treatment
catman_pilot_v1,P035,judgment,C03,j_identity,5,human,lost,retain,affirm,continuous,standard,10,1,Memory,Identity
catman_pilot_v1,P035,judgment,C03,j_likeness,7,human,lost,retain,affirm,continuous,standard,10,1,Memory,Likeness
catman_pilot_v1,P035,judgment,C03,j_relationship,2,human,lost,retain,affirm,continuous,standard,10,1,Memory,Relationship
catman_pilot_v1,P035,judgment,C03,j_obligation,2,human,lost,retain,affirm,continuous,standard,10,1,Memory,Obligation
catman_pilot_v1,P035,judgment,C03,j_treatment,3,human,lost,retain,affirm,continuous,standard,10,1,Memory,Treatment
catman_pilot_v1,P011,judgment,C02,j_identity,1,cat,retain,retain,affirm,continuous,standard,1,1,Body,Identity
catman_pilot_v1,P011,judgment,C02,j_likeness,1,cat,retain,retain,affirm,continuous,standard,1,1,Body,Likeness
catman_pilot_v1,P011,judgment,C02,j_relationship,2,cat,retain,retain,affirm,continuous,standard,1,1,Body,Relationship
catman_pilot_v1,P011,judgment,C02,j_obligation,3,cat,retain,retain,affirm,continuous,standard,1,1,Body,Obligation
catman_pilot_v1,P011,judgment,C02,j_treatment,2,cat,retain,retain,affirm,continuous,standard,1,1,Body,Treatment
catman_pilot_v1,P011,judgment,C05,j_identity,3,human,retain,retain,uncertain,continuous,standard,2,1,Self-ID uncertain,Identity
catman_pilot_v1,P011,judgment,C05,j_likeness,5,human,retain,retain,uncertain,continuous,standard,2,1,Self-ID uncertain,Likeness
catman_pilot_v1,P011,judgment,C05,j_relationship,5,human,retain,retain,uncertain,continuous,standard,2,1,Self-ID uncertain,Relationship
catman_pilot_v1,P011,judgment,C05,j_obligation,3,human,retain,retain,uncertain,continuous,standard,2,1,Self-ID uncertain,Obligation
catman_pilot_v1,P011,judgment,C05,j_treatment,5,human,retain,retain,uncertain,continuous,standard,2,1,Self-ID uncertain,Treatment
catman_pilot_v1,P011,judgment,C08,j_identity,6,human,lost,retain,affirm,discontinuous,standard,3,1,Memory + transition,Identity
catman_pilot_v1,P011,judgment,C08,j_likeness,7,human,lost,retain,affirm,discontinuous,standard,3,1,Memory + transition,Likeness
catman_pilot_v1,P011,judgment,C08,j_relationship,5,human,lost,retain,affirm,discontinuous,standard,3,1,Memory + transition,Relationship
catman_pilot_v1,P011,judgment,C08,j_obligation,3,human,lost,retain,affirm,discontinuous,standard,3,1,Memory + transition,Obligation
catman_pilot_v1,P011,judgment,C08,j_treatment,7,human,lost,retain,affirm,discontinuous,standard,3,1,Memory + transition,Treatment
catman_pilot_v1,P011,judgment,C04,j_identity,7,human,retain,limited,affirm,continuous,standard,4,1,Function,Identity
catman_pilot_v1,P011,judgment,C04,j_likeness,7,human,retain,limited,affirm,continuous,standard,4,1,Function,Likeness
catman_pilot_v1,P011,judgment,C04,j_relationship,7,human,retain,limited,affirm,continuous,standard,4,1,Function,Relationship
catman_pilot_v1,P011,judgment,C04,j_obligation,6,human,retain,limited,affirm,continuous,standard,4,1,Function,Obligation
catman_pilot_v1,P011,judgment,C04,j_treatment,7,human,retain,limited,affirm,continuous,standard,4,1,Function,Treatment
catman_pilot_v1,P011,judgment,A09,j_identity,6,human,retain,retain,deny,continuous,anchor,5,1,Self-denial anchor,Identity
catman_pilot_v1,P011,judgment,A09,j_likeness,6,human,retain,retain,deny,continuous,anchor,5,1,Self-denial anchor,Likeness
catman_pilot_v1,P011,judgment,A09,j_relationship,2,human,retain,retain,deny,continuous,anchor,5,1,Self-denial anchor,Relationship
catman_pilot_v1,P011,judgment,A09,j_obligation,1,human,retain,retain,deny,continuous,anchor,5,1,Self-denial anchor,Obligation
catman_pilot_v1,P011,judgment,A09,j_treatment,4,human,retain,retain,deny,continuous,anchor,5,1,Self-denial anchor,Treatment
catman_pilot_v1,P011,judgment,A09,v_epistemic,2,human,retain,retain,deny,continuous,anchor,5,1,Self-denial anchor,Epistemic veto
catman_pilot_v1,P011,judgment,A09,v_normative,2,human,retain,retain,deny,continuous,anchor,5,1,Self-denial anchor,Normative veto
catman_pilot_v1,P011,judgment,C07,j_identity,1,cat,retain,retain,affirm,discontinuous,standard,6,1,Body + transition,Identity
catman_pilot_v1,P011,judgment,C07,j_likeness,2,cat,retain,retain,affirm,discontinuous,standard,6,1,Body + transition,Likeness
catman_pilot_v1,P011,judgment,C07,j_relationship,1,cat,retain,retain,affirm,discontinuous,standard,6,1,Body + transition,Relationship
catman_pilot_v1,P011,judgment,C07,j_obligation,1,cat,retain,retain,affirm,discontinuous,standard,6,1,Body + transition,Obligation
catman_pilot_v1,P011,judgment,C07,j_treatment,4,cat,retain,retain,affirm,discontinuous,standard,6,1,Body + transition,Treatment
catman_pilot_v1,P011,judgment,C01,j_identity,7,human,retain,retain,affirm,continuous,standard,7,1,Baseline,Identity
catman_pilot_v1,P011,judgment,C01,j_likeness,7,human,retain,retain,affirm,continuous,standard,7,1,Baseline,Likeness
catman_pilot_v1,P011,judgment,C01,j_relationship,7,human,retain,retain,affirm,continuous,standard,7,1,Baseline,Relationship
catman_pilot_v1,P011,judgment,C01,j_obligation,7,human,retain,retain,affirm,continuous,standard,7,1,Baseline,Obligation
catman_pilot_v1,P011,judgment,C01,j_treatment,7,human,retain,retain,affirm,continuous,standard,7,1,Baseline,Treatment
catman_pilot_v1,P011,judgment,C06,j_identity,1,human,retain,retain,affirm,discontinuous,standard,8,1,Transition,Identity
catman_pilot_v1,P011,judgment,C06,j_likeness,6,human,retain,retain,affirm,discontinuous,standard,8,1,Transition,Likeness
catman_pilot_v1,P011,judgment,C06,j_relationship,1,human,retain,retain,affirm,discontinuous,standard,8,1,Transition,Relationship
catman_pilot_v1,P011,judgment,C06,j_obligation,1,human,retain,retain,affirm,discontinuous,standard,8,1,Transition,Obligation
catman_pilot_v1,P011,judgment,C06,j_treatment,1,human,retain,retain,affirm,discontinuous,standard,8,1,Transition,Treatment
catman_pilot_v1,P011,judgment,C03,j_identity,2,human,lost,retain,affirm,continuous,standard,9,1,Memory,Identity
catman_pilot_v1,P011,judgment,C03,j_likeness,7,human,lost,retain,affirm,continuous,standard,9,1,Memory,Likeness
catman_pilot_v1,P011,judgment,C03,j_relationship,2,human,lost,retain,affirm,continuous,standard,9,1,Memory,Relationship
catman_pilot_v1,P011,judgment,C03,j_obligation,1,human,lost,retain,affirm,continuous,standard,9,1,Memory,Obligation
catman_pilot_v1,P011,judgment,C03,j_treatment,5,human,lost,retain,affirm,continuous,standard,9,1,Memory,Treatment
catman_pilot_v1,P011,judgment,A10,j_ab,7,cat,retain,retain,affirm,parallel,anchor,10,1,Parallel anchor,Pre-X = surviving human
catman_pilot_v1,P011,judgment,A10,j_ac,1,cat,retain,retain,affirm,parallel,anchor,10,1,Parallel anchor,Pre-X = generated cat
catman_pilot_v1,P011,judgment,A10,j_bc,1,cat,retain,retain,affirm,parallel,anchor,10,1,Parallel anchor,Surviving human = generated cat
catman_pilot_v1,P011,judgment,A10,j_excl,7,cat,retain,retain,affirm,parallel,anchor,10,1,Parallel anchor,Identity exclusivity
catman_pilot_v1,P011,judgment,A10,j_relationship,7,cat,retain,retain,affirm,parallel,anchor,10,1,Parallel anchor,Relationship
catman_pilot_v1,P011,judgment,A10,j_obligation,7,cat,retain,retain,affirm,parallel,anchor,10,1,Parallel anchor,Obligation
catman_pilot_v1,P011,judgment,A10,j_treatment,7,cat,retain,retain,affirm,parallel,anchor,10,1,Parallel anchor,Treatment
catman_pilot_v1,P070,judgment,C01,j_identity,6,human,retain,retain,affirm,continuous,standard,1,1,Baseline,Identity
catman_pilot_v1,P070,judgment,C01,j_likeness,6,human,retain,retain,affirm,continuous,standard,1,1,Baseline,Likeness
catman_pilot_v1,P070,judgment,C01,j_relationship,6,human,retain,retain,affirm,continuous,standard,1,1,Baseline,Relationship
catman_pilot_v1,P070,judgment,C01,j_obligation,7,human,retain,retain,affirm,continuous,standard,1,1,Baseline,Obligation
catman_pilot_v1,P070,judgment,C01,j_treatment,4,human,retain,retain,affirm,continuous,standard,1,1,Baseline,Treatment
catman_pilot_v1,P070,judgment,C04,j_identity,7,human,retain,limited,affirm,continuous,standard,2,1,Function,Identity
catman_pilot_v1,P070,judgment,C04,j_likeness,6,human,retain,limited,affirm,continuous,standard,2,1,Function,Likeness
catman_pilot_v1,P070,judgment,C04,j_relationship,7,human,retain,limited,affirm,continuous,standard,2,1,Function,Relationship
catman_pilot_v1,P070,judgment,C04,j_obligation,7,human,retain,limited,affirm,continuous,standard,2,1,Function,Obligation
catman_pilot_v1,P070,judgment,C04,j_treatment,7,human,retain,limited,affirm,continuous,standard,2,1,Function,Treatment
catman_pilot_v1,P070,judgment,C02,j_identity,1,cat,retain,retain,affirm,continuous,standard,3,1,Body,Identity
catman_pilot_v1,P070,judgment,C02,j_likeness,1,cat,retain,retain,affirm,continuous,standard,3,1,Body,Likeness
catman_pilot_v1,P070,judgment,C02,j_relationship,2,cat,retain,retain,affirm,continuous,standard,3,1,Body,Relationship
catman_pilot_v1,P070,judgment,C02,j_obligation,1,cat,retain,retain,affirm,continuous,standard,3,1,Body,Obligation
catman_pilot_v1,P070,judgment,C02,j_treatment,1,cat,retain,retain,affirm,continuous,standard,3,1,Body,Treatment
catman_pilot_v1,P070,judgment,C05,j_identity,7,human,retain,retain,uncertain,continuous,standard,4,1,Self-ID uncertain,Identity
catman_pilot_v1,P070,judgment,C05,j_likeness,7,human,retain,retain,uncertain,continuous,standard,4,1,Self-ID uncertain,Likeness
catman_pilot_v1,P070,judgment,C05,j_relationship,6,human,retain,retain,uncertain,continuous,standard,4,1,Self-ID uncertain,Relationship
catman_pilot_v1,P070,judgment,C05,j_obligation,6,human,retain,retain,uncertain,continuous,standard,4,1,Self-ID uncertain,Obligation
catman_pilot_v1,P070,judgment,C05,j_treatment,6,human,retain,retain,uncertain,continuous,standard,4,1,Self-ID uncertain,Treatment
catman_pilot_v1,P070,judgment,C07,j_identity,1,cat,retain,retain,affirm,discontinuous,standard,5,1,Body + transition,Identity
catman_pilot_v1,P070,judgment,C07,j_likeness,1,cat,retain,retain,affirm,discontinuous,standard,5,1,Body + transition,Likeness
catman_pilot_v1,P070,judgment,C07,j_relationship,1,cat,retain,retain,affirm,discontinuous,standard,5,1,Body + transition,Relationship
catman_pilot_v1,P070,judgment,C07,j_obligation,1,cat,retain,retain,affirm,discontinuous,standard,5,1,Body + transition,Obligation
catman_pilot_v1,P070,judgment,C07,j_treatment,1,cat,retain,retain,affirm,discontinuous,standard,5,1,Body + transition,Treatment
catman_pilot_v1,P070,judgment,C08,j_identity,6,human,lost,retain,affirm,discontinuous,standard,6,1,Memory + transition,Identity
catman_pilot_v1,P070,judgment,C08,j_likeness,6,human,lost,retain,affirm,discontinuous,standard,6,1,Memory + transition,Likeness
catman_pilot_v1,P070,judgment,C08,j_relationship,7,human,lost,retain,affirm,discontinuous,standard,6,1,Memory + transition,Relationship
catman_pilot_v1,P070,judgment,C08,j_obligation,7,human,lost,retain,affirm,discontinuous,standard,6,1,Memory + transition,Obligation
catman_pilot_v1,P070,judgment,C08,j_treatment,7,human,lost,retain,affirm,discontinuous,standard,6,1,Memory + transition,Treatment
catman_pilot_v1,P070,judgment,A10,j_ab,1,cat,retain,retain,affirm,parallel,anchor,7,1,Parallel anchor,Pre-X = surviving human
catman_pilot_v1,P070,judgment,A10,j_ac,1,cat,retain,retain,affirm,parallel,anchor,7,1,Parallel anchor,Pre-X = generated cat
catman_pilot_v1,P070,judgment,A10,j_bc,1,cat,retain,retain,affirm,parallel,anchor,7,1,Parallel anchor,Surviving human = generated cat
catman_pilot_v1,P070,judgment,A10,j_excl,6,cat,retain,retain,affirm,parallel,anchor,7,1,Parallel anchor,Identity exclusivity
catman_pilot_v1,P070,judgment,A10,j_relationship,1,cat,retain,retain,affirm,parallel,anchor,7,1,Parallel anchor,Relationship
catman_pilot_v1,P070,judgment,A10,j_obligation,1,cat,retain,retain,affirm,parallel,anchor,7,1,Parallel anchor,Obligation
catman_pilot_v1,P070,judgment,A10,j_treatment,2,cat,retain,retain,affirm,parallel,anchor,7,1,Parallel anchor,Treatment
catman_pilot_v1,P070,judgment,C06,j_identity,5,human,retain,retain,affirm,discontinuous,standard,8,1,Transition,Identity
catman_pilot_v1,P070,judgment,C06,j_likeness,5,human,retain,retain,affirm,discontinuous,standard,8,1,Transition,Likeness
catman_pilot_v1,P070,judgment,C06,j_relationship,5,human,retain,retain,affirm,discontinuous,standard,8,1,Transition,Relationship
catman_pilot_v1,P070,judgment,C06,j_obligation,6,human,retain,retain,affirm,discontinuous,standard,8,1,Transition,Obligation
catman_pilot_v1,P070,judgment,C06,j_treatment,7,human,retain,retain,affirm,discontinuous,standard,8,1,Transition,Treatment
catman_pilot_v1,P070,judgment,A09,j_identity,6,human,retain,retain,deny,continuous,anchor,9,1,Self-denial anchor,Identity
catman_pilot_v1,P070,judgment,A09,j_likeness,7,human,retain,retain,deny,continuous,anchor,9,1,Self-denial anchor,Likeness
catman_pilot_v1,P070,judgment,A09,j_relationship,7,human,retain,retain,deny,continuous,anchor,9,1,Self-denial anchor,Relationship
catman_pilot_v1,P070,judgment,A09,j_obligation,7,human,retain,retain,deny,continuous,anchor,9,1,Self-denial anchor,Obligation
catman_pilot_v1,P070,judgment,A09,j_treatment,7,human,retain,retain,deny,continuous,anchor,9,1,Self-denial anchor,Treatment
catman_pilot_v1,P070,judgment,A09,v_epistemic,1,human,retain,retain,deny,continuous,anchor,9,1,Self-denial anchor,Epistemic veto
catman_pilot_v1,P070,judgment,A09,v_normative,1,human,retain,retain,deny,continuous,anchor,9,1,Self-denial anchor,Normative veto
catman_pilot_v1,P070,judgment,C03,j_identity,7,human,lost,retain,affirm,continuous,standard,10,1,Memory,Identity
catman_pilot_v1,P070,judgment,C03,j_likeness,7,human,lost,retain,affirm,continuous,standard,10,1,Memory,Likeness
catman_pilot_v1,P070,judgment,C03,j_relationship,7,human,lost,retain,affirm,continuous,standard,10,1,Memory,Relationship
catman_pilot_v1,P070,judgment,C03,j_obligation,7,human,lost,retain,affirm,continuous,standard,10,1,Memory,Obligation
catman_pilot_v1,P070,judgment,C03,j_treatment,7,human,lost,retain,affirm,continuous,standard,10,1,Memory,Treatment
catman_pilot_v1,P043,judgment,C05,j_identity,7,human,retain,retain,uncertain,continuous,standard,1,1,Self-ID uncertain,Identity
catman_pilot_v1,P043,judgment,C05,j_likeness,7,human,retain,retain,uncertain,continuous,standard,1,1,Self-ID uncertain,Likeness
catman_pilot_v1,P043,judgment,C05,j_relationship,7,human,retain,retain,uncertain,continuous,standard,1,1,Self-ID uncertain,Relationship
catman_pilot_v1,P043,judgment,C05,j_obligation,7,human,retain,retain,uncertain,continuous,standard,1,1,Self-ID uncertain,Obligation
catman_pilot_v1,P043,judgment,C05,j_treatment,7,human,retain,retain,uncertain,continuous,standard,1,1,Self-ID uncertain,Treatment
catman_pilot_v1,P043,judgment,C07,j_identity,3,cat,retain,retain,affirm,discontinuous,standard,2,1,Body + transition,Identity
catman_pilot_v1,P043,judgment,C07,j_likeness,3,cat,retain,retain,affirm,discontinuous,standard,2,1,Body + transition,Likeness
catman_pilot_v1,P043,judgment,C07,j_relationship,7,cat,retain,retain,affirm,discontinuous,standard,2,1,Body + transition,Relationship
catman_pilot_v1,P043,judgment,C07,j_obligation,7,cat,retain,retain,affirm,discontinuous,standard,2,1,Body + transition,Obligation
catman_pilot_v1,P043,judgment,C07,j_treatment,3,cat,retain,retain,affirm,discontinuous,standard,2,1,Body + transition,Treatment
catman_pilot_v1,P043,judgment,C03,j_identity,2,human,lost,retain,affirm,continuous,standard,3,1,Memory,Identity
catman_pilot_v1,P043,judgment,C03,j_likeness,2,human,lost,retain,affirm,continuous,standard,3,1,Memory,Likeness
catman_pilot_v1,P043,judgment,C03,j_relationship,1,human,lost,retain,affirm,continuous,standard,3,1,Memory,Relationship
catman_pilot_v1,P043,judgment,C03,j_obligation,1,human,lost,retain,affirm,continuous,standard,3,1,Memory,Obligation
catman_pilot_v1,P043,judgment,C03,j_treatment,1,human,lost,retain,affirm,continuous,standard,3,1,Memory,Treatment
catman_pilot_v1,P043,judgment,C08,j_identity,6,human,lost,retain,affirm,discontinuous,standard,4,1,Memory + transition,Identity
catman_pilot_v1,P043,judgment,C08,j_likeness,6,human,lost,retain,affirm,discontinuous,standard,4,1,Memory + transition,Likeness
catman_pilot_v1,P043,judgment,C08,j_relationship,2,human,lost,retain,affirm,discontinuous,standard,4,1,Memory + transition,Relationship
catman_pilot_v1,P043,judgment,C08,j_obligation,1,human,lost,retain,affirm,discontinuous,standard,4,1,Memory + transition,Obligation
catman_pilot_v1,P043,judgment,C08,j_treatment,6,human,lost,retain,affirm,discontinuous,standard,4,1,Memory + transition,Treatment
catman_pilot_v1,P043,judgment,A09,j_identity,6,human,retain,retain,deny,continuous,anchor,5,1,Self-denial anchor,Identity
catman_pilot_v1,P043,judgment,A09,j_likeness,6,human,retain,retain,deny,continuous,anchor,5,1,Self-denial anchor,Likeness
catman_pilot_v1,P043,judgment,A09,j_relationship,5,human,retain,retain,deny,continuous,anchor,5,1,Self-denial anchor,Relationship
catman_pilot_v1,P043,judgment,A09,j_obligation,5,human,retain,retain,deny,continuous,anchor,5,1,Self-denial anchor,Obligation
catman_pilot_v1,P043,judgment,A09,j_treatment,6,human,retain,retain,deny,continuous,anchor,5,1,Self-denial anchor,Treatment
catman_pilot_v1,P043,judgment,A09,v_epistemic,7,human,retain,retain,deny,continuous,anchor,5,1,Self-denial anchor,Epistemic veto
catman_pilot_v1,P043,judgment,A09,v_normative,6,human,retain,retain,deny,continuous,anchor,5,1,Self-denial anchor,Normative veto
catman_pilot_v1,P043,judgment,C02,j_identity,2,cat,retain,retain,affirm,continuous,standard,6,1,Body,Identity
catman_pilot_v1,P043,judgment,C02,j_likeness,2,cat,retain,retain,affirm,continuous,standard,6,1,Body,Likeness
catman_pilot_v1,P043,judgment,C02,j_relationship,2,cat,retain,retain,affirm,continuous,standard,6,1,Body,Relationship
catman_pilot_v1,P043,judgment,C02,j_obligation,2,cat,retain,retain,affirm,continuous,standard,6,1,Body,Obligation
catman_pilot_v1,P043,judgment,C02,j_treatment,3,cat,retain,retain,affirm,continuous,standard,6,1,Body,Treatment
catman_pilot_v1,P043,judgment,A10,j_ab,7,cat,retain,retain,affirm,parallel,anchor,7,1,Parallel anchor,Pre-X = surviving human
catman_pilot_v1,P043,judgment,A10,j_ac,1,cat,retain,retain,affirm,parallel,anchor,7,1,Parallel anchor,Pre-X = generated cat
catman_pilot_v1,P043,judgment,A10,j_bc,3,cat,retain,retain,affirm,parallel,anchor,7,1,Parallel anchor,Surviving human = generated cat
catman_pilot_v1,P043,judgment,A10,j_excl,7,cat,retain,retain,affirm,parallel,anchor,7,1,Parallel anchor,Identity exclusivity
catman_pilot_v1,P043,judgment,A10,j_relationship,7,cat,retain,retain,affirm,parallel,anchor,7,1,Parallel anchor,Relationship
catman_pilot_v1,P043,judgment,A10,j_obligation,7,cat,retain,retain,affirm,parallel,anchor,7,1,Parallel anchor,Obligation
catman_pilot_v1,P043,judgment,A10,j_treatment,7,cat,retain,retain,affirm,parallel,anchor,7,1,Parallel anchor,Treatment
catman_pilot_v1,P043,judgment,C01,j_identity,2,human,retain,retain,affirm,continuous,standard,8,1,Baseline,Identity
catman_pilot_v1,P043,judgment,C01,j_likeness,2,human,retain,retain,affirm,continuous,standard,8,1,Baseline,Likeness
catman_pilot_v1,P043,judgment,C01,j_relationship,1,human,retain,retain,affirm,continuous,standard,8,1,Baseline,Relationship
catman_pilot_v1,P043,judgment,C01,j_obligation,1,human,retain,retain,affirm,continuous,standard,8,1,Baseline,Obligation
catman_pilot_v1,P043,judgment,C01,j_treatment,1,human,retain,retain,affirm,continuous,standard,8,1,Baseline,Treatment
catman_pilot_v1,P043,judgment,C06,j_identity,7,human,retain,retain,affirm,discontinuous,standard,9,1,Transition,Identity
catman_pilot_v1,P043,judgment,C06,j_likeness,7,human,retain,retain,affirm,discontinuous,standard,9,1,Transition,Likeness
catman_pilot_v1,P043,judgment,C06,j_relationship,7,human,retain,retain,affirm,discontinuous,standard,9,1,Transition,Relationship
catman_pilot_v1,P043,judgment,C06,j_obligation,7,human,retain,retain,affirm,discontinuous,standard,9,1,Transition,Obligation
catman_pilot_v1,P043,judgment,C06,j_treatment,7,human,retain,retain,affirm,discontinuous,standard,9,1,Transition,Treatment
catman_pilot_v1,P043,judgment,C04,j_identity,1,human,retain,limited,affirm,continuous,standard,10,1,Function,Identity
catman_pilot_v1,P043,judgment,C04,j_likeness,1,human,retain,limited,affirm,continuous,standard,10,1,Function,Likeness
catman_pilot_v1,P043,judgment,C04,j_relationship,2,human,retain,limited,affirm,continuous,standard,10,1,Function,Relationship
catman_pilot_v1,P043,judgment,C04,j_obligation,2,human,retain,limited,affirm,continuous,standard,10,1,Function,Obligation
catman_pilot_v1,P043,judgment,C04,j_treatment,1,human,retain,limited,affirm,continuous,standard,10,1,Function,Treatment
catman_pilot_v1,P051,judgment,C03,j_identity,4,human,lost,retain,affirm,continuous,standard,1,1,Memory,Identity
catman_pilot_v1,P051,judgment,C03,j_likeness,6,human,lost,retain,affirm,continuous,standard,1,1,Memory,Likeness
catman_pilot_v1,P051,judgment,C03,j_relationship,2,human,lost,retain,affirm,continuous,standard,1,1,Memory,Relationship
catman_pilot_v1,P051,judgment,C03,j_obligation,3,human,lost,retain,affirm,continuous,standard,1,1,Memory,Obligation
catman_pilot_v1,P051,judgment,C03,j_treatment,5,human,lost,retain,affirm,continuous,standard,1,1,Memory,Treatment
catman_pilot_v1,P051,judgment,C06,j_identity,5,human,retain,retain,affirm,discontinuous,standard,2,1,Transition,Identity
catman_pilot_v1,P051,judgment,C06,j_likeness,7,human,retain,retain,affirm,discontinuous,standard,2,1,Transition,Likeness
catman_pilot_v1,P051,judgment,C06,j_relationship,6,human,retain,retain,affirm,discontinuous,standard,2,1,Transition,Relationship
catman_pilot_v1,P051,judgment,C06,j_obligation,6,human,retain,retain,affirm,discontinuous,standard,2,1,Transition,Obligation
catman_pilot_v1,P051,judgment,C06,j_treatment,7,human,retain,retain,affirm,discontinuous,standard,2,1,Transition,Treatment
catman_pilot_v1,P051,judgment,C05,j_identity,5,human,retain,retain,uncertain,continuous,standard,3,1,Self-ID uncertain,Identity
catman_pilot_v1,P051,judgment,C05,j_likeness,7,human,retain,retain,uncertain,continuous,standard,3,1,Self-ID uncertain,Likeness
catman_pilot_v1,P051,judgment,C05,j_relationship,5,human,retain,retain,uncertain,continuous,standard,3,1,Self-ID uncertain,Relationship
catman_pilot_v1,P051,judgment,C05,j_obligation,6,human,retain,retain,uncertain,continuous,standard,3,1,Self-ID uncertain,Obligation
catman_pilot_v1,P051,judgment,C05,j_treatment,6,human,retain,retain,uncertain,continuous,standard,3,1,Self-ID uncertain,Treatment
catman_pilot_v1,P051,judgment,C02,j_identity,5,cat,retain,retain,affirm,continuous,standard,4,1,Body,Identity
catman_pilot_v1,P051,judgment,C02,j_likeness,1,cat,retain,retain,affirm,continuous,standard,4,1,Body,Likeness
catman_pilot_v1,P051,judgment,C02,j_relationship,5,cat,retain,retain,affirm,continuous,standard,4,1,Body,Relationship
catman_pilot_v1,P051,judgment,C02,j_obligation,5,cat,retain,retain,affirm,continuous,standard,4,1,Body,Obligation
catman_pilot_v1,P051,judgment,C02,j_treatment,3,cat,retain,retain,affirm,continuous,standard,4,1,Body,Treatment
catman_pilot_v1,P051,judgment,C01,j_identity,7,human,retain,retain,affirm,continuous,standard,5,1,Baseline,Identity
catman_pilot_v1,P051,judgment,C01,j_likeness,6,human,retain,retain,affirm,continuous,standard,5,1,Baseline,Likeness
catman_pilot_v1,P051,judgment,C01,j_relationship,6,human,retain,retain,affirm,continuous,standard,5,1,Baseline,Relationship
catman_pilot_v1,P051,judgment,C01,j_obligation,6,human,retain,retain,affirm,continuous,standard,5,1,Baseline,Obligation
catman_pilot_v1,P051,judgment,C01,j_treatment,5,human,retain,retain,affirm,continuous,standard,5,1,Baseline,Treatment
catman_pilot_v1,P051,judgment,C07,j_identity,4,cat,retain,retain,affirm,discontinuous,standard,6,1,Body + transition,Identity
catman_pilot_v1,P051,judgment,C07,j_likeness,1,cat,retain,retain,affirm,discontinuous,standard,6,1,Body + transition,Likeness
catman_pilot_v1,P051,judgment,C07,j_relationship,6,cat,retain,retain,affirm,discontinuous,standard,6,1,Body + transition,Relationship
catman_pilot_v1,P051,judgment,C07,j_obligation,5,cat,retain,retain,affirm,discontinuous,standard,6,1,Body + transition,Obligation
catman_pilot_v1,P051,judgment,C07,j_treatment,5,cat,retain,retain,affirm,discontinuous,standard,6,1,Body + transition,Treatment
catman_pilot_v1,P051,judgment,C04,j_identity,6,human,retain,limited,affirm,continuous,standard,7,1,Function,Identity
catman_pilot_v1,P051,judgment,C04,j_likeness,7,human,retain,limited,affirm,continuous,standard,7,1,Function,Likeness
catman_pilot_v1,P051,judgment,C04,j_relationship,6,human,retain,limited,affirm,continuous,standard,7,1,Function,Relationship
catman_pilot_v1,P051,judgment,C04,j_obligation,5,human,retain,limited,affirm,continuous,standard,7,1,Function,Obligation
catman_pilot_v1,P051,judgment,C04,j_treatment,6,human,retain,limited,affirm,continuous,standard,7,1,Function,Treatment
catman_pilot_v1,P051,judgment,C08,j_identity,2,human,lost,retain,affirm,discontinuous,standard,8,1,Memory + transition,Identity
catman_pilot_v1,P051,judgment,C08,j_likeness,6,human,lost,retain,affirm,discontinuous,standard,8,1,Memory + transition,Likeness
catman_pilot_v1,P051,judgment,C08,j_relationship,3,human,lost,retain,affirm,discontinuous,standard,8,1,Memory + transition,Relationship
catman_pilot_v1,P051,judgment,C08,j_obligation,2,human,lost,retain,affirm,discontinuous,standard,8,1,Memory + transition,Obligation
catman_pilot_v1,P051,judgment,C08,j_treatment,5,human,lost,retain,affirm,discontinuous,standard,8,1,Memory + transition,Treatment
catman_pilot_v1,P051,judgment,A10,j_ab,7,cat,retain,retain,affirm,parallel,anchor,9,1,Parallel anchor,Pre-X = surviving human
catman_pilot_v1,P051,judgment,A10,j_ac,3,cat,retain,retain,affirm,parallel,anchor,9,1,Parallel anchor,Pre-X = generated cat
catman_pilot_v1,P051,judgment,A10,j_bc,1,cat,retain,retain,affirm,parallel,anchor,9,1,Parallel anchor,Surviving human = generated cat
catman_pilot_v1,P051,judgment,A10,j_excl,5,cat,retain,retain,affirm,parallel,anchor,9,1,Parallel anchor,Identity exclusivity
catman_pilot_v1,P051,judgment,A10,j_relationship,5,cat,retain,retain,affirm,parallel,anchor,9,1,Parallel anchor,Relationship
catman_pilot_v1,P051,judgment,A10,j_obligation,4,cat,retain,retain,affirm,parallel,anchor,9,1,Parallel anchor,Obligation
catman_pilot_v1,P051,judgment,A10,j_treatment,4,cat,retain,retain,affirm,parallel,anchor,9,1,Parallel anchor,Treatment
catman_pilot_v1,P051,judgment,A09,j_identity,4,human,retain,retain,deny,continuous,anchor,10,1,Self-denial anchor,Identity
catman_pilot_v1,P051,judgment,A09,j_likeness,7,human,retain,retain,deny,continuous,anchor,10,1,Self-denial anchor,Likeness
catman_pilot_v1,P051,judgment,A09,j_relationship,3,human,retain,retain,deny,continuous,anchor,10,1,Self-denial anchor,Relationship
catman_pilot_v1,P051,judgment,A09,j_obligation,3,human,retain,retain,deny,continuous,anchor,10,1,Self-denial anchor,Obligation
catman_pilot_v1,P051,judgment,A09,j_treatment,2,human,retain,retain,deny,continuous,anchor,10,1,Self-denial anchor,Treatment
catman_pilot_v1,P051,judgment,A09,v_epistemic,5,human,retain,retain,deny,continuous,anchor,10,1,Self-denial anchor,Epistemic veto
catman_pilot_v1,P051,judgment,A09,v_normative,6,human,retain,retain,deny,continuous,anchor,10,1,Self-denial anchor,Normative veto
catman_pilot_v1,P038,judgment,C05,j_identity,6,human,retain,retain,uncertain,continuous,standard,1,1,Self-ID uncertain,Identity
catman_pilot_v1,P038,judgment,C05,j_likeness,6,human,retain,retain,uncertain,continuous,standard,1,1,Self-ID uncertain,Likeness
catman_pilot_v1,P038,judgment,C05,j_relationship,7,human,retain,retain,uncertain,continuous,standard,1,1,Self-ID uncertain,Relationship
catman_pilot_v1,P038,judgment,C05,j_obligation,6,human,retain,retain,uncertain,continuous,standard,1,1,Self-ID uncertain,Obligation
catman_pilot_v1,P038,judgment,C05,j_treatment,6,human,retain,retain,uncertain,continuous,standard,1,1,Self-ID uncertain,Treatment
catman_pilot_v1,P038,judgment,C04,j_identity,5,human,retain,limited,affirm,continuous,standard,2,1,Function,Identity
catman_pilot_v1,P038,judgment,C04,j_likeness,5,human,retain,limited,affirm,continuous,standard,2,1,Function,Likeness
catman_pilot_v1,P038,judgment,C04,j_relationship,5,human,retain,limited,affirm,continuous,standard,2,1,Function,Relationship
catman_pilot_v1,P038,judgment,C04,j_obligation,6,human,retain,limited,affirm,continuous,standard,2,1,Function,Obligation
catman_pilot_v1,P038,judgment,C04,j_treatment,6,human,retain,limited,affirm,continuous,standard,2,1,Function,Treatment
catman_pilot_v1,P038,judgment,C02,j_identity,5,cat,retain,retain,affirm,continuous,standard,3,1,Body,Identity
catman_pilot_v1,P038,judgment,C02,j_likeness,5,cat,retain,retain,affirm,continuous,standard,3,1,Body,Likeness
catman_pilot_v1,P038,judgment,C02,j_relationship,5,cat,retain,retain,affirm,continuous,standard,3,1,Body,Relationship
catman_pilot_v1,P038,judgment,C02,j_obligation,6,cat,retain,retain,affirm,continuous,standard,3,1,Body,Obligation
catman_pilot_v1,P038,judgment,C02,j_treatment,5,cat,retain,retain,affirm,continuous,standard,3,1,Body,Treatment
catman_pilot_v1,P038,judgment,C07,j_identity,3,cat,retain,retain,affirm,discontinuous,standard,4,1,Body + transition,Identity
catman_pilot_v1,P038,judgment,C07,j_likeness,5,cat,retain,retain,affirm,discontinuous,standard,4,1,Body + transition,Likeness
catman_pilot_v1,P038,judgment,C07,j_relationship,5,cat,retain,retain,affirm,discontinuous,standard,4,1,Body + transition,Relationship
catman_pilot_v1,P038,judgment,C07,j_obligation,5,cat,retain,retain,affirm,discontinuous,standard,4,1,Body + transition,Obligation
catman_pilot_v1,P038,judgment,C07,j_treatment,4,cat,retain,retain,affirm,discontinuous,standard,4,1,Body + transition,Treatment
catman_pilot_v1,P038,judgment,A09,j_identity,6,human,retain,retain,deny,continuous,anchor,5,1,Self-denial anchor,Identity
catman_pilot_v1,P038,judgment,A09,j_likeness,6,human,retain,retain,deny,continuous,anchor,5,1,Self-denial anchor,Likeness
catman_pilot_v1,P038,judgment,A09,j_relationship,6,human,retain,retain,deny,continuous,anchor,5,1,Self-denial anchor,Relationship
catman_pilot_v1,P038,judgment,A09,j_obligation,7,human,retain,retain,deny,continuous,anchor,5,1,Self-denial anchor,Obligation
catman_pilot_v1,P038,judgment,A09,j_treatment,6,human,retain,retain,deny,continuous,anchor,5,1,Self-denial anchor,Treatment
catman_pilot_v1,P038,judgment,A09,v_epistemic,2,human,retain,retain,deny,continuous,anchor,5,1,Self-denial anchor,Epistemic veto
catman_pilot_v1,P038,judgment,A09,v_normative,5,human,retain,retain,deny,continuous,anchor,5,1,Self-denial anchor,Normative veto
catman_pilot_v1,P038,judgment,A10,j_ab,6,cat,retain,retain,affirm,parallel,anchor,6,1,Parallel anchor,Pre-X = surviving human
catman_pilot_v1,P038,judgment,A10,j_ac,2,cat,retain,retain,affirm,parallel,anchor,6,1,Parallel anchor,Pre-X = generated cat
catman_pilot_v1,P038,judgment,A10,j_bc,1,cat,retain,retain,affirm,parallel,anchor,6,1,Parallel anchor,Surviving human = generated cat
catman_pilot_v1,P038,judgment,A10,j_excl,7,cat,retain,retain,affirm,parallel,anchor,6,1,Parallel anchor,Identity exclusivity
catman_pilot_v1,P038,judgment,A10,j_relationship,3,cat,retain,retain,affirm,parallel,anchor,6,1,Parallel anchor,Relationship
catman_pilot_v1,P038,judgment,A10,j_obligation,4,cat,retain,retain,affirm,parallel,anchor,6,1,Parallel anchor,Obligation
catman_pilot_v1,P038,judgment,A10,j_treatment,3,cat,retain,retain,affirm,parallel,anchor,6,1,Parallel anchor,Treatment
catman_pilot_v1,P038,judgment,C01,j_identity,6,human,retain,retain,affirm,continuous,standard,7,1,Baseline,Identity
catman_pilot_v1,P038,judgment,C01,j_likeness,7,human,retain,retain,affirm,continuous,standard,7,1,Baseline,Likeness
catman_pilot_v1,P038,judgment,C01,j_relationship,7,human,retain,retain,affirm,continuous,standard,7,1,Baseline,Relationship
catman_pilot_v1,P038,judgment,C01,j_obligation,6,human,retain,retain,affirm,continuous,standard,7,1,Baseline,Obligation
catman_pilot_v1,P038,judgment,C01,j_treatment,6,human,retain,retain,affirm,continuous,standard,7,1,Baseline,Treatment
catman_pilot_v1,P038,judgment,C08,j_identity,2,human,lost,retain,affirm,discontinuous,standard,8,1,Memory + transition,Identity
catman_pilot_v1,P038,judgment,C08,j_likeness,2,human,lost,retain,affirm,discontinuous,standard,8,1,Memory + transition,Likeness
catman_pilot_v1,P038,judgment,C08,j_relationship,1,human,lost,retain,affirm,discontinuous,standard,8,1,Memory + transition,Relationship
catman_pilot_v1,P038,judgment,C08,j_obligation,3,human,lost,retain,affirm,discontinuous,standard,8,1,Memory + transition,Obligation
catman_pilot_v1,P038,judgment,C08,j_treatment,2,human,lost,retain,affirm,discontinuous,standard,8,1,Memory + transition,Treatment
catman_pilot_v1,P038,judgment,C06,j_identity,5,human,retain,retain,affirm,discontinuous,standard,9,1,Transition,Identity
catman_pilot_v1,P038,judgment,C06,j_likeness,5,human,retain,retain,affirm,discontinuous,standard,9,1,Transition,Likeness
catman_pilot_v1,P038,judgment,C06,j_relationship,5,human,retain,retain,affirm,discontinuous,standard,9,1,Transition,Relationship
catman_pilot_v1,P038,judgment,C06,j_obligation,6,human,retain,retain,affirm,discontinuous,standard,9,1,Transition,Obligation
catman_pilot_v1,P038,judgment,C06,j_treatment,5,human,retain,retain,affirm,discontinuous,standard,9,1,Transition,Treatment
catman_pilot_v1,P038,judgment,C03,j_identity,2,human,lost,retain,affirm,continuous,standard,10,1,Memory,Identity
catman_pilot_v1,P038,judgment,C03,j_likeness,2,human,lost,retain,affirm,continuous,standard,10,1,Memory,Likeness
catman_pilot_v1,P038,judgment,C03,j_relationship,1,human,lost,retain,affirm,continuous,standard,10,1,Memory,Relationship
catman_pilot_v1,P038,judgment,C03,j_obligation,1,human,lost,retain,affirm,continuous,standard,10,1,Memory,Obligation
catman_pilot_v1,P038,judgment,C03,j_treatment,3,human,lost,retain,affirm,continuous,standard,10,1,Memory,Treatment
catman_pilot_v1,P040,judgment,C08,j_identity,6,human,lost,retain,affirm,discontinuous,standard,1,1,Memory + transition,Identity
catman_pilot_v1,P040,judgment,C08,j_likeness,6,human,lost,retain,affirm,discontinuous,standard,1,1,Memory + transition,Likeness
catman_pilot_v1,P040,judgment,C08,j_relationship,4,human,lost,retain,affirm,discontinuous,standard,1,1,Memory + transition,Relationship
catman_pilot_v1,P040,judgment,C08,j_obligation,5,human,lost,retain,affirm,discontinuous,standard,1,1,Memory + transition,Obligation
catman_pilot_v1,P040,judgment,C08,j_treatment,5,human,lost,retain,affirm,discontinuous,standard,1,1,Memory + transition,Treatment
catman_pilot_v1,P040,judgment,C03,j_identity,3,human,lost,retain,affirm,continuous,standard,2,1,Memory,Identity
catman_pilot_v1,P040,judgment,C03,j_likeness,3,human,lost,retain,affirm,continuous,standard,2,1,Memory,Likeness
catman_pilot_v1,P040,judgment,C03,j_relationship,2,human,lost,retain,affirm,continuous,standard,2,1,Memory,Relationship
catman_pilot_v1,P040,judgment,C03,j_obligation,2,human,lost,retain,affirm,continuous,standard,2,1,Memory,Obligation
catman_pilot_v1,P040,judgment,C03,j_treatment,5,human,lost,retain,affirm,continuous,standard,2,1,Memory,Treatment
catman_pilot_v1,P040,judgment,C02,j_identity,2,cat,retain,retain,affirm,continuous,standard,3,1,Body,Identity
catman_pilot_v1,P040,judgment,C02,j_likeness,5,cat,retain,retain,affirm,continuous,standard,3,1,Body,Likeness
catman_pilot_v1,P040,judgment,C02,j_relationship,5,cat,retain,retain,affirm,continuous,standard,3,1,Body,Relationship
catman_pilot_v1,P040,judgment,C02,j_obligation,4,cat,retain,retain,affirm,continuous,standard,3,1,Body,Obligation
catman_pilot_v1,P040,judgment,C02,j_treatment,4,cat,retain,retain,affirm,continuous,standard,3,1,Body,Treatment
catman_pilot_v1,P040,judgment,C01,j_identity,6,human,retain,retain,affirm,continuous,standard,4,1,Baseline,Identity
catman_pilot_v1,P040,judgment,C01,j_likeness,6,human,retain,retain,affirm,continuous,standard,4,1,Baseline,Likeness
catman_pilot_v1,P040,judgment,C01,j_relationship,5,human,retain,retain,affirm,continuous,standard,4,1,Baseline,Relationship
catman_pilot_v1,P040,judgment,C01,j_obligation,5,human,retain,retain,affirm,continuous,standard,4,1,Baseline,Obligation
catman_pilot_v1,P040,judgment,C01,j_treatment,5,human,retain,retain,affirm,continuous,standard,4,1,Baseline,Treatment
catman_pilot_v1,P040,judgment,A10,j_ab,2,cat,retain,retain,affirm,parallel,anchor,5,1,Parallel anchor,Pre-X = surviving human
catman_pilot_v1,P040,judgment,A10,j_ac,5,cat,retain,retain,affirm,parallel,anchor,5,1,Parallel anchor,Pre-X = generated cat
catman_pilot_v1,P040,judgment,A10,j_bc,5,cat,retain,retain,affirm,parallel,anchor,5,1,Parallel anchor,Surviving human = generated cat
catman_pilot_v1,P040,judgment,A10,j_excl,3,cat,retain,retain,affirm,parallel,anchor,5,1,Parallel anchor,Identity exclusivity
catman_pilot_v1,P040,judgment,A10,j_relationship,5,cat,retain,retain,affirm,parallel,anchor,5,1,Parallel anchor,Relationship
catman_pilot_v1,P040,judgment,A10,j_obligation,5,cat,retain,retain,affirm,parallel,anchor,5,1,Parallel anchor,Obligation
catman_pilot_v1,P040,judgment,A10,j_treatment,4,cat,retain,retain,affirm,parallel,anchor,5,1,Parallel anchor,Treatment
catman_pilot_v1,P040,judgment,C05,j_identity,6,human,retain,retain,uncertain,continuous,standard,6,1,Self-ID uncertain,Identity
catman_pilot_v1,P040,judgment,C05,j_likeness,6,human,retain,retain,uncertain,continuous,standard,6,1,Self-ID uncertain,Likeness
catman_pilot_v1,P040,judgment,C05,j_relationship,5,human,retain,retain,uncertain,continuous,standard,6,1,Self-ID uncertain,Relationship
catman_pilot_v1,P040,judgment,C05,j_obligation,5,human,retain,retain,uncertain,continuous,standard,6,1,Self-ID uncertain,Obligation
catman_pilot_v1,P040,judgment,C05,j_treatment,6,human,retain,retain,uncertain,continuous,standard,6,1,Self-ID uncertain,Treatment
catman_pilot_v1,P040,judgment,C06,j_identity,6,human,retain,retain,affirm,discontinuous,standard,7,1,Transition,Identity
catman_pilot_v1,P040,judgment,C06,j_likeness,6,human,retain,retain,affirm,discontinuous,standard,7,1,Transition,Likeness
catman_pilot_v1,P040,judgment,C06,j_relationship,6,human,retain,retain,affirm,discontinuous,standard,7,1,Transition,Relationship
catman_pilot_v1,P040,judgment,C06,j_obligation,6,human,retain,retain,affirm,discontinuous,standard,7,1,Transition,Obligation
catman_pilot_v1,P040,judgment,C06,j_treatment,6,human,retain,retain,affirm,discontinuous,standard,7,1,Transition,Treatment
catman_pilot_v1,P040,judgment,C07,j_identity,3,cat,retain,retain,affirm,discontinuous,standard,8,1,Body + transition,Identity
catman_pilot_v1,P040,judgment,C07,j_likeness,3,cat,retain,retain,affirm,discontinuous,standard,8,1,Body + transition,Likeness
catman_pilot_v1,P040,judgment,C07,j_relationship,5,cat,retain,retain,affirm,discontinuous,standard,8,1,Body + transition,Relationship
catman_pilot_v1,P040,judgment,C07,j_obligation,5,cat,retain,retain,affirm,discontinuous,standard,8,1,Body + transition,Obligation
catman_pilot_v1,P040,judgment,C07,j_treatment,3,cat,retain,retain,affirm,discontinuous,standard,8,1,Body + transition,Treatment
catman_pilot_v1,P040,judgment,C04,j_identity,4,human,retain,limited,affirm,continuous,standard,9,1,Function,Identity
catman_pilot_v1,P040,judgment,C04,j_likeness,5,human,retain,limited,affirm,continuous,standard,9,1,Function,Likeness
catman_pilot_v1,P040,judgment,C04,j_relationship,5,human,retain,limited,affirm,continuous,standard,9,1,Function,Relationship
catman_pilot_v1,P040,judgment,C04,j_obligation,4,human,retain,limited,affirm,continuous,standard,9,1,Function,Obligation
catman_pilot_v1,P040,judgment,C04,j_treatment,3,human,retain,limited,affirm,continuous,standard,9,1,Function,Treatment
catman_pilot_v1,P040,judgment,A09,j_identity,6,human,retain,retain,deny,continuous,anchor,10,1,Self-denial anchor,Identity
catman_pilot_v1,P040,judgment,A09,j_likeness,6,human,retain,retain,deny,continuous,anchor,10,1,Self-denial anchor,Likeness
catman_pilot_v1,P040,judgment,A09,j_relationship,6,human,retain,retain,deny,continuous,anchor,10,1,Self-denial anchor,Relationship
catman_pilot_v1,P040,judgment,A09,j_obligation,5,human,retain,retain,deny,continuous,anchor,10,1,Self-denial anchor,Obligation
catman_pilot_v1,P040,judgment,A09,j_treatment,5,human,retain,retain,deny,continuous,anchor,10,1,Self-denial anchor,Treatment
catman_pilot_v1,P040,judgment,A09,v_epistemic,2,human,retain,retain,deny,continuous,anchor,10,1,Self-denial anchor,Epistemic veto
catman_pilot_v1,P040,judgment,A09,v_normative,4,human,retain,retain,deny,continuous,anchor,10,1,Self-denial anchor,Normative veto
