study,participant_id,arm,condition_id,item,value,E_sub,E_info,E_func,E_selfID,E_transition,condition_role,position,attention_pass,condition_label,item_label
catman_pilot_v1,P092,manipulation,C07,pc_sub,1,cat,retain,retain,affirm,discontinuous,standard,1,1,Body + transition,Body continuity
catman_pilot_v1,P092,manipulation,C07,pc_info,7,cat,retain,retain,affirm,discontinuous,standard,1,1,Body + transition,Memory continuity
catman_pilot_v1,P092,manipulation,C07,pc_func,2,cat,retain,retain,affirm,discontinuous,standard,1,1,Body + transition,Functional continuity
catman_pilot_v1,P092,manipulation,C07,pc_self,4,cat,retain,retain,affirm,discontinuous,standard,1,1,Body + transition,Self-continuity
catman_pilot_v1,P092,manipulation,C07,pc_tran,1,cat,retain,retain,affirm,discontinuous,standard,1,1,Body + transition,Transition continuity
catman_pilot_v1,P092,manipulation,C07,k_copy,5,cat,retain,retain,affirm,discontinuous,standard,1,1,Body + transition,Copy-likeness
catman_pilot_v1,P092,manipulation,C07,k_term,1,cat,retain,retain,affirm,discontinuous,standard,1,1,Body + transition,Termination
catman_pilot_v1,P092,manipulation,C02,pc_sub,1,cat,retain,retain,affirm,continuous,standard,2,1,Body,Body continuity
catman_pilot_v1,P092,manipulation,C02,pc_info,7,cat,retain,retain,affirm,continuous,standard,2,1,Body,Memory continuity
catman_pilot_v1,P092,manipulation,C02,pc_func,2,cat,retain,retain,affirm,continuous,standard,2,1,Body,Functional continuity
catman_pilot_v1,P092,manipulation,C02,pc_self,7,cat,retain,retain,affirm,continuous,standard,2,1,Body,Self-continuity
catman_pilot_v1,P092,manipulation,C02,pc_tran,5,cat,retain,retain,affirm,continuous,standard,2,1,Body,Transition continuity
catman_pilot_v1,P092,manipulation,C03,pc_sub,7,human,lost,retain,affirm,continuous,standard,3,1,Memory,Body continuity
catman_pilot_v1,P092,manipulation,C03,pc_info,1,human,lost,retain,affirm,continuous,standard,3,1,Memory,Memory continuity
catman_pilot_v1,P092,manipulation,C03,pc_func,7,human,lost,retain,affirm,continuous,standard,3,1,Memory,Functional continuity
catman_pilot_v1,P092,manipulation,C03,pc_self,7,human,lost,retain,affirm,continuous,standard,3,1,Memory,Self-continuity
catman_pilot_v1,P092,manipulation,C03,pc_tran,7,human,lost,retain,affirm,continuous,standard,3,1,Memory,Transition continuity
catman_pilot_v1,P092,manipulation,C06,pc_sub,7,human,retain,retain,affirm,discontinuous,standard,4,1,Transition,Body continuity
catman_pilot_v1,P092,manipulation,C06,pc_info,7,human,retain,retain,affirm,discontinuous,standard,4,1,Transition,Memory continuity
catman_pilot_v1,P092,manipulation,C06,pc_func,7,human,retain,retain,affirm,discontinuous,standard,4,1,Transition,Functional continuity
catman_pilot_v1,P092,manipulation,C06,pc_self,7,human,retain,retain,affirm,discontinuous,standard,4,1,Transition,Self-continuity
catman_pilot_v1,P092,manipulation,C06,pc_tran,4,human,retain,retain,affirm,discontinuous,standard,4,1,Transition,Transition continuity
catman_pilot_v1,P092,manipulation,C06,k_copy,2,human,retain,retain,affirm,discontinuous,standard,4,1,Transition,Copy-likeness
catman_pilot_v1,P092,manipulation,C06,k_term,7,human,retain,retain,affirm,discontinuous,standard,4,1,Transition,Termination
catman_pilot_v1,P092,manipulation,A09,pc_sub,7,human,retain,retain,deny,continuous,anchor,5,1,Self-denial anchor,Body continuity
catman_pilot_v1,P092,manipulation,A09,pc_info,7,human,retain,retain,deny,continuous,anchor,5,1,Self-denial anchor,Memory continuity
catman_pilot_v1,P092,manipulation,A09,pc_func,7,human,retain,retain,deny,continuous,anchor,5,1,Self-denial anchor,Functional continuity
catman_pilot_v1,P092,manipulation,A09,pc_self,1,human,retain,retain,deny,continuous,anchor,5,1,Self-denial anchor,Self-continuity
catman_pilot_v1,P092,manipulation,A09,pc_tran,6,human,retain,retain,deny,continuous,anchor,5,1,Self-denial anchor,Transition continuity
catman_pilot_v1,P092,manipulation,C08,pc_sub,7,human,lost,retain,affirm,discontinuous,standard,6,1,Memory + transition,Body continuity
catman_pilot_v1,P092,manipulation,C08,pc_info,1,human,lost,retain,affirm,discontinuous,standard,6,1,Memory + transition,Memory continuity
catman_pilot_v1,P092,manipulation,C08,pc_func,7,human,lost,retain,affirm,discontinuous,standard,6,1,Memory + transition,Functional continuity
catman_pilot_v1,P092,manipulation,C08,pc_self,7,human,lost,retain,affirm,discontinuous,standard,6,1,Memory + transition,Self-continuity
catman_pilot_v1,P092,manipulation,C08,pc_tran,2,human,lost,retain,affirm,discontinuous,standard,6,1,Memory + transition,Transition continuity
catman_pilot_v1,P092,manipulation,C08,k_copy,7,human,lost,retain,affirm,discontinuous,standard,6,1,Memory + transition,Copy-likeness
catman_pilot_v1,P092,manipulation,C08,k_term,6,human,lost,retain,affirm,discontinuous,standard,6,1,Memory + transition,Termination
catman_pilot_v1,P092,manipulation,C05,pc_sub,7,human,retain,retain,uncertain,continuous,standard,7,1,Self-ID uncertain,Body continuity
catman_pilot_v1,P092,manipulation,C05,pc_info,7,human,retain,retain,uncertain,continuous,standard,7,1,Self-ID uncertain,Memory continuity
catman_pilot_v1,P092,manipulation,C05,pc_func,7,human,retain,retain,uncertain,continuous,standard,7,1,Self-ID uncertain,Functional continuity
catman_pilot_v1,P092,manipulation,C05,pc_self,3,human,retain,retain,uncertain,continuous,standard,7,1,Self-ID uncertain,Self-continuity
catman_pilot_v1,P092,manipulation,C05,pc_tran,6,human,retain,retain,uncertain,continuous,standard,7,1,Self-ID uncertain,Transition continuity
catman_pilot_v1,P092,manipulation,C01,pc_sub,7,human,retain,retain,affirm,continuous,standard,8,1,Baseline,Body continuity
catman_pilot_v1,P092,manipulation,C01,pc_info,7,human,retain,retain,affirm,continuous,standard,8,1,Baseline,Memory continuity
catman_pilot_v1,P092,manipulation,C01,pc_func,7,human,retain,retain,affirm,continuous,standard,8,1,Baseline,Functional continuity
catman_pilot_v1,P092,manipulation,C01,pc_self,7,human,retain,retain,affirm,continuous,standard,8,1,Baseline,Self-continuity
catman_pilot_v1,P092,manipulation,C01,pc_tran,6,human,retain,retain,affirm,continuous,standard,8,1,Baseline,Transition continuity
catman_pilot_v1,P092,manipulation,C04,pc_sub,7,human,retain,limited,affirm,continuous,standard,9,1,Function,Body continuity
catman_pilot_v1,P092,manipulation,C04,pc_info,7,human,retain,limited,affirm,continuous,standard,9,1,Function,Memory continuity
catman_pilot_v1,P092,manipulation,C04,pc_func,1,human,retain,limited,affirm,continuous,standard,9,1,Function,Functional continuity
catman_pilot_v1,P092,manipulation,C04,pc_self,7,human,retain,limited,affirm,continuous,standard,9,1,Function,Self-continuity
catman_pilot_v1,P092,manipulation,C04,pc_tran,6,human,retain,limited,affirm,continuous,standard,9,1,Function,Transition continuity
catman_pilot_v1,P092,manipulation,A10,k_copy,7,cat,retain,retain,affirm,parallel,anchor,10,1,Parallel anchor,Copy-likeness
catman_pilot_v1,P092,manipulation,A10,k_term,1,cat,retain,retain,affirm,parallel,anchor,10,1,Parallel anchor,Termination
catman_pilot_v1,P092,manipulation,A10,k_coex,7,cat,retain,retain,affirm,parallel,anchor,10,1,Parallel anchor,Coexistence
catman_pilot_v1,P092,manipulation,A10,pc_sub,1,cat,retain,retain,affirm,parallel,anchor,10,1,Parallel anchor,Body continuity
catman_pilot_v1,P092,manipulation,A10,pc_info,7,cat,retain,retain,affirm,parallel,anchor,10,1,Parallel anchor,Memory continuity
catman_pilot_v1,P092,manipulation,A10,pc_func,7,cat,retain,retain,affirm,parallel,anchor,10,1,Parallel anchor,Functional continuity
catman_pilot_v1,P092,manipulation,A10,pc_self,4,cat,retain,retain,affirm,parallel,anchor,10,1,Parallel anchor,Self-continuity
catman_pilot_v1,P092,manipulation,A10,pc_tran,6,cat,retain,retain,affirm,parallel,anchor,10,1,Parallel anchor,Transition continuity
catman_pilot_v1,P049,manipulation,C04,pc_sub,7,human,retain,limited,affirm,continuous,standard,1,1,Function,Body continuity
catman_pilot_v1,P049,manipulation,C04,pc_info,7,human,retain,limited,affirm,continuous,standard,1,1,Function,Memory continuity
catman_pilot_v1,P049,manipulation,C04,pc_func,1,human,retain,limited,affirm,continuous,standard,1,1,Function,Functional continuity
catman_pilot_v1,P049,manipulation,C04,pc_self,5,human,retain,limited,affirm,continuous,standard,1,1,Function,Self-continuity
catman_pilot_v1,P049,manipulation,C04,pc_tran,1,human,retain,limited,affirm,continuous,standard,1,1,Function,Transition continuity
catman_pilot_v1,P049,manipulation,C06,pc_sub,7,human,retain,retain,affirm,discontinuous,standard,2,1,Transition,Body continuity
catman_pilot_v1,P049,manipulation,C06,pc_info,7,human,retain,retain,affirm,discontinuous,standard,2,1,Transition,Memory continuity
catman_pilot_v1,P049,manipulation,C06,pc_func,7,human,retain,retain,affirm,discontinuous,standard,2,1,Transition,Functional continuity
catman_pilot_v1,P049,manipulation,C06,pc_self,7,human,retain,retain,affirm,discontinuous,standard,2,1,Transition,Self-continuity
catman_pilot_v1,P049,manipulation,C06,pc_tran,7,human,retain,retain,affirm,discontinuous,standard,2,1,Transition,Transition continuity
catman_pilot_v1,P049,manipulation,C06,k_copy,3,human,retain,retain,affirm,discontinuous,standard,2,1,Transition,Copy-likeness
catman_pilot_v1,P049,manipulation,C06,k_term,4,human,retain,retain,affirm,discontinuous,standard,2,1,Transition,Termination
catman_pilot_v1,P049,manipulation,C05,pc_sub,7,human,retain,retain,uncertain,continuous,standard,3,1,Self-ID uncertain,Body continuity
catman_pilot_v1,P049,manipulation,C05,pc_info,7,human,retain,retain,uncertain,continuous,standard,3,1,Self-ID uncertain,Memory continuity
catman_pilot_v1,P049,manipulation,C05,pc_func,7,human,retain,retain,uncertain,continuous,standard,3,1,Self-ID uncertain,Functional continuity
catman_pilot_v1,P049,manipulation,C05,pc_self,3,human,retain,retain,uncertain,continuous,standard,3,1,Self-ID uncertain,Self-continuity
catman_pilot_v1,P049,manipulation,C05,pc_tran,1,human,retain,retain,uncertain,continuous,standard,3,1,Self-ID uncertain,Transition continuity
catman_pilot_v1,P049,manipulation,C08,pc_sub,7,human,lost,retain,affirm,discontinuous,standard,4,1,Memory + transition,Body continuity
catman_pilot_v1,P049,manipulation,C08,pc_info,1,human,lost,retain,affirm,discontinuous,standard,4,1,Memory + transition,Memory continuity
catman_pilot_v1,P049,manipulation,C08,pc_func,7,human,lost,retain,affirm,discontinuous,standard,4,1,Memory + transition,Functional continuity
catman_pilot_v1,P049,manipulation,C08,pc_self,7,human,lost,retain,affirm,discontinuous,standard,4,1,Memory + transition,Self-continuity
catman_pilot_v1,P049,manipulation,C08,pc_tran,4,human,lost,retain,affirm,discontinuous,standard,4,1,Memory + transition,Transition continuity
catman_pilot_v1,P049,manipulation,C08,k_copy,1,human,lost,retain,affirm,discontinuous,standard,4,1,Memory + transition,Copy-likeness
catman_pilot_v1,P049,manipulation,C08,k_term,4,human,lost,retain,affirm,discontinuous,standard,4,1,Memory + transition,Termination
catman_pilot_v1,P049,manipulation,A10,k_copy,3,cat,retain,retain,affirm,parallel,anchor,5,1,Parallel anchor,Copy-likeness
catman_pilot_v1,P049,manipulation,A10,k_term,1,cat,retain,retain,affirm,parallel,anchor,5,1,Parallel anchor,Termination
catman_pilot_v1,P049,manipulation,A10,k_coex,7,cat,retain,retain,affirm,parallel,anchor,5,1,Parallel anchor,Coexistence
catman_pilot_v1,P049,manipulation,A10,pc_sub,1,cat,retain,retain,affirm,parallel,anchor,5,1,Parallel anchor,Body continuity
catman_pilot_v1,P049,manipulation,A10,pc_info,7,cat,retain,retain,affirm,parallel,anchor,5,1,Parallel anchor,Memory continuity
catman_pilot_v1,P049,manipulation,A10,pc_func,7,cat,retain,retain,affirm,parallel,anchor,5,1,Parallel anchor,Functional continuity
catman_pilot_v1,P049,manipulation,A10,pc_self,7,cat,retain,retain,affirm,parallel,anchor,5,1,Parallel anchor,Self-continuity
catman_pilot_v1,P049,manipulation,A10,pc_tran,4,cat,retain,retain,affirm,parallel,anchor,5,1,Parallel anchor,Transition continuity
catman_pilot_v1,P049,manipulation,C02,pc_sub,1,cat,retain,retain,affirm,continuous,standard,6,1,Body,Body continuity
catman_pilot_v1,P049,manipulation,C02,pc_info,7,cat,retain,retain,affirm,continuous,standard,6,1,Body,Memory continuity
catman_pilot_v1,P049,manipulation,C02,pc_func,7,cat,retain,retain,affirm,continuous,standard,6,1,Body,Functional continuity
catman_pilot_v1,P049,manipulation,C02,pc_self,7,cat,retain,retain,affirm,continuous,standard,6,1,Body,Self-continuity
catman_pilot_v1,P049,manipulation,C02,pc_tran,1,cat,retain,retain,affirm,continuous,standard,6,1,Body,Transition continuity
catman_pilot_v1,P049,manipulation,C01,pc_sub,7,human,retain,retain,affirm,continuous,standard,7,1,Baseline,Body continuity
catman_pilot_v1,P049,manipulation,C01,pc_info,7,human,retain,retain,affirm,continuous,standard,7,1,Baseline,Memory continuity
catman_pilot_v1,P049,manipulation,C01,pc_func,7,human,retain,retain,affirm,continuous,standard,7,1,Baseline,Functional continuity
catman_pilot_v1,P049,manipulation,C01,pc_self,7,human,retain,retain,affirm,continuous,standard,7,1,Baseline,Self-continuity
catman_pilot_v1,P049,manipulation,C01,pc_tran,1,human,retain,retain,affirm,continuous,standard,7,1,Baseline,Transition continuity
catman_pilot_v1,P049,manipulation,A09,pc_sub,7,human,retain,retain,deny,continuous,anchor,8,1,Self-denial anchor,Body continuity
catman_pilot_v1,P049,manipulation,A09,pc_info,7,human,retain,retain,deny,continuous,anchor,8,1,Self-denial anchor,Memory continuity
catman_pilot_v1,P049,manipulation,A09,pc_func,7,human,retain,retain,deny,continuous,anchor,8,1,Self-denial anchor,Functional continuity
catman_pilot_v1,P049,manipulation,A09,pc_self,1,human,retain,retain,deny,continuous,anchor,8,1,Self-denial anchor,Self-continuity
catman_pilot_v1,P049,manipulation,A09,pc_tran,1,human,retain,retain,deny,continuous,anchor,8,1,Self-denial anchor,Transition continuity
catman_pilot_v1,P049,manipulation,C03,pc_sub,7,human,lost,retain,affirm,continuous,standard,9,1,Memory,Body continuity
catman_pilot_v1,P049,manipulation,C03,pc_info,1,human,lost,retain,affirm,continuous,standard,9,1,Memory,Memory continuity
catman_pilot_v1,P049,manipulation,C03,pc_func,7,human,lost,retain,affirm,continuous,standard,9,1,Memory,Functional continuity
catman_pilot_v1,P049,manipulation,C03,pc_self,7,human,lost,retain,affirm,continuous,standard,9,1,Memory,Self-continuity
catman_pilot_v1,P049,manipulation,C03,pc_tran,1,human,lost,retain,affirm,continuous,standard,9,1,Memory,Transition continuity
catman_pilot_v1,P049,manipulation,C07,pc_sub,1,cat,retain,retain,affirm,discontinuous,standard,10,1,Body + transition,Body continuity
catman_pilot_v1,P049,manipulation,C07,pc_info,7,cat,retain,retain,affirm,discontinuous,standard,10,1,Body + transition,Memory continuity
catman_pilot_v1,P049,manipulation,C07,pc_func,7,cat,retain,retain,affirm,discontinuous,standard,10,1,Body + transition,Functional continuity
catman_pilot_v1,P049,manipulation,C07,pc_self,7,cat,retain,retain,affirm,discontinuous,standard,10,1,Body + transition,Self-continuity
catman_pilot_v1,P049,manipulation,C07,pc_tran,4,cat,retain,retain,affirm,discontinuous,standard,10,1,Body + transition,Transition continuity
catman_pilot_v1,P049,manipulation,C07,k_copy,4,cat,retain,retain,affirm,discontinuous,standard,10,1,Body + transition,Copy-likeness
catman_pilot_v1,P049,manipulation,C07,k_term,4,cat,retain,retain,affirm,discontinuous,standard,10,1,Body + transition,Termination
catman_pilot_v1,P059,manipulation,C05,pc_sub,7,human,retain,retain,uncertain,continuous,standard,1,1,Self-ID uncertain,Body continuity
catman_pilot_v1,P059,manipulation,C05,pc_info,7,human,retain,retain,uncertain,continuous,standard,1,1,Self-ID uncertain,Memory continuity
catman_pilot_v1,P059,manipulation,C05,pc_func,7,human,retain,retain,uncertain,continuous,standard,1,1,Self-ID uncertain,Functional continuity
catman_pilot_v1,P059,manipulation,C05,pc_self,1,human,retain,retain,uncertain,continuous,standard,1,1,Self-ID uncertain,Self-continuity
catman_pilot_v1,P059,manipulation,C05,pc_tran,7,human,retain,retain,uncertain,continuous,standard,1,1,Self-ID uncertain,Transition continuity
catman_pilot_v1,P059,manipulation,C08,pc_sub,7,human,lost,retain,affirm,discontinuous,standard,2,1,Memory + transition,Body continuity
catman_pilot_v1,P059,manipulation,C08,pc_info,1,human,lost,retain,affirm,discontinuous,standard,2,1,Memory + transition,Memory continuity
catman_pilot_v1,P059,manipulation,C08,pc_func,7,human,lost,retain,affirm,discontinuous,standard,2,1,Memory + transition,Functional continuity
catman_pilot_v1,P059,manipulation,C08,pc_self,7,human,lost,retain,affirm,discontinuous,standard,2,1,Memory + transition,Self-continuity
catman_pilot_v1,P059,manipulation,C08,pc_tran,1,human,lost,retain,affirm,discontinuous,standard,2,1,Memory + transition,Transition continuity
catman_pilot_v1,P059,manipulation,C08,k_copy,2,human,lost,retain,affirm,discontinuous,standard,2,1,Memory + transition,Copy-likeness
catman_pilot_v1,P059,manipulation,C08,k_term,2,human,lost,retain,affirm,discontinuous,standard,2,1,Memory + transition,Termination
catman_pilot_v1,P059,manipulation,C03,pc_sub,7,human,lost,retain,affirm,continuous,standard,3,1,Memory,Body continuity
catman_pilot_v1,P059,manipulation,C03,pc_info,1,human,lost,retain,affirm,continuous,standard,3,1,Memory,Memory continuity
catman_pilot_v1,P059,manipulation,C03,pc_func,7,human,lost,retain,affirm,continuous,standard,3,1,Memory,Functional continuity
catman_pilot_v1,P059,manipulation,C03,pc_self,7,human,lost,retain,affirm,continuous,standard,3,1,Memory,Self-continuity
catman_pilot_v1,P059,manipulation,C03,pc_tran,7,human,lost,retain,affirm,continuous,standard,3,1,Memory,Transition continuity
catman_pilot_v1,P059,manipulation,C04,pc_sub,7,human,retain,limited,affirm,continuous,standard,4,1,Function,Body continuity
catman_pilot_v1,P059,manipulation,C04,pc_info,7,human,retain,limited,affirm,continuous,standard,4,1,Function,Memory continuity
catman_pilot_v1,P059,manipulation,C04,pc_func,2,human,retain,limited,affirm,continuous,standard,4,1,Function,Functional continuity
catman_pilot_v1,P059,manipulation,C04,pc_self,7,human,retain,limited,affirm,continuous,standard,4,1,Function,Self-continuity
catman_pilot_v1,P059,manipulation,C04,pc_tran,7,human,retain,limited,affirm,continuous,standard,4,1,Function,Transition continuity
catman_pilot_v1,P059,manipulation,C02,pc_sub,1,cat,retain,retain,affirm,continuous,standard,5,1,Body,Body continuity
catman_pilot_v1,P059,manipulation,C02,pc_info,7,cat,retain,retain,affirm,continuous,standard,5,1,Body,Memory continuity
catman_pilot_v1,P059,manipulation,C02,pc_func,5,cat,retain,retain,affirm,continuous,standard,5,1,Body,Functional continuity
catman_pilot_v1,P059,manipulation,C02,pc_self,7,cat,retain,retain,affirm,continuous,standard,5,1,Body,Self-continuity
catman_pilot_v1,P059,manipulation,C02,pc_tran,7,cat,retain,retain,affirm,continuous,standard,5,1,Body,Transition continuity
catman_pilot_v1,P059,manipulation,C01,pc_sub,7,human,retain,retain,affirm,continuous,standard,6,1,Baseline,Body continuity
catman_pilot_v1,P059,manipulation,C01,pc_info,7,human,retain,retain,affirm,continuous,standard,6,1,Baseline,Memory continuity
catman_pilot_v1,P059,manipulation,C01,pc_func,7,human,retain,retain,affirm,continuous,standard,6,1,Baseline,Functional continuity
catman_pilot_v1,P059,manipulation,C01,pc_self,7,human,retain,retain,affirm,continuous,standard,6,1,Baseline,Self-continuity
catman_pilot_v1,P059,manipulation,C01,pc_tran,7,human,retain,retain,affirm,continuous,standard,6,1,Baseline,Transition continuity
catman_pilot_v1,P059,manipulation,A09,pc_sub,7,human,retain,retain,deny,continuous,anchor,7,1,Self-denial anchor,Body continuity
catman_pilot_v1,P059,manipulation,A09,pc_info,7,human,retain,retain,deny,continuous,anchor,7,1,Self-denial anchor,Memory continuity
catman_pilot_v1,P059,manipulation,A09,pc_func,5,human,retain,retain,deny,continuous,anchor,7,1,Self-denial anchor,Functional continuity
catman_pilot_v1,P059,manipulation,A09,pc_self,1,human,retain,retain,deny,continuous,anchor,7,1,Self-denial anchor,Self-continuity
catman_pilot_v1,P059,manipulation,A09,pc_tran,7,human,retain,retain,deny,continuous,anchor,7,1,Self-denial anchor,Transition continuity
catman_pilot_v1,P059,manipulation,C06,pc_sub,7,human,retain,retain,affirm,discontinuous,standard,8,1,Transition,Body continuity
catman_pilot_v1,P059,manipulation,C06,pc_info,7,human,retain,retain,affirm,discontinuous,standard,8,1,Transition,Memory continuity
catman_pilot_v1,P059,manipulation,C06,pc_func,7,human,retain,retain,affirm,discontinuous,standard,8,1,Transition,Functional continuity
catman_pilot_v1,P059,manipulation,C06,pc_self,7,human,retain,retain,affirm,discontinuous,standard,8,1,Transition,Self-continuity
catman_pilot_v1,P059,manipulation,C06,pc_tran,1,human,retain,retain,affirm,discontinuous,standard,8,1,Transition,Transition continuity
catman_pilot_v1,P059,manipulation,C06,k_copy,3,human,retain,retain,affirm,discontinuous,standard,8,1,Transition,Copy-likeness
catman_pilot_v1,P059,manipulation,C06,k_term,2,human,retain,retain,affirm,discontinuous,standard,8,1,Transition,Termination
catman_pilot_v1,P059,manipulation,A10,k_copy,3,cat,retain,retain,affirm,parallel,anchor,9,1,Parallel anchor,Copy-likeness
catman_pilot_v1,P059,manipulation,A10,k_term,2,cat,retain,retain,affirm,parallel,anchor,9,1,Parallel anchor,Termination
catman_pilot_v1,P059,manipulation,A10,k_coex,7,cat,retain,retain,affirm,parallel,anchor,9,1,Parallel anchor,Coexistence
catman_pilot_v1,P059,manipulation,A10,pc_sub,6,cat,retain,retain,affirm,parallel,anchor,9,1,Parallel anchor,Body continuity
catman_pilot_v1,P059,manipulation,A10,pc_info,6,cat,retain,retain,affirm,parallel,anchor,9,1,Parallel anchor,Memory continuity
catman_pilot_v1,P059,manipulation,A10,pc_func,6,cat,retain,retain,affirm,parallel,anchor,9,1,Parallel anchor,Functional continuity
catman_pilot_v1,P059,manipulation,A10,pc_self,6,cat,retain,retain,affirm,parallel,anchor,9,1,Parallel anchor,Self-continuity
catman_pilot_v1,P059,manipulation,A10,pc_tran,3,cat,retain,retain,affirm,parallel,anchor,9,1,Parallel anchor,Transition continuity
catman_pilot_v1,P059,manipulation,C07,pc_sub,1,cat,retain,retain,affirm,discontinuous,standard,10,1,Body + transition,Body continuity
catman_pilot_v1,P059,manipulation,C07,pc_info,7,cat,retain,retain,affirm,discontinuous,standard,10,1,Body + transition,Memory continuity
catman_pilot_v1,P059,manipulation,C07,pc_func,5,cat,retain,retain,affirm,discontinuous,standard,10,1,Body + transition,Functional continuity
catman_pilot_v1,P059,manipulation,C07,pc_self,7,cat,retain,retain,affirm,discontinuous,standard,10,1,Body + transition,Self-continuity
catman_pilot_v1,P059,manipulation,C07,pc_tran,1,cat,retain,retain,affirm,discontinuous,standard,10,1,Body + transition,Transition continuity
catman_pilot_v1,P059,manipulation,C07,k_copy,5,cat,retain,retain,affirm,discontinuous,standard,10,1,Body + transition,Copy-likeness
catman_pilot_v1,P059,manipulation,C07,k_term,2,cat,retain,retain,affirm,discontinuous,standard,10,1,Body + transition,Termination
catman_pilot_v1,P020,manipulation,C02,pc_sub,2,cat,retain,retain,affirm,continuous,standard,1,1,Body,Body continuity
catman_pilot_v1,P020,manipulation,C02,pc_info,6,cat,retain,retain,affirm,continuous,standard,1,1,Body,Memory continuity
catman_pilot_v1,P020,manipulation,C02,pc_func,6,cat,retain,retain,affirm,continuous,standard,1,1,Body,Functional continuity
catman_pilot_v1,P020,manipulation,C02,pc_self,6,cat,retain,retain,affirm,continuous,standard,1,1,Body,Self-continuity
catman_pilot_v1,P020,manipulation,C02,pc_tran,6,cat,retain,retain,affirm,continuous,standard,1,1,Body,Transition continuity
catman_pilot_v1,P020,manipulation,C05,pc_sub,6,human,retain,retain,uncertain,continuous,standard,2,1,Self-ID uncertain,Body continuity
catman_pilot_v1,P020,manipulation,C05,pc_info,6,human,retain,retain,uncertain,continuous,standard,2,1,Self-ID uncertain,Memory continuity
catman_pilot_v1,P020,manipulation,C05,pc_func,6,human,retain,retain,uncertain,continuous,standard,2,1,Self-ID uncertain,Functional continuity
catman_pilot_v1,P020,manipulation,C05,pc_self,5,human,retain,retain,uncertain,continuous,standard,2,1,Self-ID uncertain,Self-continuity
catman_pilot_v1,P020,manipulation,C05,pc_tran,6,human,retain,retain,uncertain,continuous,standard,2,1,Self-ID uncertain,Transition continuity
catman_pilot_v1,P020,manipulation,C01,pc_sub,6,human,retain,retain,affirm,continuous,standard,3,1,Baseline,Body continuity
catman_pilot_v1,P020,manipulation,C01,pc_info,6,human,retain,retain,affirm,continuous,standard,3,1,Baseline,Memory continuity
catman_pilot_v1,P020,manipulation,C01,pc_func,6,human,retain,retain,affirm,continuous,standard,3,1,Baseline,Functional continuity
catman_pilot_v1,P020,manipulation,C01,pc_self,6,human,retain,retain,affirm,continuous,standard,3,1,Baseline,Self-continuity
catman_pilot_v1,P020,manipulation,C01,pc_tran,6,human,retain,retain,affirm,continuous,standard,3,1,Baseline,Transition continuity
catman_pilot_v1,P020,manipulation,C08,pc_sub,6,human,lost,retain,affirm,discontinuous,standard,4,1,Memory + transition,Body continuity
catman_pilot_v1,P020,manipulation,C08,pc_info,2,human,lost,retain,affirm,discontinuous,standard,4,1,Memory + transition,Memory continuity
catman_pilot_v1,P020,manipulation,C08,pc_func,6,human,lost,retain,affirm,discontinuous,standard,4,1,Memory + transition,Functional continuity
catman_pilot_v1,P020,manipulation,C08,pc_self,2,human,lost,retain,affirm,discontinuous,standard,4,1,Memory + transition,Self-continuity
catman_pilot_v1,P020,manipulation,C08,pc_tran,2,human,lost,retain,affirm,discontinuous,standard,4,1,Memory + transition,Transition continuity
catman_pilot_v1,P020,manipulation,C08,k_copy,6,human,lost,retain,affirm,discontinuous,standard,4,1,Memory + transition,Copy-likeness
catman_pilot_v1,P020,manipulation,C08,k_term,4,human,lost,retain,affirm,discontinuous,standard,4,1,Memory + transition,Termination
catman_pilot_v1,P020,manipulation,C04,pc_sub,6,human,retain,limited,affirm,continuous,standard,5,1,Function,Body continuity
catman_pilot_v1,P020,manipulation,C04,pc_info,6,human,retain,limited,affirm,continuous,standard,5,1,Function,Memory continuity
catman_pilot_v1,P020,manipulation,C04,pc_func,2,human,retain,limited,affirm,continuous,standard,5,1,Function,Functional continuity
catman_pilot_v1,P020,manipulation,C04,pc_self,2,human,retain,limited,affirm,continuous,standard,5,1,Function,Self-continuity
catman_pilot_v1,P020,manipulation,C04,pc_tran,4,human,retain,limited,affirm,continuous,standard,5,1,Function,Transition continuity
catman_pilot_v1,P020,manipulation,C03,pc_sub,6,human,lost,retain,affirm,continuous,standard,6,1,Memory,Body continuity
catman_pilot_v1,P020,manipulation,C03,pc_info,2,human,lost,retain,affirm,continuous,standard,6,1,Memory,Memory continuity
catman_pilot_v1,P020,manipulation,C03,pc_func,6,human,lost,retain,affirm,continuous,standard,6,1,Memory,Functional continuity
catman_pilot_v1,P020,manipulation,C03,pc_self,6,human,lost,retain,affirm,continuous,standard,6,1,Memory,Self-continuity
catman_pilot_v1,P020,manipulation,C03,pc_tran,6,human,lost,retain,affirm,continuous,standard,6,1,Memory,Transition continuity
catman_pilot_v1,P020,manipulation,A10,k_copy,6,cat,retain,retain,affirm,parallel,anchor,7,1,Parallel anchor,Copy-likeness
catman_pilot_v1,P020,manipulation,A10,k_term,5,cat,retain,retain,affirm,parallel,anchor,7,1,Parallel anchor,Termination
catman_pilot_v1,P020,manipulation,A10,k_coex,6,cat,retain,retain,affirm,parallel,anchor,7,1,Parallel anchor,Coexistence
catman_pilot_v1,P020,manipulation,A10,pc_sub,6,cat,retain,retain,affirm,parallel,anchor,7,1,Parallel anchor,Body continuity
catman_pilot_v1,P020,manipulation,A10,pc_info,6,cat,retain,retain,affirm,parallel,anchor,7,1,Parallel anchor,Memory continuity
catman_pilot_v1,P020,manipulation,A10,pc_func,6,cat,retain,retain,affirm,parallel,anchor,7,1,Parallel anchor,Functional continuity
catman_pilot_v1,P020,manipulation,A10,pc_self,6,cat,retain,retain,affirm,parallel,anchor,7,1,Parallel anchor,Self-continuity
catman_pilot_v1,P020,manipulation,A10,pc_tran,6,cat,retain,retain,affirm,parallel,anchor,7,1,Parallel anchor,Transition continuity
catman_pilot_v1,P020,manipulation,C07,pc_sub,2,cat,retain,retain,affirm,discontinuous,standard,8,1,Body + transition,Body continuity
catman_pilot_v1,P020,manipulation,C07,pc_info,6,cat,retain,retain,affirm,discontinuous,standard,8,1,Body + transition,Memory continuity
catman_pilot_v1,P020,manipulation,C07,pc_func,6,cat,retain,retain,affirm,discontinuous,standard,8,1,Body + transition,Functional continuity
catman_pilot_v1,P020,manipulation,C07,pc_self,6,cat,retain,retain,affirm,discontinuous,standard,8,1,Body + transition,Self-continuity
catman_pilot_v1,P020,manipulation,C07,pc_tran,4,cat,retain,retain,affirm,discontinuous,standard,8,1,Body + transition,Transition continuity
catman_pilot_v1,P020,manipulation,C07,k_copy,6,cat,retain,retain,affirm,discontinuous,standard,8,1,Body + transition,Copy-likeness
catman_pilot_v1,P020,manipulation,C07,k_term,2,cat,retain,retain,affirm,discontinuous,standard,8,1,Body + transition,Termination
catman_pilot_v1,P020,manipulation,C06,pc_sub,6,human,retain,retain,affirm,discontinuous,standard,9,1,Transition,Body continuity
catman_pilot_v1,P020,manipulation,C06,pc_info,6,human,retain,retain,affirm,discontinuous,standard,9,1,Transition,Memory continuity
catman_pilot_v1,P020,manipulation,C06,pc_func,6,human,retain,retain,affirm,discontinuous,standard,9,1,Transition,Functional continuity
catman_pilot_v1,P020,manipulation,C06,pc_self,6,human,retain,retain,affirm,discontinuous,standard,9,1,Transition,Self-continuity
catman_pilot_v1,P020,manipulation,C06,pc_tran,6,human,retain,retain,affirm,discontinuous,standard,9,1,Transition,Transition continuity
catman_pilot_v1,P020,manipulation,C06,k_copy,6,human,retain,retain,affirm,discontinuous,standard,9,1,Transition,Copy-likeness
catman_pilot_v1,P020,manipulation,C06,k_term,2,human,retain,retain,affirm,discontinuous,standard,9,1,Transition,Termination
catman_pilot_v1,P020,manipulation,A09,pc_sub,6,human,retain,retain,deny,continuous,anchor,10,1,Self-denial anchor,Body continuity
catman_pilot_v1,P020,manipulation,A09,pc_info,6,human,retain,retain,deny,continuous,anchor,10,1,Self-denial anchor,Memory continuity
catman_pilot_v1,P020,manipulation,A09,pc_func,6,human,retain,retain,deny,continuous,anchor,10,1,Self-denial anchor,Functional continuity
catman_pilot_v1,P020,manipulation,A09,pc_self,6,human,retain,retain,deny,continuous,anchor,10,1,Self-denial anchor,Self-continuity
catman_pilot_v1,P020,manipulation,A09,pc_tran,6,human,retain,retain,deny,continuous,anchor,10,1,Self-denial anchor,Transition continuity
catman_pilot_v1,P004,manipulation,C02,pc_sub,1,cat,retain,retain,affirm,continuous,standard,1,1,Body,Body continuity
catman_pilot_v1,P004,manipulation,C02,pc_info,7,cat,retain,retain,affirm,continuous,standard,1,1,Body,Memory continuity
catman_pilot_v1,P004,manipulation,C02,pc_func,7,cat,retain,retain,affirm,continuous,standard,1,1,Body,Functional continuity
catman_pilot_v1,P004,manipulation,C02,pc_self,7,cat,retain,retain,affirm,continuous,standard,1,1,Body,Self-continuity
catman_pilot_v1,P004,manipulation,C02,pc_tran,7,cat,retain,retain,affirm,continuous,standard,1,1,Body,Transition continuity
catman_pilot_v1,P004,manipulation,C06,pc_sub,7,human,retain,retain,affirm,discontinuous,standard,2,1,Transition,Body continuity
catman_pilot_v1,P004,manipulation,C06,pc_info,7,human,retain,retain,affirm,discontinuous,standard,2,1,Transition,Memory continuity
catman_pilot_v1,P004,manipulation,C06,pc_func,7,human,retain,retain,affirm,discontinuous,standard,2,1,Transition,Functional continuity
catman_pilot_v1,P004,manipulation,C06,pc_self,7,human,retain,retain,affirm,discontinuous,standard,2,1,Transition,Self-continuity
catman_pilot_v1,P004,manipulation,C06,pc_tran,7,human,retain,retain,affirm,discontinuous,standard,2,1,Transition,Transition continuity
catman_pilot_v1,P004,manipulation,C06,k_copy,1,human,retain,retain,affirm,discontinuous,standard,2,1,Transition,Copy-likeness
catman_pilot_v1,P004,manipulation,C06,k_term,1,human,retain,retain,affirm,discontinuous,standard,2,1,Transition,Termination
catman_pilot_v1,P004,manipulation,C08,pc_sub,7,human,lost,retain,affirm,discontinuous,standard,3,1,Memory + transition,Body continuity
catman_pilot_v1,P004,manipulation,C08,pc_info,1,human,lost,retain,affirm,discontinuous,standard,3,1,Memory + transition,Memory continuity
catman_pilot_v1,P004,manipulation,C08,pc_func,7,human,lost,retain,affirm,discontinuous,standard,3,1,Memory + transition,Functional continuity
catman_pilot_v1,P004,manipulation,C08,pc_self,1,human,lost,retain,affirm,discontinuous,standard,3,1,Memory + transition,Self-continuity
catman_pilot_v1,P004,manipulation,C08,pc_tran,1,human,lost,retain,affirm,discontinuous,standard,3,1,Memory + transition,Transition continuity
catman_pilot_v1,P004,manipulation,C08,k_copy,4,human,lost,retain,affirm,discontinuous,standard,3,1,Memory + transition,Copy-likeness
catman_pilot_v1,P004,manipulation,C08,k_term,4,human,lost,retain,affirm,discontinuous,standard,3,1,Memory + transition,Termination
catman_pilot_v1,P004,manipulation,C07,pc_sub,1,cat,retain,retain,affirm,discontinuous,standard,4,1,Body + transition,Body continuity
catman_pilot_v1,P004,manipulation,C07,pc_info,7,cat,retain,retain,affirm,discontinuous,standard,4,1,Body + transition,Memory continuity
catman_pilot_v1,P004,manipulation,C07,pc_func,7,cat,retain,retain,affirm,discontinuous,standard,4,1,Body + transition,Functional continuity
catman_pilot_v1,P004,manipulation,C07,pc_self,7,cat,retain,retain,affirm,discontinuous,standard,4,1,Body + transition,Self-continuity
catman_pilot_v1,P004,manipulation,C07,pc_tran,1,cat,retain,retain,affirm,discontinuous,standard,4,1,Body + transition,Transition continuity
catman_pilot_v1,P004,manipulation,C07,k_copy,1,cat,retain,retain,affirm,discontinuous,standard,4,1,Body + transition,Copy-likeness
catman_pilot_v1,P004,manipulation,C07,k_term,4,cat,retain,retain,affirm,discontinuous,standard,4,1,Body + transition,Termination
catman_pilot_v1,P004,manipulation,A09,pc_sub,7,human,retain,retain,deny,continuous,anchor,5,1,Self-denial anchor,Body continuity
catman_pilot_v1,P004,manipulation,A09,pc_info,7,human,retain,retain,deny,continuous,anchor,5,1,Self-denial anchor,Memory continuity
catman_pilot_v1,P004,manipulation,A09,pc_func,7,human,retain,retain,deny,continuous,anchor,5,1,Self-denial anchor,Functional continuity
catman_pilot_v1,P004,manipulation,A09,pc_self,7,human,retain,retain,deny,continuous,anchor,5,1,Self-denial anchor,Self-continuity
catman_pilot_v1,P004,manipulation,A09,pc_tran,7,human,retain,retain,deny,continuous,anchor,5,1,Self-denial anchor,Transition continuity
catman_pilot_v1,P004,manipulation,C03,pc_sub,7,human,lost,retain,affirm,continuous,standard,6,1,Memory,Body continuity
catman_pilot_v1,P004,manipulation,C03,pc_info,1,human,lost,retain,affirm,continuous,standard,6,1,Memory,Memory continuity
catman_pilot_v1,P004,manipulation,C03,pc_func,7,human,lost,retain,affirm,continuous,standard,6,1,Memory,Functional continuity
catman_pilot_v1,P004,manipulation,C03,pc_self,1,human,lost,retain,affirm,continuous,standard,6,1,Memory,Self-continuity
catman_pilot_v1,P004,manipulation,C03,pc_tran,7,human,lost,retain,affirm,continuous,standard,6,1,Memory,Transition continuity
catman_pilot_v1,P004,manipulation,C01,pc_sub,7,human,retain,retain,affirm,continuous,standard,7,1,Baseline,Body continuity
catman_pilot_v1,P004,manipulation,C01,pc_info,7,human,retain,retain,affirm,continuous,standard,7,1,Baseline,Memory continuity
catman_pilot_v1,P004,manipulation,C01,pc_func,7,human,retain,retain,affirm,continuous,standard,7,1,Baseline,Functional continuity
catman_pilot_v1,P004,manipulation,C01,pc_self,7,human,retain,retain,affirm,continuous,standard,7,1,Baseline,Self-continuity
catman_pilot_v1,P004,manipulation,C01,pc_tran,7,human,retain,retain,affirm,continuous,standard,7,1,Baseline,Transition continuity
catman_pilot_v1,P004,manipulation,C05,pc_sub,7,human,retain,retain,uncertain,continuous,standard,8,1,Self-ID uncertain,Body continuity
catman_pilot_v1,P004,manipulation,C05,pc_info,7,human,retain,retain,uncertain,continuous,standard,8,1,Self-ID uncertain,Memory continuity
catman_pilot_v1,P004,manipulation,C05,pc_func,7,human,retain,retain,uncertain,continuous,standard,8,1,Self-ID uncertain,Functional continuity
catman_pilot_v1,P004,manipulation,C05,pc_self,1,human,retain,retain,uncertain,continuous,standard,8,1,Self-ID uncertain,Self-continuity
catman_pilot_v1,P004,manipulation,C05,pc_tran,7,human,retain,retain,uncertain,continuous,standard,8,1,Self-ID uncertain,Transition continuity
catman_pilot_v1,P004,manipulation,C04,pc_sub,7,human,retain,limited,affirm,continuous,standard,9,1,Function,Body continuity
catman_pilot_v1,P004,manipulation,C04,pc_info,7,human,retain,limited,affirm,continuous,standard,9,1,Function,Memory continuity
catman_pilot_v1,P004,manipulation,C04,pc_func,1,human,retain,limited,affirm,continuous,standard,9,1,Function,Functional continuity
catman_pilot_v1,P004,manipulation,C04,pc_self,7,human,retain,limited,affirm,continuous,standard,9,1,Function,Self-continuity
catman_pilot_v1,P004,manipulation,C04,pc_tran,7,human,retain,limited,affirm,continuous,standard,9,1,Function,Transition continuity
catman_pilot_v1,P004,manipulation,A10,k_copy,4,cat,retain,retain,affirm,parallel,anchor,10,1,Parallel anchor,Copy-likeness
catman_pilot_v1,P004,manipulation,A10,k_term,1,cat,retain,retain,affirm,parallel,anchor,10,1,Parallel anchor,Termination
catman_pilot_v1,P004,manipulation,A10,k_coex,7,cat,retain,retain,affirm,parallel,anchor,10,1,Parallel anchor,Coexistence
catman_pilot_v1,P004,manipulation,A10,pc_sub,1,cat,retain,retain,affirm,parallel,anchor,10,1,Parallel anchor,Body continuity
catman_pilot_v1,P004,manipulation,A10,pc_info,7,cat,retain,retain,affirm,parallel,anchor,10,1,Parallel anchor,Memory continuity
catman_pilot_v1,P004,manipulation,A10,pc_func,7,cat,retain,retain,affirm,parallel,anchor,10,1,Parallel anchor,Functional continuity
catman_pilot_v1,P004,manipulation,A10,pc_self,7,cat,retain,retain,affirm,parallel,anchor,10,1,Parallel anchor,Self-continuity
catman_pilot_v1,P004,manipulation,A10,pc_tran,7,cat,retain,retain,affirm,parallel,anchor,10,1,Parallel anchor,Transition continuity
catman_pilot_v1,P085,manipulation,C04,pc_sub,7,human,retain,limited,affirm,continuous,standard,1,1,Function,Body continuity
catman_pilot_v1,P085,manipulation,C04,pc_info,7,human,retain,limited,affirm,continuous,standard,1,1,Function,Memory continuity
catman_pilot_v1,P085,manipulation,C04,pc_func,2,human,retain,limited,affirm,continuous,standard,1,1,Function,Functional continuity
catman_pilot_v1,P085,manipulation,C04,pc_self,6,human,retain,limited,affirm,continuous,standard,1,1,Function,Self-continuity
catman_pilot_v1,P085,manipulation,C04,pc_tran,6,human,retain,limited,affirm,continuous,standard,1,1,Function,Transition continuity
catman_pilot_v1,P085,manipulation,C02,pc_sub,1,cat,retain,retain,affirm,continuous,standard,2,1,Body,Body continuity
catman_pilot_v1,P085,manipulation,C02,pc_info,7,cat,retain,retain,affirm,continuous,standard,2,1,Body,Memory continuity
catman_pilot_v1,P085,manipulation,C02,pc_func,7,cat,retain,retain,affirm,continuous,standard,2,1,Body,Functional continuity
catman_pilot_v1,P085,manipulation,C02,pc_self,7,cat,retain,retain,affirm,continuous,standard,2,1,Body,Self-continuity
catman_pilot_v1,P085,manipulation,C02,pc_tran,7,cat,retain,retain,affirm,continuous,standard,2,1,Body,Transition continuity
catman_pilot_v1,P085,manipulation,C06,pc_sub,7,human,retain,retain,affirm,discontinuous,standard,3,1,Transition,Body continuity
catman_pilot_v1,P085,manipulation,C06,pc_info,7,human,retain,retain,affirm,discontinuous,standard,3,1,Transition,Memory continuity
catman_pilot_v1,P085,manipulation,C06,pc_func,7,human,retain,retain,affirm,discontinuous,standard,3,1,Transition,Functional continuity
catman_pilot_v1,P085,manipulation,C06,pc_self,5,human,retain,retain,affirm,discontinuous,standard,3,1,Transition,Self-continuity
catman_pilot_v1,P085,manipulation,C06,pc_tran,1,human,retain,retain,affirm,discontinuous,standard,3,1,Transition,Transition continuity
catman_pilot_v1,P085,manipulation,C06,k_copy,4,human,retain,retain,affirm,discontinuous,standard,3,1,Transition,Copy-likeness
catman_pilot_v1,P085,manipulation,C06,k_term,4,human,retain,retain,affirm,discontinuous,standard,3,1,Transition,Termination
catman_pilot_v1,P085,manipulation,C08,pc_sub,7,human,lost,retain,affirm,discontinuous,standard,4,1,Memory + transition,Body continuity
catman_pilot_v1,P085,manipulation,C08,pc_info,1,human,lost,retain,affirm,discontinuous,standard,4,1,Memory + transition,Memory continuity
catman_pilot_v1,P085,manipulation,C08,pc_func,5,human,lost,retain,affirm,discontinuous,standard,4,1,Memory + transition,Functional continuity
catman_pilot_v1,P085,manipulation,C08,pc_self,3,human,lost,retain,affirm,discontinuous,standard,4,1,Memory + transition,Self-continuity
catman_pilot_v1,P085,manipulation,C08,pc_tran,1,human,lost,retain,affirm,discontinuous,standard,4,1,Memory + transition,Transition continuity
catman_pilot_v1,P085,manipulation,C08,k_copy,5,human,lost,retain,affirm,discontinuous,standard,4,1,Memory + transition,Copy-likeness
catman_pilot_v1,P085,manipulation,C08,k_term,2,human,lost,retain,affirm,discontinuous,standard,4,1,Memory + transition,Termination
catman_pilot_v1,P085,manipulation,C01,pc_sub,7,human,retain,retain,affirm,continuous,standard,5,1,Baseline,Body continuity
catman_pilot_v1,P085,manipulation,C01,pc_info,7,human,retain,retain,affirm,continuous,standard,5,1,Baseline,Memory continuity
catman_pilot_v1,P085,manipulation,C01,pc_func,7,human,retain,retain,affirm,continuous,standard,5,1,Baseline,Functional continuity
catman_pilot_v1,P085,manipulation,C01,pc_self,7,human,retain,retain,affirm,continuous,standard,5,1,Baseline,Self-continuity
catman_pilot_v1,P085,manipulation,C01,pc_tran,7,human,retain,retain,affirm,continuous,standard,5,1,Baseline,Transition continuity
catman_pilot_v1,P085,manipulation,A10,k_copy,5,cat,retain,retain,affirm,parallel,anchor,6,1,Parallel anchor,Copy-likeness
catman_pilot_v1,P085,manipulation,A10,k_term,2,cat,retain,retain,affirm,parallel,anchor,6,1,Parallel anchor,Termination
catman_pilot_v1,P085,manipulation,A10,k_coex,7,cat,retain,retain,affirm,parallel,anchor,6,1,Parallel anchor,Coexistence
catman_pilot_v1,P085,manipulation,A10,pc_sub,7,cat,retain,retain,affirm,parallel,anchor,6,1,Parallel anchor,Body continuity
catman_pilot_v1,P085,manipulation,A10,pc_info,7,cat,retain,retain,affirm,parallel,anchor,6,1,Parallel anchor,Memory continuity
catman_pilot_v1,P085,manipulation,A10,pc_func,7,cat,retain,retain,affirm,parallel,anchor,6,1,Parallel anchor,Functional continuity
catman_pilot_v1,P085,manipulation,A10,pc_self,7,cat,retain,retain,affirm,parallel,anchor,6,1,Parallel anchor,Self-continuity
catman_pilot_v1,P085,manipulation,A10,pc_tran,2,cat,retain,retain,affirm,parallel,anchor,6,1,Parallel anchor,Transition continuity
catman_pilot_v1,P085,manipulation,A09,pc_sub,7,human,retain,retain,deny,continuous,anchor,7,1,Self-denial anchor,Body continuity
catman_pilot_v1,P085,manipulation,A09,pc_info,7,human,retain,retain,deny,continuous,anchor,7,1,Self-denial anchor,Memory continuity
catman_pilot_v1,P085,manipulation,A09,pc_func,7,human,retain,retain,deny,continuous,anchor,7,1,Self-denial anchor,Functional continuity
catman_pilot_v1,P085,manipulation,A09,pc_self,3,human,retain,retain,deny,continuous,anchor,7,1,Self-denial anchor,Self-continuity
catman_pilot_v1,P085,manipulation,A09,pc_tran,7,human,retain,retain,deny,continuous,anchor,7,1,Self-denial anchor,Transition continuity
catman_pilot_v1,P085,manipulation,C05,pc_sub,7,human,retain,retain,uncertain,continuous,standard,8,1,Self-ID uncertain,Body continuity
catman_pilot_v1,P085,manipulation,C05,pc_info,7,human,retain,retain,uncertain,continuous,standard,8,1,Self-ID uncertain,Memory continuity
catman_pilot_v1,P085,manipulation,C05,pc_func,7,human,retain,retain,uncertain,continuous,standard,8,1,Self-ID uncertain,Functional continuity
catman_pilot_v1,P085,manipulation,C05,pc_self,3,human,retain,retain,uncertain,continuous,standard,8,1,Self-ID uncertain,Self-continuity
catman_pilot_v1,P085,manipulation,C05,pc_tran,7,human,retain,retain,uncertain,continuous,standard,8,1,Self-ID uncertain,Transition continuity
catman_pilot_v1,P085,manipulation,C03,pc_sub,7,human,lost,retain,affirm,continuous,standard,9,1,Memory,Body continuity
catman_pilot_v1,P085,manipulation,C03,pc_info,1,human,lost,retain,affirm,continuous,standard,9,1,Memory,Memory continuity
catman_pilot_v1,P085,manipulation,C03,pc_func,6,human,lost,retain,affirm,continuous,standard,9,1,Memory,Functional continuity
catman_pilot_v1,P085,manipulation,C03,pc_self,5,human,lost,retain,affirm,continuous,standard,9,1,Memory,Self-continuity
catman_pilot_v1,P085,manipulation,C03,pc_tran,7,human,lost,retain,affirm,continuous,standard,9,1,Memory,Transition continuity
catman_pilot_v1,P085,manipulation,C07,pc_sub,1,cat,retain,retain,affirm,discontinuous,standard,10,1,Body + transition,Body continuity
catman_pilot_v1,P085,manipulation,C07,pc_info,7,cat,retain,retain,affirm,discontinuous,standard,10,1,Body + transition,Memory continuity
catman_pilot_v1,P085,manipulation,C07,pc_func,6,cat,retain,retain,affirm,discontinuous,standard,10,1,Body + transition,Functional continuity
catman_pilot_v1,P085,manipulation,C07,pc_self,6,cat,retain,retain,affirm,discontinuous,standard,10,1,Body + transition,Self-continuity
catman_pilot_v1,P085,manipulation,C07,pc_tran,1,cat,retain,retain,affirm,discontinuous,standard,10,1,Body + transition,Transition continuity
catman_pilot_v1,P085,manipulation,C07,k_copy,5,cat,retain,retain,affirm,discontinuous,standard,10,1,Body + transition,Copy-likeness
catman_pilot_v1,P085,manipulation,C07,k_term,2,cat,retain,retain,affirm,discontinuous,standard,10,1,Body + transition,Termination
catman_pilot_v1,P019,manipulation,C08,pc_sub,6,human,lost,retain,affirm,discontinuous,standard,1,1,Memory + transition,Body continuity
catman_pilot_v1,P019,manipulation,C08,pc_info,1,human,lost,retain,affirm,discontinuous,standard,1,1,Memory + transition,Memory continuity
catman_pilot_v1,P019,manipulation,C08,pc_func,6,human,lost,retain,affirm,discontinuous,standard,1,1,Memory + transition,Functional continuity
catman_pilot_v1,P019,manipulation,C08,pc_self,6,human,lost,retain,affirm,discontinuous,standard,1,1,Memory + transition,Self-continuity
catman_pilot_v1,P019,manipulation,C08,pc_tran,1,human,lost,retain,affirm,discontinuous,standard,1,1,Memory + transition,Transition continuity
catman_pilot_v1,P019,manipulation,C08,k_copy,3,human,lost,retain,affirm,discontinuous,standard,1,1,Memory + transition,Copy-likeness
catman_pilot_v1,P019,manipulation,C08,k_term,7,human,lost,retain,affirm,discontinuous,standard,1,1,Memory + transition,Termination
catman_pilot_v1,P019,manipulation,C02,pc_sub,1,cat,retain,retain,affirm,continuous,standard,2,1,Body,Body continuity
catman_pilot_v1,P019,manipulation,C02,pc_info,6,cat,retain,retain,affirm,continuous,standard,2,1,Body,Memory continuity
catman_pilot_v1,P019,manipulation,C02,pc_func,6,cat,retain,retain,affirm,continuous,standard,2,1,Body,Functional continuity
catman_pilot_v1,P019,manipulation,C02,pc_self,5,cat,retain,retain,affirm,continuous,standard,2,1,Body,Self-continuity
catman_pilot_v1,P019,manipulation,C02,pc_tran,6,cat,retain,retain,affirm,continuous,standard,2,1,Body,Transition continuity
catman_pilot_v1,P019,manipulation,C03,pc_sub,6,human,lost,retain,affirm,continuous,standard,3,1,Memory,Body continuity
catman_pilot_v1,P019,manipulation,C03,pc_info,1,human,lost,retain,affirm,continuous,standard,3,1,Memory,Memory continuity
catman_pilot_v1,P019,manipulation,C03,pc_func,6,human,lost,retain,affirm,continuous,standard,3,1,Memory,Functional continuity
catman_pilot_v1,P019,manipulation,C03,pc_self,3,human,lost,retain,affirm,continuous,standard,3,1,Memory,Self-continuity
catman_pilot_v1,P019,manipulation,C03,pc_tran,5,human,lost,retain,affirm,continuous,standard,3,1,Memory,Transition continuity
catman_pilot_v1,P019,manipulation,C01,pc_sub,6,human,retain,retain,affirm,continuous,standard,4,1,Baseline,Body continuity
catman_pilot_v1,P019,manipulation,C01,pc_info,6,human,retain,retain,affirm,continuous,standard,4,1,Baseline,Memory continuity
catman_pilot_v1,P019,manipulation,C01,pc_func,6,human,retain,retain,affirm,continuous,standard,4,1,Baseline,Functional continuity
catman_pilot_v1,P019,manipulation,C01,pc_self,6,human,retain,retain,affirm,continuous,standard,4,1,Baseline,Self-continuity
catman_pilot_v1,P019,manipulation,C01,pc_tran,6,human,retain,retain,affirm,continuous,standard,4,1,Baseline,Transition continuity
catman_pilot_v1,P019,manipulation,C06,pc_sub,6,human,retain,retain,affirm,discontinuous,standard,5,1,Transition,Body continuity
catman_pilot_v1,P019,manipulation,C06,pc_info,6,human,retain,retain,affirm,discontinuous,standard,5,1,Transition,Memory continuity
catman_pilot_v1,P019,manipulation,C06,pc_func,6,human,retain,retain,affirm,discontinuous,standard,5,1,Transition,Functional continuity
catman_pilot_v1,P019,manipulation,C06,pc_self,5,human,retain,retain,affirm,discontinuous,standard,5,1,Transition,Self-continuity
catman_pilot_v1,P019,manipulation,C06,pc_tran,1,human,retain,retain,affirm,discontinuous,standard,5,1,Transition,Transition continuity
catman_pilot_v1,P019,manipulation,C06,k_copy,5,human,retain,retain,affirm,discontinuous,standard,5,1,Transition,Copy-likeness
catman_pilot_v1,P019,manipulation,C06,k_term,6,human,retain,retain,affirm,discontinuous,standard,5,1,Transition,Termination
catman_pilot_v1,P019,manipulation,C04,pc_sub,6,human,retain,limited,affirm,continuous,standard,6,1,Function,Body continuity
catman_pilot_v1,P019,manipulation,C04,pc_info,6,human,retain,limited,affirm,continuous,standard,6,1,Function,Memory continuity
catman_pilot_v1,P019,manipulation,C04,pc_func,1,human,retain,limited,affirm,continuous,standard,6,1,Function,Functional continuity
catman_pilot_v1,P019,manipulation,C04,pc_self,5,human,retain,limited,affirm,continuous,standard,6,1,Function,Self-continuity
catman_pilot_v1,P019,manipulation,C04,pc_tran,6,human,retain,limited,affirm,continuous,standard,6,1,Function,Transition continuity
catman_pilot_v1,P019,manipulation,C05,pc_sub,6,human,retain,retain,uncertain,continuous,standard,7,1,Self-ID uncertain,Body continuity
catman_pilot_v1,P019,manipulation,C05,pc_info,6,human,retain,retain,uncertain,continuous,standard,7,1,Self-ID uncertain,Memory continuity
catman_pilot_v1,P019,manipulation,C05,pc_func,6,human,retain,retain,uncertain,continuous,standard,7,1,Self-ID uncertain,Functional continuity
catman_pilot_v1,P019,manipulation,C05,pc_self,2,human,retain,retain,uncertain,continuous,standard,7,1,Self-ID uncertain,Self-continuity
catman_pilot_v1,P019,manipulation,C05,pc_tran,6,human,retain,retain,uncertain,continuous,standard,7,1,Self-ID uncertain,Transition continuity
catman_pilot_v1,P019,manipulation,A09,pc_sub,6,human,retain,retain,deny,continuous,anchor,8,1,Self-denial anchor,Body continuity
catman_pilot_v1,P019,manipulation,A09,pc_info,6,human,retain,retain,deny,continuous,anchor,8,1,Self-denial anchor,Memory continuity
catman_pilot_v1,P019,manipulation,A09,pc_func,6,human,retain,retain,deny,continuous,anchor,8,1,Self-denial anchor,Functional continuity
catman_pilot_v1,P019,manipulation,A09,pc_self,1,human,retain,retain,deny,continuous,anchor,8,1,Self-denial anchor,Self-continuity
catman_pilot_v1,P019,manipulation,A09,pc_tran,6,human,retain,retain,deny,continuous,anchor,8,1,Self-denial anchor,Transition continuity
catman_pilot_v1,P019,manipulation,C07,pc_sub,1,cat,retain,retain,affirm,discontinuous,standard,9,1,Body + transition,Body continuity
catman_pilot_v1,P019,manipulation,C07,pc_info,6,cat,retain,retain,affirm,discontinuous,standard,9,1,Body + transition,Memory continuity
catman_pilot_v1,P019,manipulation,C07,pc_func,6,cat,retain,retain,affirm,discontinuous,standard,9,1,Body + transition,Functional continuity
catman_pilot_v1,P019,manipulation,C07,pc_self,3,cat,retain,retain,affirm,discontinuous,standard,9,1,Body + transition,Self-continuity
catman_pilot_v1,P019,manipulation,C07,pc_tran,1,cat,retain,retain,affirm,discontinuous,standard,9,1,Body + transition,Transition continuity
catman_pilot_v1,P019,manipulation,C07,k_copy,5,cat,retain,retain,affirm,discontinuous,standard,9,1,Body + transition,Copy-likeness
catman_pilot_v1,P019,manipulation,C07,k_term,7,cat,retain,retain,affirm,discontinuous,standard,9,1,Body + transition,Termination
catman_pilot_v1,P019,manipulation,A10,k_copy,7,cat,retain,retain,affirm,parallel,anchor,10,1,Parallel anchor,Copy-likeness
catman_pilot_v1,P019,manipulation,A10,k_term,1,cat,retain,retain,affirm,parallel,anchor,10,1,Parallel anchor,Termination
catman_pilot_v1,P019,manipulation,A10,k_coex,7,cat,retain,retain,affirm,parallel,anchor,10,1,Parallel anchor,Coexistence
catman_pilot_v1,P019,manipulation,A10,pc_sub,1,cat,retain,retain,affirm,parallel,anchor,10,1,Parallel anchor,Body continuity
catman_pilot_v1,P019,manipulation,A10,pc_info,6,cat,retain,retain,affirm,parallel,anchor,10,1,Parallel anchor,Memory continuity
catman_pilot_v1,P019,manipulation,A10,pc_func,6,cat,retain,retain,affirm,parallel,anchor,10,1,Parallel anchor,Functional continuity
catman_pilot_v1,P019,manipulation,A10,pc_self,5,cat,retain,retain,affirm,parallel,anchor,10,1,Parallel anchor,Self-continuity
catman_pilot_v1,P019,manipulation,A10,pc_tran,5,cat,retain,retain,affirm,parallel,anchor,10,1,Parallel anchor,Transition continuity
catman_pilot_v1,P052,manipulation,C05,pc_sub,7,human,retain,retain,uncertain,continuous,standard,1,1,Self-ID uncertain,Body continuity
catman_pilot_v1,P052,manipulation,C05,pc_info,7,human,retain,retain,uncertain,continuous,standard,1,1,Self-ID uncertain,Memory continuity
catman_pilot_v1,P052,manipulation,C05,pc_func,7,human,retain,retain,uncertain,continuous,standard,1,1,Self-ID uncertain,Functional continuity
catman_pilot_v1,P052,manipulation,C05,pc_self,3,human,retain,retain,uncertain,continuous,standard,1,1,Self-ID uncertain,Self-continuity
catman_pilot_v1,P052,manipulation,C05,pc_tran,4,human,retain,retain,uncertain,continuous,standard,1,1,Self-ID uncertain,Transition continuity
catman_pilot_v1,P052,manipulation,C08,pc_sub,7,human,lost,retain,affirm,discontinuous,standard,2,1,Memory + transition,Body continuity
catman_pilot_v1,P052,manipulation,C08,pc_info,1,human,lost,retain,affirm,discontinuous,standard,2,1,Memory + transition,Memory continuity
catman_pilot_v1,P052,manipulation,C08,pc_func,7,human,lost,retain,affirm,discontinuous,standard,2,1,Memory + transition,Functional continuity
catman_pilot_v1,P052,manipulation,C08,pc_self,7,human,lost,retain,affirm,discontinuous,standard,2,1,Memory + transition,Self-continuity
catman_pilot_v1,P052,manipulation,C08,pc_tran,1,human,lost,retain,affirm,discontinuous,standard,2,1,Memory + transition,Transition continuity
catman_pilot_v1,P052,manipulation,C08,k_copy,7,human,lost,retain,affirm,discontinuous,standard,2,1,Memory + transition,Copy-likeness
catman_pilot_v1,P052,manipulation,C08,k_term,6,human,lost,retain,affirm,discontinuous,standard,2,1,Memory + transition,Termination
catman_pilot_v1,P052,manipulation,C06,pc_sub,7,human,retain,retain,affirm,discontinuous,standard,3,1,Transition,Body continuity
catman_pilot_v1,P052,manipulation,C06,pc_info,7,human,retain,retain,affirm,discontinuous,standard,3,1,Transition,Memory continuity
catman_pilot_v1,P052,manipulation,C06,pc_func,7,human,retain,retain,affirm,discontinuous,standard,3,1,Transition,Functional continuity
catman_pilot_v1,P052,manipulation,C06,pc_self,7,human,retain,retain,affirm,discontinuous,standard,3,1,Transition,Self-continuity
catman_pilot_v1,P052,manipulation,C06,pc_tran,1,human,retain,retain,affirm,discontinuous,standard,3,1,Transition,Transition continuity
catman_pilot_v1,P052,manipulation,C06,k_copy,6,human,retain,retain,affirm,discontinuous,standard,3,1,Transition,Copy-likeness
catman_pilot_v1,P052,manipulation,C06,k_term,5,human,retain,retain,affirm,discontinuous,standard,3,1,Transition,Termination
catman_pilot_v1,P052,manipulation,C04,pc_sub,7,human,retain,limited,affirm,continuous,standard,4,1,Function,Body continuity
catman_pilot_v1,P052,manipulation,C04,pc_info,7,human,retain,limited,affirm,continuous,standard,4,1,Function,Memory continuity
catman_pilot_v1,P052,manipulation,C04,pc_func,1,human,retain,limited,affirm,continuous,standard,4,1,Function,Functional continuity
catman_pilot_v1,P052,manipulation,C04,pc_self,7,human,retain,limited,affirm,continuous,standard,4,1,Function,Self-continuity
catman_pilot_v1,P052,manipulation,C04,pc_tran,7,human,retain,limited,affirm,continuous,standard,4,1,Function,Transition continuity
catman_pilot_v1,P052,manipulation,C02,pc_sub,1,cat,retain,retain,affirm,continuous,standard,5,1,Body,Body continuity
catman_pilot_v1,P052,manipulation,C02,pc_info,7,cat,retain,retain,affirm,continuous,standard,5,1,Body,Memory continuity
catman_pilot_v1,P052,manipulation,C02,pc_func,7,cat,retain,retain,affirm,continuous,standard,5,1,Body,Functional continuity
catman_pilot_v1,P052,manipulation,C02,pc_self,7,cat,retain,retain,affirm,continuous,standard,5,1,Body,Self-continuity
catman_pilot_v1,P052,manipulation,C02,pc_tran,7,cat,retain,retain,affirm,continuous,standard,5,1,Body,Transition continuity
catman_pilot_v1,P052,manipulation,C07,pc_sub,1,cat,retain,retain,affirm,discontinuous,standard,6,1,Body + transition,Body continuity
catman_pilot_v1,P052,manipulation,C07,pc_info,7,cat,retain,retain,affirm,discontinuous,standard,6,1,Body + transition,Memory continuity
catman_pilot_v1,P052,manipulation,C07,pc_func,7,cat,retain,retain,affirm,discontinuous,standard,6,1,Body + transition,Functional continuity
catman_pilot_v1,P052,manipulation,C07,pc_self,7,cat,retain,retain,affirm,discontinuous,standard,6,1,Body + transition,Self-continuity
catman_pilot_v1,P052,manipulation,C07,pc_tran,1,cat,retain,retain,affirm,discontinuous,standard,6,1,Body + transition,Transition continuity
catman_pilot_v1,P052,manipulation,C07,k_copy,1,cat,retain,retain,affirm,discontinuous,standard,6,1,Body + transition,Copy-likeness
catman_pilot_v1,P052,manipulation,C07,k_term,7,cat,retain,retain,affirm,discontinuous,standard,6,1,Body + transition,Termination
catman_pilot_v1,P052,manipulation,A10,k_copy,1,cat,retain,retain,affirm,parallel,anchor,7,1,Parallel anchor,Copy-likeness
catman_pilot_v1,P052,manipulation,A10,k_term,1,cat,retain,retain,affirm,parallel,anchor,7,1,Parallel anchor,Termination
catman_pilot_v1,P052,manipulation,A10,k_coex,7,cat,retain,retain,affirm,parallel,anchor,7,1,Parallel anchor,Coexistence
catman_pilot_v1,P052,manipulation,A10,pc_sub,1,cat,retain,retain,affirm,parallel,anchor,7,1,Parallel anchor,Body continuity
catman_pilot_v1,P052,manipulation,A10,pc_info,7,cat,retain,retain,affirm,parallel,anchor,7,1,Parallel anchor,Memory continuity
catman_pilot_v1,P052,manipulation,A10,pc_func,7,cat,retain,retain,affirm,parallel,anchor,7,1,Parallel anchor,Functional continuity
catman_pilot_v1,P052,manipulation,A10,pc_self,7,cat,retain,retain,affirm,parallel,anchor,7,1,Parallel anchor,Self-continuity
catman_pilot_v1,P052,manipulation,A10,pc_tran,1,cat,retain,retain,affirm,parallel,anchor,7,1,Parallel anchor,Transition continuity
catman_pilot_v1,P052,manipulation,A09,pc_sub,7,human,retain,retain,deny,continuous,anchor,8,1,Self-denial anchor,Body continuity
catman_pilot_v1,P052,manipulation,A09,pc_info,7,human,retain,retain,deny,continuous,anchor,8,1,Self-denial anchor,Memory continuity
catman_pilot_v1,P052,manipulation,A09,pc_func,7,human,retain,retain,deny,continuous,anchor,8,1,Self-denial anchor,Functional continuity
catman_pilot_v1,P052,manipulation,A09,pc_self,1,human,retain,retain,deny,continuous,anchor,8,1,Self-denial anchor,Self-continuity
catman_pilot_v1,P052,manipulation,A09,pc_tran,7,human,retain,retain,deny,continuous,anchor,8,1,Self-denial anchor,Transition continuity
catman_pilot_v1,P052,manipulation,C03,pc_sub,7,human,lost,retain,affirm,continuous,standard,9,1,Memory,Body continuity
catman_pilot_v1,P052,manipulation,C03,pc_info,1,human,lost,retain,affirm,continuous,standard,9,1,Memory,Memory continuity
catman_pilot_v1,P052,manipulation,C03,pc_func,7,human,lost,retain,affirm,continuous,standard,9,1,Memory,Functional continuity
catman_pilot_v1,P052,manipulation,C03,pc_self,7,human,lost,retain,affirm,continuous,standard,9,1,Memory,Self-continuity
catman_pilot_v1,P052,manipulation,C03,pc_tran,7,human,lost,retain,affirm,continuous,standard,9,1,Memory,Transition continuity
catman_pilot_v1,P052,manipulation,C01,pc_sub,7,human,retain,retain,affirm,continuous,standard,10,1,Baseline,Body continuity
catman_pilot_v1,P052,manipulation,C01,pc_info,7,human,retain,retain,affirm,continuous,standard,10,1,Baseline,Memory continuity
catman_pilot_v1,P052,manipulation,C01,pc_func,7,human,retain,retain,affirm,continuous,standard,10,1,Baseline,Functional continuity
catman_pilot_v1,P052,manipulation,C01,pc_self,7,human,retain,retain,affirm,continuous,standard,10,1,Baseline,Self-continuity
catman_pilot_v1,P052,manipulation,C01,pc_tran,7,human,retain,retain,affirm,continuous,standard,10,1,Baseline,Transition continuity
catman_pilot_v1,P009,manipulation,C06,pc_sub,6,human,retain,retain,affirm,discontinuous,standard,1,1,Transition,Body continuity
catman_pilot_v1,P009,manipulation,C06,pc_info,6,human,retain,retain,affirm,discontinuous,standard,1,1,Transition,Memory continuity
catman_pilot_v1,P009,manipulation,C06,pc_func,6,human,retain,retain,affirm,discontinuous,standard,1,1,Transition,Functional continuity
catman_pilot_v1,P009,manipulation,C06,pc_self,6,human,retain,retain,affirm,discontinuous,standard,1,1,Transition,Self-continuity
catman_pilot_v1,P009,manipulation,C06,pc_tran,4,human,retain,retain,affirm,discontinuous,standard,1,1,Transition,Transition continuity
catman_pilot_v1,P009,manipulation,C06,k_copy,6,human,retain,retain,affirm,discontinuous,standard,1,1,Transition,Copy-likeness
catman_pilot_v1,P009,manipulation,C06,k_term,4,human,retain,retain,affirm,discontinuous,standard,1,1,Transition,Termination
catman_pilot_v1,P009,manipulation,C03,pc_sub,6,human,lost,retain,affirm,continuous,standard,2,1,Memory,Body continuity
catman_pilot_v1,P009,manipulation,C03,pc_info,1,human,lost,retain,affirm,continuous,standard,2,1,Memory,Memory continuity
catman_pilot_v1,P009,manipulation,C03,pc_func,6,human,lost,retain,affirm,continuous,standard,2,1,Memory,Functional continuity
catman_pilot_v1,P009,manipulation,C03,pc_self,6,human,lost,retain,affirm,continuous,standard,2,1,Memory,Self-continuity
catman_pilot_v1,P009,manipulation,C03,pc_tran,6,human,lost,retain,affirm,continuous,standard,2,1,Memory,Transition continuity
catman_pilot_v1,P009,manipulation,C05,pc_sub,6,human,retain,retain,uncertain,continuous,standard,3,1,Self-ID uncertain,Body continuity
catman_pilot_v1,P009,manipulation,C05,pc_info,6,human,retain,retain,uncertain,continuous,standard,3,1,Self-ID uncertain,Memory continuity
catman_pilot_v1,P009,manipulation,C05,pc_func,6,human,retain,retain,uncertain,continuous,standard,3,1,Self-ID uncertain,Functional continuity
catman_pilot_v1,P009,manipulation,C05,pc_self,4,human,retain,retain,uncertain,continuous,standard,3,1,Self-ID uncertain,Self-continuity
catman_pilot_v1,P009,manipulation,C05,pc_tran,6,human,retain,retain,uncertain,continuous,standard,3,1,Self-ID uncertain,Transition continuity
catman_pilot_v1,P009,manipulation,C08,pc_sub,6,human,lost,retain,affirm,discontinuous,standard,4,1,Memory + transition,Body continuity
catman_pilot_v1,P009,manipulation,C08,pc_info,6,human,lost,retain,affirm,discontinuous,standard,4,1,Memory + transition,Memory continuity
catman_pilot_v1,P009,manipulation,C08,pc_func,6,human,lost,retain,affirm,discontinuous,standard,4,1,Memory + transition,Functional continuity
catman_pilot_v1,P009,manipulation,C08,pc_self,6,human,lost,retain,affirm,discontinuous,standard,4,1,Memory + transition,Self-continuity
catman_pilot_v1,P009,manipulation,C08,pc_tran,2,human,lost,retain,affirm,discontinuous,standard,4,1,Memory + transition,Transition continuity
catman_pilot_v1,P009,manipulation,C08,k_copy,6,human,lost,retain,affirm,discontinuous,standard,4,1,Memory + transition,Copy-likeness
catman_pilot_v1,P009,manipulation,C08,k_term,6,human,lost,retain,affirm,discontinuous,standard,4,1,Memory + transition,Termination
catman_pilot_v1,P009,manipulation,A09,pc_sub,6,human,retain,retain,deny,continuous,anchor,5,1,Self-denial anchor,Body continuity
catman_pilot_v1,P009,manipulation,A09,pc_info,6,human,retain,retain,deny,continuous,anchor,5,1,Self-denial anchor,Memory continuity
catman_pilot_v1,P009,manipulation,A09,pc_func,6,human,retain,retain,deny,continuous,anchor,5,1,Self-denial anchor,Functional continuity
catman_pilot_v1,P009,manipulation,A09,pc_self,2,human,retain,retain,deny,continuous,anchor,5,1,Self-denial anchor,Self-continuity
catman_pilot_v1,P009,manipulation,A09,pc_tran,6,human,retain,retain,deny,continuous,anchor,5,1,Self-denial anchor,Transition continuity
catman_pilot_v1,P009,manipulation,C07,pc_sub,6,cat,retain,retain,affirm,discontinuous,standard,6,1,Body + transition,Body continuity
catman_pilot_v1,P009,manipulation,C07,pc_info,6,cat,retain,retain,affirm,discontinuous,standard,6,1,Body + transition,Memory continuity
catman_pilot_v1,P009,manipulation,C07,pc_func,6,cat,retain,retain,affirm,discontinuous,standard,6,1,Body + transition,Functional continuity
catman_pilot_v1,P009,manipulation,C07,pc_self,6,cat,retain,retain,affirm,discontinuous,standard,6,1,Body + transition,Self-continuity
catman_pilot_v1,P009,manipulation,C07,pc_tran,2,cat,retain,retain,affirm,discontinuous,standard,6,1,Body + transition,Transition continuity
catman_pilot_v1,P009,manipulation,C07,k_copy,6,cat,retain,retain,affirm,discontinuous,standard,6,1,Body + transition,Copy-likeness
catman_pilot_v1,P009,manipulation,C07,k_term,4,cat,retain,retain,affirm,discontinuous,standard,6,1,Body + transition,Termination
catman_pilot_v1,P009,manipulation,C02,pc_sub,6,cat,retain,retain,affirm,continuous,standard,7,1,Body,Body continuity
catman_pilot_v1,P009,manipulation,C02,pc_info,6,cat,retain,retain,affirm,continuous,standard,7,1,Body,Memory continuity
catman_pilot_v1,P009,manipulation,C02,pc_func,6,cat,retain,retain,affirm,continuous,standard,7,1,Body,Functional continuity
catman_pilot_v1,P009,manipulation,C02,pc_self,6,cat,retain,retain,affirm,continuous,standard,7,1,Body,Self-continuity
catman_pilot_v1,P009,manipulation,C02,pc_tran,6,cat,retain,retain,affirm,continuous,standard,7,1,Body,Transition continuity
catman_pilot_v1,P009,manipulation,C01,pc_sub,6,human,retain,retain,affirm,continuous,standard,8,1,Baseline,Body continuity
catman_pilot_v1,P009,manipulation,C01,pc_info,6,human,retain,retain,affirm,continuous,standard,8,1,Baseline,Memory continuity
catman_pilot_v1,P009,manipulation,C01,pc_func,6,human,retain,retain,affirm,continuous,standard,8,1,Baseline,Functional continuity
catman_pilot_v1,P009,manipulation,C01,pc_self,6,human,retain,retain,affirm,continuous,standard,8,1,Baseline,Self-continuity
catman_pilot_v1,P009,manipulation,C01,pc_tran,6,human,retain,retain,affirm,continuous,standard,8,1,Baseline,Transition continuity
catman_pilot_v1,P009,manipulation,C04,pc_sub,6,human,retain,limited,affirm,continuous,standard,9,1,Function,Body continuity
catman_pilot_v1,P009,manipulation,C04,pc_info,6,human,retain,limited,affirm,continuous,standard,9,1,Function,Memory continuity
catman_pilot_v1,P009,manipulation,C04,pc_func,3,human,retain,limited,affirm,continuous,standard,9,1,Function,Functional continuity
catman_pilot_v1,P009,manipulation,C04,pc_self,6,human,retain,limited,affirm,continuous,standard,9,1,Function,Self-continuity
catman_pilot_v1,P009,manipulation,C04,pc_tran,6,human,retain,limited,affirm,continuous,standard,9,1,Function,Transition continuity
catman_pilot_v1,P009,manipulation,A10,k_copy,4,cat,retain,retain,affirm,parallel,anchor,10,1,Parallel anchor,Copy-likeness
catman_pilot_v1,P009,manipulation,A10,k_term,3,cat,retain,retain,affirm,parallel,anchor,10,1,Parallel anchor,Termination
catman_pilot_v1,P009,manipulation,A10,k_coex,6,cat,retain,retain,affirm,parallel,anchor,10,1,Parallel anchor,Coexistence
catman_pilot_v1,P009,manipulation,A10,pc_sub,3,cat,retain,retain,affirm,parallel,anchor,10,1,Parallel anchor,Body continuity
catman_pilot_v1,P009,manipulation,A10,pc_info,5,cat,retain,retain,affirm,parallel,anchor,10,1,Parallel anchor,Memory continuity
catman_pilot_v1,P009,manipulation,A10,pc_func,4,cat,retain,retain,affirm,parallel,anchor,10,1,Parallel anchor,Functional continuity
catman_pilot_v1,P009,manipulation,A10,pc_self,4,cat,retain,retain,affirm,parallel,anchor,10,1,Parallel anchor,Self-continuity
catman_pilot_v1,P009,manipulation,A10,pc_tran,3,cat,retain,retain,affirm,parallel,anchor,10,1,Parallel anchor,Transition continuity
catman_pilot_v1,P022,manipulation,C05,pc_sub,5,human,retain,retain,uncertain,continuous,standard,1,1,Self-ID uncertain,Body continuity
catman_pilot_v1,P022,manipulation,C05,pc_info,6,human,retain,retain,uncertain,continuous,standard,1,1,Self-ID uncertain,Memory continuity
catman_pilot_v1,P022,manipulation,C05,pc_func,6,human,retain,retain,uncertain,continuous,standard,1,1,Self-ID uncertain,Functional continuity
catman_pilot_v1,P022,manipulation,C05,pc_self,3,human,retain,retain,uncertain,continuous,standard,1,1,Self-ID uncertain,Self-continuity
catman_pilot_v1,P022,manipulation,C05,pc_tran,1,human,retain,retain,uncertain,continuous,standard,1,1,Self-ID uncertain,Transition continuity
catman_pilot_v1,P022,manipulation,C03,pc_sub,6,human,lost,retain,affirm,continuous,standard,2,1,Memory,Body continuity
catman_pilot_v1,P022,manipulation,C03,pc_info,1,human,lost,retain,affirm,continuous,standard,2,1,Memory,Memory continuity
catman_pilot_v1,P022,manipulation,C03,pc_func,1,human,lost,retain,affirm,continuous,standard,2,1,Memory,Functional continuity
catman_pilot_v1,P022,manipulation,C03,pc_self,5,human,lost,retain,affirm,continuous,standard,2,1,Memory,Self-continuity
catman_pilot_v1,P022,manipulation,C03,pc_tran,2,human,lost,retain,affirm,continuous,standard,2,1,Memory,Transition continuity
catman_pilot_v1,P022,manipulation,C08,pc_sub,6,human,lost,retain,affirm,discontinuous,standard,3,1,Memory + transition,Body continuity
catman_pilot_v1,P022,manipulation,C08,pc_info,1,human,lost,retain,affirm,discontinuous,standard,3,1,Memory + transition,Memory continuity
catman_pilot_v1,P022,manipulation,C08,pc_func,6,human,lost,retain,affirm,discontinuous,standard,3,1,Memory + transition,Functional continuity
catman_pilot_v1,P022,manipulation,C08,pc_self,4,human,lost,retain,affirm,discontinuous,standard,3,1,Memory + transition,Self-continuity
catman_pilot_v1,P022,manipulation,C08,pc_tran,2,human,lost,retain,affirm,discontinuous,standard,3,1,Memory + transition,Transition continuity
catman_pilot_v1,P022,manipulation,C08,k_copy,5,human,lost,retain,affirm,discontinuous,standard,3,1,Memory + transition,Copy-likeness
catman_pilot_v1,P022,manipulation,C08,k_term,3,human,lost,retain,affirm,discontinuous,standard,3,1,Memory + transition,Termination
catman_pilot_v1,P022,manipulation,C07,pc_sub,1,cat,retain,retain,affirm,discontinuous,standard,4,1,Body + transition,Body continuity
catman_pilot_v1,P022,manipulation,C07,pc_info,7,cat,retain,retain,affirm,discontinuous,standard,4,1,Body + transition,Memory continuity
catman_pilot_v1,P022,manipulation,C07,pc_func,7,cat,retain,retain,affirm,discontinuous,standard,4,1,Body + transition,Functional continuity
catman_pilot_v1,P022,manipulation,C07,pc_self,4,cat,retain,retain,affirm,discontinuous,standard,4,1,Body + transition,Self-continuity
catman_pilot_v1,P022,manipulation,C07,pc_tran,2,cat,retain,retain,affirm,discontinuous,standard,4,1,Body + transition,Transition continuity
catman_pilot_v1,P022,manipulation,C07,k_copy,5,cat,retain,retain,affirm,discontinuous,standard,4,1,Body + transition,Copy-likeness
catman_pilot_v1,P022,manipulation,C07,k_term,2,cat,retain,retain,affirm,discontinuous,standard,4,1,Body + transition,Termination
catman_pilot_v1,P022,manipulation,C06,pc_sub,7,human,retain,retain,affirm,discontinuous,standard,5,1,Transition,Body continuity
catman_pilot_v1,P022,manipulation,C06,pc_info,7,human,retain,retain,affirm,discontinuous,standard,5,1,Transition,Memory continuity
catman_pilot_v1,P022,manipulation,C06,pc_func,7,human,retain,retain,affirm,discontinuous,standard,5,1,Transition,Functional continuity
catman_pilot_v1,P022,manipulation,C06,pc_self,6,human,retain,retain,affirm,discontinuous,standard,5,1,Transition,Self-continuity
catman_pilot_v1,P022,manipulation,C06,pc_tran,4,human,retain,retain,affirm,discontinuous,standard,5,1,Transition,Transition continuity
catman_pilot_v1,P022,manipulation,C06,k_copy,2,human,retain,retain,affirm,discontinuous,standard,5,1,Transition,Copy-likeness
catman_pilot_v1,P022,manipulation,C06,k_term,4,human,retain,retain,affirm,discontinuous,standard,5,1,Transition,Termination
catman_pilot_v1,P022,manipulation,C02,pc_sub,1,cat,retain,retain,affirm,continuous,standard,6,1,Body,Body continuity
catman_pilot_v1,P022,manipulation,C02,pc_info,7,cat,retain,retain,affirm,continuous,standard,6,1,Body,Memory continuity
catman_pilot_v1,P022,manipulation,C02,pc_func,6,cat,retain,retain,affirm,continuous,standard,6,1,Body,Functional continuity
catman_pilot_v1,P022,manipulation,C02,pc_self,4,cat,retain,retain,affirm,continuous,standard,6,1,Body,Self-continuity
catman_pilot_v1,P022,manipulation,C02,pc_tran,4,cat,retain,retain,affirm,continuous,standard,6,1,Body,Transition continuity
catman_pilot_v1,P022,manipulation,C01,pc_sub,7,human,retain,retain,affirm,continuous,standard,7,1,Baseline,Body continuity
catman_pilot_v1,P022,manipulation,C01,pc_info,7,human,retain,retain,affirm,continuous,standard,7,1,Baseline,Memory continuity
catman_pilot_v1,P022,manipulation,C01,pc_func,7,human,retain,retain,affirm,continuous,standard,7,1,Baseline,Functional continuity
catman_pilot_v1,P022,manipulation,C01,pc_self,5,human,retain,retain,affirm,continuous,standard,7,1,Baseline,Self-continuity
catman_pilot_v1,P022,manipulation,C01,pc_tran,2,human,retain,retain,affirm,continuous,standard,7,1,Baseline,Transition continuity
catman_pilot_v1,P022,manipulation,A09,pc_sub,7,human,retain,retain,deny,continuous,anchor,8,1,Self-denial anchor,Body continuity
catman_pilot_v1,P022,manipulation,A09,pc_info,7,human,retain,retain,deny,continuous,anchor,8,1,Self-denial anchor,Memory continuity
catman_pilot_v1,P022,manipulation,A09,pc_func,7,human,retain,retain,deny,continuous,anchor,8,1,Self-denial anchor,Functional continuity
catman_pilot_v1,P022,manipulation,A09,pc_self,1,human,retain,retain,deny,continuous,anchor,8,1,Self-denial anchor,Self-continuity
catman_pilot_v1,P022,manipulation,A09,pc_tran,3,human,retain,retain,deny,continuous,anchor,8,1,Self-denial anchor,Transition continuity
catman_pilot_v1,P022,manipulation,A10,k_copy,1,cat,retain,retain,affirm,parallel,anchor,9,1,Parallel anchor,Copy-likeness
catman_pilot_v1,P022,manipulation,A10,k_term,4,cat,retain,retain,affirm,parallel,anchor,9,1,Parallel anchor,Termination
catman_pilot_v1,P022,manipulation,A10,k_coex,7,cat,retain,retain,affirm,parallel,anchor,9,1,Parallel anchor,Coexistence
catman_pilot_v1,P022,manipulation,A10,pc_sub,1,cat,retain,retain,affirm,parallel,anchor,9,1,Parallel anchor,Body continuity
catman_pilot_v1,P022,manipulation,A10,pc_info,7,cat,retain,retain,affirm,parallel,anchor,9,1,Parallel anchor,Memory continuity
catman_pilot_v1,P022,manipulation,A10,pc_func,7,cat,retain,retain,affirm,parallel,anchor,9,1,Parallel anchor,Functional continuity
catman_pilot_v1,P022,manipulation,A10,pc_self,1,cat,retain,retain,affirm,parallel,anchor,9,1,Parallel anchor,Self-continuity
catman_pilot_v1,P022,manipulation,A10,pc_tran,2,cat,retain,retain,affirm,parallel,anchor,9,1,Parallel anchor,Transition continuity
catman_pilot_v1,P022,manipulation,C04,pc_sub,6,human,retain,limited,affirm,continuous,standard,10,1,Function,Body continuity
catman_pilot_v1,P022,manipulation,C04,pc_info,7,human,retain,limited,affirm,continuous,standard,10,1,Function,Memory continuity
catman_pilot_v1,P022,manipulation,C04,pc_func,1,human,retain,limited,affirm,continuous,standard,10,1,Function,Functional continuity
catman_pilot_v1,P022,manipulation,C04,pc_self,1,human,retain,limited,affirm,continuous,standard,10,1,Function,Self-continuity
catman_pilot_v1,P022,manipulation,C04,pc_tran,4,human,retain,limited,affirm,continuous,standard,10,1,Function,Transition continuity
catman_pilot_v1,P053,manipulation,C01,pc_sub,7,human,retain,retain,affirm,continuous,standard,1,1,Baseline,Body continuity
catman_pilot_v1,P053,manipulation,C01,pc_info,7,human,retain,retain,affirm,continuous,standard,1,1,Baseline,Memory continuity
catman_pilot_v1,P053,manipulation,C01,pc_func,7,human,retain,retain,affirm,continuous,standard,1,1,Baseline,Functional continuity
catman_pilot_v1,P053,manipulation,C01,pc_self,7,human,retain,retain,affirm,continuous,standard,1,1,Baseline,Self-continuity
catman_pilot_v1,P053,manipulation,C01,pc_tran,7,human,retain,retain,affirm,continuous,standard,1,1,Baseline,Transition continuity
catman_pilot_v1,P053,manipulation,C04,pc_sub,7,human,retain,limited,affirm,continuous,standard,2,1,Function,Body continuity
catman_pilot_v1,P053,manipulation,C04,pc_info,4,human,retain,limited,affirm,continuous,standard,2,1,Function,Memory continuity
catman_pilot_v1,P053,manipulation,C04,pc_func,1,human,retain,limited,affirm,continuous,standard,2,1,Function,Functional continuity
catman_pilot_v1,P053,manipulation,C04,pc_self,3,human,retain,limited,affirm,continuous,standard,2,1,Function,Self-continuity
catman_pilot_v1,P053,manipulation,C04,pc_tran,7,human,retain,limited,affirm,continuous,standard,2,1,Function,Transition continuity
catman_pilot_v1,P053,manipulation,C05,pc_sub,7,human,retain,retain,uncertain,continuous,standard,3,1,Self-ID uncertain,Body continuity
catman_pilot_v1,P053,manipulation,C05,pc_info,7,human,retain,retain,uncertain,continuous,standard,3,1,Self-ID uncertain,Memory continuity
catman_pilot_v1,P053,manipulation,C05,pc_func,5,human,retain,retain,uncertain,continuous,standard,3,1,Self-ID uncertain,Functional continuity
catman_pilot_v1,P053,manipulation,C05,pc_self,1,human,retain,retain,uncertain,continuous,standard,3,1,Self-ID uncertain,Self-continuity
catman_pilot_v1,P053,manipulation,C05,pc_tran,7,human,retain,retain,uncertain,continuous,standard,3,1,Self-ID uncertain,Transition continuity
catman_pilot_v1,P053,manipulation,C03,pc_sub,7,human,lost,retain,affirm,continuous,standard,4,1,Memory,Body continuity
catman_pilot_v1,P053,manipulation,C03,pc_info,1,human,lost,retain,affirm,continuous,standard,4,1,Memory,Memory continuity
catman_pilot_v1,P053,manipulation,C03,pc_func,4,human,lost,retain,affirm,continuous,standard,4,1,Memory,Functional continuity
catman_pilot_v1,P053,manipulation,C03,pc_self,4,human,lost,retain,affirm,continuous,standard,4,1,Memory,Self-continuity
catman_pilot_v1,P053,manipulation,C03,pc_tran,7,human,lost,retain,affirm,continuous,standard,4,1,Memory,Transition continuity
catman_pilot_v1,P053,manipulation,C02,pc_sub,1,cat,retain,retain,affirm,continuous,standard,5,1,Body,Body continuity
catman_pilot_v1,P053,manipulation,C02,pc_info,7,cat,retain,retain,affirm,continuous,standard,5,1,Body,Memory continuity
catman_pilot_v1,P053,manipulation,C02,pc_func,5,cat,retain,retain,affirm,continuous,standard,5,1,Body,Functional continuity
catman_pilot_v1,P053,manipulation,C02,pc_self,4,cat,retain,retain,affirm,continuous,standard,5,1,Body,Self-continuity
catman_pilot_v1,P053,manipulation,C02,pc_tran,7,cat,retain,retain,affirm,continuous,standard,5,1,Body,Transition continuity
catman_pilot_v1,P053,manipulation,A10,k_copy,1,cat,retain,retain,affirm,parallel,anchor,6,1,Parallel anchor,Copy-likeness
catman_pilot_v1,P053,manipulation,A10,k_term,5,cat,retain,retain,affirm,parallel,anchor,6,1,Parallel anchor,Termination
catman_pilot_v1,P053,manipulation,A10,k_coex,5,cat,retain,retain,affirm,parallel,anchor,6,1,Parallel anchor,Coexistence
catman_pilot_v1,P053,manipulation,A10,pc_sub,7,cat,retain,retain,affirm,parallel,anchor,6,1,Parallel anchor,Body continuity
catman_pilot_v1,P053,manipulation,A10,pc_info,7,cat,retain,retain,affirm,parallel,anchor,6,1,Parallel anchor,Memory continuity
catman_pilot_v1,P053,manipulation,A10,pc_func,7,cat,retain,retain,affirm,parallel,anchor,6,1,Parallel anchor,Functional continuity
catman_pilot_v1,P053,manipulation,A10,pc_self,7,cat,retain,retain,affirm,parallel,anchor,6,1,Parallel anchor,Self-continuity
catman_pilot_v1,P053,manipulation,A10,pc_tran,5,cat,retain,retain,affirm,parallel,anchor,6,1,Parallel anchor,Transition continuity
catman_pilot_v1,P053,manipulation,A09,pc_sub,7,human,retain,retain,deny,continuous,anchor,7,1,Self-denial anchor,Body continuity
catman_pilot_v1,P053,manipulation,A09,pc_info,7,human,retain,retain,deny,continuous,anchor,7,1,Self-denial anchor,Memory continuity
catman_pilot_v1,P053,manipulation,A09,pc_func,7,human,retain,retain,deny,continuous,anchor,7,1,Self-denial anchor,Functional continuity
catman_pilot_v1,P053,manipulation,A09,pc_self,7,human,retain,retain,deny,continuous,anchor,7,1,Self-denial anchor,Self-continuity
catman_pilot_v1,P053,manipulation,A09,pc_tran,7,human,retain,retain,deny,continuous,anchor,7,1,Self-denial anchor,Transition continuity
catman_pilot_v1,P053,manipulation,C08,pc_sub,7,human,lost,retain,affirm,discontinuous,standard,8,1,Memory + transition,Body continuity
catman_pilot_v1,P053,manipulation,C08,pc_info,1,human,lost,retain,affirm,discontinuous,standard,8,1,Memory + transition,Memory continuity
catman_pilot_v1,P053,manipulation,C08,pc_func,4,human,lost,retain,affirm,discontinuous,standard,8,1,Memory + transition,Functional continuity
catman_pilot_v1,P053,manipulation,C08,pc_self,4,human,lost,retain,affirm,discontinuous,standard,8,1,Memory + transition,Self-continuity
catman_pilot_v1,P053,manipulation,C08,pc_tran,2,human,lost,retain,affirm,discontinuous,standard,8,1,Memory + transition,Transition continuity
catman_pilot_v1,P053,manipulation,C08,k_copy,2,human,lost,retain,affirm,discontinuous,standard,8,1,Memory + transition,Copy-likeness
catman_pilot_v1,P053,manipulation,C08,k_term,5,human,lost,retain,affirm,discontinuous,standard,8,1,Memory + transition,Termination
catman_pilot_v1,P053,manipulation,C06,pc_sub,7,human,retain,retain,affirm,discontinuous,standard,9,1,Transition,Body continuity
catman_pilot_v1,P053,manipulation,C06,pc_info,7,human,retain,retain,affirm,discontinuous,standard,9,1,Transition,Memory continuity
catman_pilot_v1,P053,manipulation,C06,pc_func,7,human,retain,retain,affirm,discontinuous,standard,9,1,Transition,Functional continuity
catman_pilot_v1,P053,manipulation,C06,pc_self,7,human,retain,retain,affirm,discontinuous,standard,9,1,Transition,Self-continuity
catman_pilot_v1,P053,manipulation,C06,pc_tran,4,human,retain,retain,affirm,discontinuous,standard,9,1,Transition,Transition continuity
catman_pilot_v1,P053,manipulation,C06,k_copy,2,human,retain,retain,affirm,discontinuous,standard,9,1,Transition,Copy-likeness
catman_pilot_v1,P053,manipulation,C06,k_term,5,human,retain,retain,affirm,discontinuous,standard,9,1,Transition,Termination
catman_pilot_v1,P053,manipulation,C07,pc_sub,1,cat,retain,retain,affirm,discontinuous,standard,10,1,Body + transition,Body continuity
catman_pilot_v1,P053,manipulation,C07,pc_info,7,cat,retain,retain,affirm,discontinuous,standard,10,1,Body + transition,Memory continuity
catman_pilot_v1,P053,manipulation,C07,pc_func,5,cat,retain,retain,affirm,discontinuous,standard,10,1,Body + transition,Functional continuity
catman_pilot_v1,P053,manipulation,C07,pc_self,5,cat,retain,retain,affirm,discontinuous,standard,10,1,Body + transition,Self-continuity
catman_pilot_v1,P053,manipulation,C07,pc_tran,2,cat,retain,retain,affirm,discontinuous,standard,10,1,Body + transition,Transition continuity
catman_pilot_v1,P053,manipulation,C07,k_copy,3,cat,retain,retain,affirm,discontinuous,standard,10,1,Body + transition,Copy-likeness
catman_pilot_v1,P053,manipulation,C07,k_term,5,cat,retain,retain,affirm,discontinuous,standard,10,1,Body + transition,Termination
catman_pilot_v1,P042,manipulation,C03,pc_sub,6,human,lost,retain,affirm,continuous,standard,1,1,Memory,Body continuity
catman_pilot_v1,P042,manipulation,C03,pc_info,1,human,lost,retain,affirm,continuous,standard,1,1,Memory,Memory continuity
catman_pilot_v1,P042,manipulation,C03,pc_func,7,human,lost,retain,affirm,continuous,standard,1,1,Memory,Functional continuity
catman_pilot_v1,P042,manipulation,C03,pc_self,6,human,lost,retain,affirm,continuous,standard,1,1,Memory,Self-continuity
catman_pilot_v1,P042,manipulation,C03,pc_tran,6,human,lost,retain,affirm,continuous,standard,1,1,Memory,Transition continuity
catman_pilot_v1,P042,manipulation,C06,pc_sub,6,human,retain,retain,affirm,discontinuous,standard,2,1,Transition,Body continuity
catman_pilot_v1,P042,manipulation,C06,pc_info,2,human,retain,retain,affirm,discontinuous,standard,2,1,Transition,Memory continuity
catman_pilot_v1,P042,manipulation,C06,pc_func,6,human,retain,retain,affirm,discontinuous,standard,2,1,Transition,Functional continuity
catman_pilot_v1,P042,manipulation,C06,pc_self,6,human,retain,retain,affirm,discontinuous,standard,2,1,Transition,Self-continuity
catman_pilot_v1,P042,manipulation,C06,pc_tran,1,human,retain,retain,affirm,discontinuous,standard,2,1,Transition,Transition continuity
catman_pilot_v1,P042,manipulation,C06,k_copy,6,human,retain,retain,affirm,discontinuous,standard,2,1,Transition,Copy-likeness
catman_pilot_v1,P042,manipulation,C06,k_term,6,human,retain,retain,affirm,discontinuous,standard,2,1,Transition,Termination
catman_pilot_v1,P042,manipulation,C05,pc_sub,5,human,retain,retain,uncertain,continuous,standard,3,1,Self-ID uncertain,Body continuity
catman_pilot_v1,P042,manipulation,C05,pc_info,2,human,retain,retain,uncertain,continuous,standard,3,1,Self-ID uncertain,Memory continuity
catman_pilot_v1,P042,manipulation,C05,pc_func,6,human,retain,retain,uncertain,continuous,standard,3,1,Self-ID uncertain,Functional continuity
catman_pilot_v1,P042,manipulation,C05,pc_self,2,human,retain,retain,uncertain,continuous,standard,3,1,Self-ID uncertain,Self-continuity
catman_pilot_v1,P042,manipulation,C05,pc_tran,6,human,retain,retain,uncertain,continuous,standard,3,1,Self-ID uncertain,Transition continuity
catman_pilot_v1,P042,manipulation,C08,pc_sub,6,human,lost,retain,affirm,discontinuous,standard,4,1,Memory + transition,Body continuity
catman_pilot_v1,P042,manipulation,C08,pc_info,2,human,lost,retain,affirm,discontinuous,standard,4,1,Memory + transition,Memory continuity
catman_pilot_v1,P042,manipulation,C08,pc_func,6,human,lost,retain,affirm,discontinuous,standard,4,1,Memory + transition,Functional continuity
catman_pilot_v1,P042,manipulation,C08,pc_self,6,human,lost,retain,affirm,discontinuous,standard,4,1,Memory + transition,Self-continuity
catman_pilot_v1,P042,manipulation,C08,pc_tran,1,human,lost,retain,affirm,discontinuous,standard,4,1,Memory + transition,Transition continuity
catman_pilot_v1,P042,manipulation,C08,k_copy,6,human,lost,retain,affirm,discontinuous,standard,4,1,Memory + transition,Copy-likeness
catman_pilot_v1,P042,manipulation,C08,k_term,2,human,lost,retain,affirm,discontinuous,standard,4,1,Memory + transition,Termination
catman_pilot_v1,P042,manipulation,C01,pc_sub,7,human,retain,retain,affirm,continuous,standard,5,1,Baseline,Body continuity
catman_pilot_v1,P042,manipulation,C01,pc_info,6,human,retain,retain,affirm,continuous,standard,5,1,Baseline,Memory continuity
catman_pilot_v1,P042,manipulation,C01,pc_func,7,human,retain,retain,affirm,continuous,standard,5,1,Baseline,Functional continuity
catman_pilot_v1,P042,manipulation,C01,pc_self,7,human,retain,retain,affirm,continuous,standard,5,1,Baseline,Self-continuity
catman_pilot_v1,P042,manipulation,C01,pc_tran,6,human,retain,retain,affirm,continuous,standard,5,1,Baseline,Transition continuity
catman_pilot_v1,P042,manipulation,C02,pc_sub,1,cat,retain,retain,affirm,continuous,standard,6,1,Body,Body continuity
catman_pilot_v1,P042,manipulation,C02,pc_info,6,cat,retain,retain,affirm,continuous,standard,6,1,Body,Memory continuity
catman_pilot_v1,P042,manipulation,C02,pc_func,5,cat,retain,retain,affirm,continuous,standard,6,1,Body,Functional continuity
catman_pilot_v1,P042,manipulation,C02,pc_self,6,cat,retain,retain,affirm,continuous,standard,6,1,Body,Self-continuity
catman_pilot_v1,P042,manipulation,C02,pc_tran,6,cat,retain,retain,affirm,continuous,standard,6,1,Body,Transition continuity
catman_pilot_v1,P042,manipulation,A10,k_copy,6,cat,retain,retain,affirm,parallel,anchor,7,1,Parallel anchor,Copy-likeness
catman_pilot_v1,P042,manipulation,A10,k_term,5,cat,retain,retain,affirm,parallel,anchor,7,1,Parallel anchor,Termination
catman_pilot_v1,P042,manipulation,A10,k_coex,7,cat,retain,retain,affirm,parallel,anchor,7,1,Parallel anchor,Coexistence
catman_pilot_v1,P042,manipulation,A10,pc_sub,1,cat,retain,retain,affirm,parallel,anchor,7,1,Parallel anchor,Body continuity
catman_pilot_v1,P042,manipulation,A10,pc_info,6,cat,retain,retain,affirm,parallel,anchor,7,1,Parallel anchor,Memory continuity
catman_pilot_v1,P042,manipulation,A10,pc_func,5,cat,retain,retain,affirm,parallel,anchor,7,1,Parallel anchor,Functional continuity
catman_pilot_v1,P042,manipulation,A10,pc_self,3,cat,retain,retain,affirm,parallel,anchor,7,1,Parallel anchor,Self-continuity
catman_pilot_v1,P042,manipulation,A10,pc_tran,1,cat,retain,retain,affirm,parallel,anchor,7,1,Parallel anchor,Transition continuity
catman_pilot_v1,P042,manipulation,C07,pc_sub,2,cat,retain,retain,affirm,discontinuous,standard,8,1,Body + transition,Body continuity
catman_pilot_v1,P042,manipulation,C07,pc_info,6,cat,retain,retain,affirm,discontinuous,standard,8,1,Body + transition,Memory continuity
catman_pilot_v1,P042,manipulation,C07,pc_func,6,cat,retain,retain,affirm,discontinuous,standard,8,1,Body + transition,Functional continuity
catman_pilot_v1,P042,manipulation,C07,pc_self,2,cat,retain,retain,affirm,discontinuous,standard,8,1,Body + transition,Self-continuity
catman_pilot_v1,P042,manipulation,C07,pc_tran,1,cat,retain,retain,affirm,discontinuous,standard,8,1,Body + transition,Transition continuity
catman_pilot_v1,P042,manipulation,C07,k_copy,6,cat,retain,retain,affirm,discontinuous,standard,8,1,Body + transition,Copy-likeness
catman_pilot_v1,P042,manipulation,C07,k_term,6,cat,retain,retain,affirm,discontinuous,standard,8,1,Body + transition,Termination
catman_pilot_v1,P042,manipulation,A09,pc_sub,6,human,retain,retain,deny,continuous,anchor,9,1,Self-denial anchor,Body continuity
catman_pilot_v1,P042,manipulation,A09,pc_info,7,human,retain,retain,deny,continuous,anchor,9,1,Self-denial anchor,Memory continuity
catman_pilot_v1,P042,manipulation,A09,pc_func,7,human,retain,retain,deny,continuous,anchor,9,1,Self-denial anchor,Functional continuity
catman_pilot_v1,P042,manipulation,A09,pc_self,1,human,retain,retain,deny,continuous,anchor,9,1,Self-denial anchor,Self-continuity
catman_pilot_v1,P042,manipulation,A09,pc_tran,6,human,retain,retain,deny,continuous,anchor,9,1,Self-denial anchor,Transition continuity
catman_pilot_v1,P042,manipulation,C04,pc_sub,6,human,retain,limited,affirm,continuous,standard,10,1,Function,Body continuity
catman_pilot_v1,P042,manipulation,C04,pc_info,7,human,retain,limited,affirm,continuous,standard,10,1,Function,Memory continuity
catman_pilot_v1,P042,manipulation,C04,pc_func,2,human,retain,limited,affirm,continuous,standard,10,1,Function,Functional continuity
catman_pilot_v1,P042,manipulation,C04,pc_self,7,human,retain,limited,affirm,continuous,standard,10,1,Function,Self-continuity
catman_pilot_v1,P042,manipulation,C04,pc_tran,7,human,retain,limited,affirm,continuous,standard,10,1,Function,Transition continuity
catman_pilot_v1,P056,manipulation,C05,pc_sub,7,human,retain,retain,uncertain,continuous,standard,1,1,Self-ID uncertain,Body continuity
catman_pilot_v1,P056,manipulation,C05,pc_info,7,human,retain,retain,uncertain,continuous,standard,1,1,Self-ID uncertain,Memory continuity
catman_pilot_v1,P056,manipulation,C05,pc_func,7,human,retain,retain,uncertain,continuous,standard,1,1,Self-ID uncertain,Functional continuity
catman_pilot_v1,P056,manipulation,C05,pc_self,2,human,retain,retain,uncertain,continuous,standard,1,1,Self-ID uncertain,Self-continuity
catman_pilot_v1,P056,manipulation,C05,pc_tran,5,human,retain,retain,uncertain,continuous,standard,1,1,Self-ID uncertain,Transition continuity
catman_pilot_v1,P056,manipulation,C08,pc_sub,7,human,lost,retain,affirm,discontinuous,standard,2,1,Memory + transition,Body continuity
catman_pilot_v1,P056,manipulation,C08,pc_info,1,human,lost,retain,affirm,discontinuous,standard,2,1,Memory + transition,Memory continuity
catman_pilot_v1,P056,manipulation,C08,pc_func,6,human,lost,retain,affirm,discontinuous,standard,2,1,Memory + transition,Functional continuity
catman_pilot_v1,P056,manipulation,C08,pc_self,6,human,lost,retain,affirm,discontinuous,standard,2,1,Memory + transition,Self-continuity
catman_pilot_v1,P056,manipulation,C08,pc_tran,2,human,lost,retain,affirm,discontinuous,standard,2,1,Memory + transition,Transition continuity
catman_pilot_v1,P056,manipulation,C08,k_copy,5,human,lost,retain,affirm,discontinuous,standard,2,1,Memory + transition,Copy-likeness
catman_pilot_v1,P056,manipulation,C08,k_term,4,human,lost,retain,affirm,discontinuous,standard,2,1,Memory + transition,Termination
catman_pilot_v1,P056,manipulation,C06,pc_sub,7,human,retain,retain,affirm,discontinuous,standard,3,1,Transition,Body continuity
catman_pilot_v1,P056,manipulation,C06,pc_info,7,human,retain,retain,affirm,discontinuous,standard,3,1,Transition,Memory continuity
catman_pilot_v1,P056,manipulation,C06,pc_func,6,human,retain,retain,affirm,discontinuous,standard,3,1,Transition,Functional continuity
catman_pilot_v1,P056,manipulation,C06,pc_self,7,human,retain,retain,affirm,discontinuous,standard,3,1,Transition,Self-continuity
catman_pilot_v1,P056,manipulation,C06,pc_tran,2,human,retain,retain,affirm,discontinuous,standard,3,1,Transition,Transition continuity
catman_pilot_v1,P056,manipulation,C06,k_copy,6,human,retain,retain,affirm,discontinuous,standard,3,1,Transition,Copy-likeness
catman_pilot_v1,P056,manipulation,C06,k_term,3,human,retain,retain,affirm,discontinuous,standard,3,1,Transition,Termination
catman_pilot_v1,P056,manipulation,C04,pc_sub,7,human,retain,limited,affirm,continuous,standard,4,1,Function,Body continuity
catman_pilot_v1,P056,manipulation,C04,pc_info,7,human,retain,limited,affirm,continuous,standard,4,1,Function,Memory continuity
catman_pilot_v1,P056,manipulation,C04,pc_func,2,human,retain,limited,affirm,continuous,standard,4,1,Function,Functional continuity
catman_pilot_v1,P056,manipulation,C04,pc_self,6,human,retain,limited,affirm,continuous,standard,4,1,Function,Self-continuity
catman_pilot_v1,P056,manipulation,C04,pc_tran,6,human,retain,limited,affirm,continuous,standard,4,1,Function,Transition continuity
catman_pilot_v1,P056,manipulation,A10,k_copy,6,cat,retain,retain,affirm,parallel,anchor,5,1,Parallel anchor,Copy-likeness
catman_pilot_v1,P056,manipulation,A10,k_term,3,cat,retain,retain,affirm,parallel,anchor,5,1,Parallel anchor,Termination
catman_pilot_v1,P056,manipulation,A10,k_coex,7,cat,retain,retain,affirm,parallel,anchor,5,1,Parallel anchor,Coexistence
catman_pilot_v1,P056,manipulation,A10,pc_sub,1,cat,retain,retain,affirm,parallel,anchor,5,1,Parallel anchor,Body continuity
catman_pilot_v1,P056,manipulation,A10,pc_info,7,cat,retain,retain,affirm,parallel,anchor,5,1,Parallel anchor,Memory continuity
catman_pilot_v1,P056,manipulation,A10,pc_func,6,cat,retain,retain,affirm,parallel,anchor,5,1,Parallel anchor,Functional continuity
catman_pilot_v1,P056,manipulation,A10,pc_self,6,cat,retain,retain,affirm,parallel,anchor,5,1,Parallel anchor,Self-continuity
catman_pilot_v1,P056,manipulation,A10,pc_tran,1,cat,retain,retain,affirm,parallel,anchor,5,1,Parallel anchor,Transition continuity
catman_pilot_v1,P056,manipulation,A09,pc_sub,7,human,retain,retain,deny,continuous,anchor,6,1,Self-denial anchor,Body continuity
catman_pilot_v1,P056,manipulation,A09,pc_info,7,human,retain,retain,deny,continuous,anchor,6,1,Self-denial anchor,Memory continuity
catman_pilot_v1,P056,manipulation,A09,pc_func,7,human,retain,retain,deny,continuous,anchor,6,1,Self-denial anchor,Functional continuity
catman_pilot_v1,P056,manipulation,A09,pc_self,1,human,retain,retain,deny,continuous,anchor,6,1,Self-denial anchor,Self-continuity
catman_pilot_v1,P056,manipulation,A09,pc_tran,6,human,retain,retain,deny,continuous,anchor,6,1,Self-denial anchor,Transition continuity
catman_pilot_v1,P056,manipulation,C07,pc_sub,1,cat,retain,retain,affirm,discontinuous,standard,7,1,Body + transition,Body continuity
catman_pilot_v1,P056,manipulation,C07,pc_info,7,cat,retain,retain,affirm,discontinuous,standard,7,1,Body + transition,Memory continuity
catman_pilot_v1,P056,manipulation,C07,pc_func,6,cat,retain,retain,affirm,discontinuous,standard,7,1,Body + transition,Functional continuity
catman_pilot_v1,P056,manipulation,C07,pc_self,6,cat,retain,retain,affirm,discontinuous,standard,7,1,Body + transition,Self-continuity
catman_pilot_v1,P056,manipulation,C07,pc_tran,3,cat,retain,retain,affirm,discontinuous,standard,7,1,Body + transition,Transition continuity
catman_pilot_v1,P056,manipulation,C07,k_copy,7,cat,retain,retain,affirm,discontinuous,standard,7,1,Body + transition,Copy-likeness
catman_pilot_v1,P056,manipulation,C07,k_term,5,cat,retain,retain,affirm,discontinuous,standard,7,1,Body + transition,Termination
catman_pilot_v1,P056,manipulation,C01,pc_sub,7,human,retain,retain,affirm,continuous,standard,8,1,Baseline,Body continuity
catman_pilot_v1,P056,manipulation,C01,pc_info,7,human,retain,retain,affirm,continuous,standard,8,1,Baseline,Memory continuity
catman_pilot_v1,P056,manipulation,C01,pc_func,7,human,retain,retain,affirm,continuous,standard,8,1,Baseline,Functional continuity
catman_pilot_v1,P056,manipulation,C01,pc_self,6,human,retain,retain,affirm,continuous,standard,8,1,Baseline,Self-continuity
catman_pilot_v1,P056,manipulation,C01,pc_tran,6,human,retain,retain,affirm,continuous,standard,8,1,Baseline,Transition continuity
catman_pilot_v1,P056,manipulation,C03,pc_sub,7,human,lost,retain,affirm,continuous,standard,9,1,Memory,Body continuity
catman_pilot_v1,P056,manipulation,C03,pc_info,1,human,lost,retain,affirm,continuous,standard,9,1,Memory,Memory continuity
catman_pilot_v1,P056,manipulation,C03,pc_func,7,human,lost,retain,affirm,continuous,standard,9,1,Memory,Functional continuity
catman_pilot_v1,P056,manipulation,C03,pc_self,6,human,lost,retain,affirm,continuous,standard,9,1,Memory,Self-continuity
catman_pilot_v1,P056,manipulation,C03,pc_tran,5,human,lost,retain,affirm,continuous,standard,9,1,Memory,Transition continuity
catman_pilot_v1,P056,manipulation,C02,pc_sub,1,cat,retain,retain,affirm,continuous,standard,10,1,Body,Body continuity
catman_pilot_v1,P056,manipulation,C02,pc_info,7,cat,retain,retain,affirm,continuous,standard,10,1,Body,Memory continuity
catman_pilot_v1,P056,manipulation,C02,pc_func,6,cat,retain,retain,affirm,continuous,standard,10,1,Body,Functional continuity
catman_pilot_v1,P056,manipulation,C02,pc_self,6,cat,retain,retain,affirm,continuous,standard,10,1,Body,Self-continuity
catman_pilot_v1,P056,manipulation,C02,pc_tran,5,cat,retain,retain,affirm,continuous,standard,10,1,Body,Transition continuity
catman_pilot_v1,P073,manipulation,C02,pc_sub,1,cat,retain,retain,affirm,continuous,standard,1,1,Body,Body continuity
catman_pilot_v1,P073,manipulation,C02,pc_info,7,cat,retain,retain,affirm,continuous,standard,1,1,Body,Memory continuity
catman_pilot_v1,P073,manipulation,C02,pc_func,7,cat,retain,retain,affirm,continuous,standard,1,1,Body,Functional continuity
catman_pilot_v1,P073,manipulation,C02,pc_self,7,cat,retain,retain,affirm,continuous,standard,1,1,Body,Self-continuity
catman_pilot_v1,P073,manipulation,C02,pc_tran,7,cat,retain,retain,affirm,continuous,standard,1,1,Body,Transition continuity
catman_pilot_v1,P073,manipulation,C08,pc_sub,7,human,lost,retain,affirm,discontinuous,standard,2,1,Memory + transition,Body continuity
catman_pilot_v1,P073,manipulation,C08,pc_info,1,human,lost,retain,affirm,discontinuous,standard,2,1,Memory + transition,Memory continuity
catman_pilot_v1,P073,manipulation,C08,pc_func,7,human,lost,retain,affirm,discontinuous,standard,2,1,Memory + transition,Functional continuity
catman_pilot_v1,P073,manipulation,C08,pc_self,7,human,lost,retain,affirm,discontinuous,standard,2,1,Memory + transition,Self-continuity
catman_pilot_v1,P073,manipulation,C08,pc_tran,1,human,lost,retain,affirm,discontinuous,standard,2,1,Memory + transition,Transition continuity
catman_pilot_v1,P073,manipulation,C08,k_copy,7,human,lost,retain,affirm,discontinuous,standard,2,1,Memory + transition,Copy-likeness
catman_pilot_v1,P073,manipulation,C08,k_term,4,human,lost,retain,affirm,discontinuous,standard,2,1,Memory + transition,Termination
catman_pilot_v1,P073,manipulation,C06,pc_sub,7,human,retain,retain,affirm,discontinuous,standard,3,1,Transition,Body continuity
catman_pilot_v1,P073,manipulation,C06,pc_info,7,human,retain,retain,affirm,discontinuous,standard,3,1,Transition,Memory continuity
catman_pilot_v1,P073,manipulation,C06,pc_func,7,human,retain,retain,affirm,discontinuous,standard,3,1,Transition,Functional continuity
catman_pilot_v1,P073,manipulation,C06,pc_self,7,human,retain,retain,affirm,discontinuous,standard,3,1,Transition,Self-continuity
catman_pilot_v1,P073,manipulation,C06,pc_tran,1,human,retain,retain,affirm,discontinuous,standard,3,1,Transition,Transition continuity
catman_pilot_v1,P073,manipulation,C06,k_copy,7,human,retain,retain,affirm,discontinuous,standard,3,1,Transition,Copy-likeness
catman_pilot_v1,P073,manipulation,C06,k_term,7,human,retain,retain,affirm,discontinuous,standard,3,1,Transition,Termination
catman_pilot_v1,P073,manipulation,C07,pc_sub,1,cat,retain,retain,affirm,discontinuous,standard,4,1,Body + transition,Body continuity
catman_pilot_v1,P073,manipulation,C07,pc_info,7,cat,retain,retain,affirm,discontinuous,standard,4,1,Body + transition,Memory continuity
catman_pilot_v1,P073,manipulation,C07,pc_func,7,cat,retain,retain,affirm,discontinuous,standard,4,1,Body + transition,Functional continuity
catman_pilot_v1,P073,manipulation,C07,pc_self,7,cat,retain,retain,affirm,discontinuous,standard,4,1,Body + transition,Self-continuity
catman_pilot_v1,P073,manipulation,C07,pc_tran,1,cat,retain,retain,affirm,discontinuous,standard,4,1,Body + transition,Transition continuity
catman_pilot_v1,P073,manipulation,C07,k_copy,7,cat,retain,retain,affirm,discontinuous,standard,4,1,Body + transition,Copy-likeness
catman_pilot_v1,P073,manipulation,C07,k_term,7,cat,retain,retain,affirm,discontinuous,standard,4,1,Body + transition,Termination
catman_pilot_v1,P073,manipulation,C05,pc_sub,7,human,retain,retain,uncertain,continuous,standard,5,1,Self-ID uncertain,Body continuity
catman_pilot_v1,P073,manipulation,C05,pc_info,7,human,retain,retain,uncertain,continuous,standard,5,1,Self-ID uncertain,Memory continuity
catman_pilot_v1,P073,manipulation,C05,pc_func,7,human,retain,retain,uncertain,continuous,standard,5,1,Self-ID uncertain,Functional continuity
catman_pilot_v1,P073,manipulation,C05,pc_self,1,human,retain,retain,uncertain,continuous,standard,5,1,Self-ID uncertain,Self-continuity
catman_pilot_v1,P073,manipulation,C05,pc_tran,7,human,retain,retain,uncertain,continuous,standard,5,1,Self-ID uncertain,Transition continuity
catman_pilot_v1,P073,manipulation,C01,pc_sub,7,human,retain,retain,affirm,continuous,standard,6,1,Baseline,Body continuity
catman_pilot_v1,P073,manipulation,C01,pc_info,7,human,retain,retain,affirm,continuous,standard,6,1,Baseline,Memory continuity
catman_pilot_v1,P073,manipulation,C01,pc_func,7,human,retain,retain,affirm,continuous,standard,6,1,Baseline,Functional continuity
catman_pilot_v1,P073,manipulation,C01,pc_self,7,human,retain,retain,affirm,continuous,standard,6,1,Baseline,Self-continuity
catman_pilot_v1,P073,manipulation,C01,pc_tran,1,human,retain,retain,affirm,continuous,standard,6,1,Baseline,Transition continuity
catman_pilot_v1,P073,manipulation,A09,pc_sub,7,human,retain,retain,deny,continuous,anchor,7,1,Self-denial anchor,Body continuity
catman_pilot_v1,P073,manipulation,A09,pc_info,7,human,retain,retain,deny,continuous,anchor,7,1,Self-denial anchor,Memory continuity
catman_pilot_v1,P073,manipulation,A09,pc_func,7,human,retain,retain,deny,continuous,anchor,7,1,Self-denial anchor,Functional continuity
catman_pilot_v1,P073,manipulation,A09,pc_self,1,human,retain,retain,deny,continuous,anchor,7,1,Self-denial anchor,Self-continuity
catman_pilot_v1,P073,manipulation,A09,pc_tran,7,human,retain,retain,deny,continuous,anchor,7,1,Self-denial anchor,Transition continuity
catman_pilot_v1,P073,manipulation,C03,pc_sub,7,human,lost,retain,affirm,continuous,standard,8,1,Memory,Body continuity
catman_pilot_v1,P073,manipulation,C03,pc_info,1,human,lost,retain,affirm,continuous,standard,8,1,Memory,Memory continuity
catman_pilot_v1,P073,manipulation,C03,pc_func,7,human,lost,retain,affirm,continuous,standard,8,1,Memory,Functional continuity
catman_pilot_v1,P073,manipulation,C03,pc_self,7,human,lost,retain,affirm,continuous,standard,8,1,Memory,Self-continuity
catman_pilot_v1,P073,manipulation,C03,pc_tran,7,human,lost,retain,affirm,continuous,standard,8,1,Memory,Transition continuity
catman_pilot_v1,P073,manipulation,C04,pc_sub,7,human,retain,limited,affirm,continuous,standard,9,1,Function,Body continuity
catman_pilot_v1,P073,manipulation,C04,pc_info,7,human,retain,limited,affirm,continuous,standard,9,1,Function,Memory continuity
catman_pilot_v1,P073,manipulation,C04,pc_func,1,human,retain,limited,affirm,continuous,standard,9,1,Function,Functional continuity
catman_pilot_v1,P073,manipulation,C04,pc_self,7,human,retain,limited,affirm,continuous,standard,9,1,Function,Self-continuity
catman_pilot_v1,P073,manipulation,C04,pc_tran,7,human,retain,limited,affirm,continuous,standard,9,1,Function,Transition continuity
catman_pilot_v1,P073,manipulation,A10,k_copy,7,cat,retain,retain,affirm,parallel,anchor,10,1,Parallel anchor,Copy-likeness
catman_pilot_v1,P073,manipulation,A10,k_term,1,cat,retain,retain,affirm,parallel,anchor,10,1,Parallel anchor,Termination
catman_pilot_v1,P073,manipulation,A10,k_coex,7,cat,retain,retain,affirm,parallel,anchor,10,1,Parallel anchor,Coexistence
catman_pilot_v1,P073,manipulation,A10,pc_sub,1,cat,retain,retain,affirm,parallel,anchor,10,1,Parallel anchor,Body continuity
catman_pilot_v1,P073,manipulation,A10,pc_info,7,cat,retain,retain,affirm,parallel,anchor,10,1,Parallel anchor,Memory continuity
catman_pilot_v1,P073,manipulation,A10,pc_func,7,cat,retain,retain,affirm,parallel,anchor,10,1,Parallel anchor,Functional continuity
catman_pilot_v1,P073,manipulation,A10,pc_self,7,cat,retain,retain,affirm,parallel,anchor,10,1,Parallel anchor,Self-continuity
catman_pilot_v1,P073,manipulation,A10,pc_tran,1,cat,retain,retain,affirm,parallel,anchor,10,1,Parallel anchor,Transition continuity
catman_pilot_v1,P066,manipulation,C03,pc_sub,7,human,lost,retain,affirm,continuous,standard,1,1,Memory,Body continuity
catman_pilot_v1,P066,manipulation,C03,pc_info,1,human,lost,retain,affirm,continuous,standard,1,1,Memory,Memory continuity
catman_pilot_v1,P066,manipulation,C03,pc_func,7,human,lost,retain,affirm,continuous,standard,1,1,Memory,Functional continuity
catman_pilot_v1,P066,manipulation,C03,pc_self,6,human,lost,retain,affirm,continuous,standard,1,1,Memory,Self-continuity
catman_pilot_v1,P066,manipulation,C03,pc_tran,2,human,lost,retain,affirm,continuous,standard,1,1,Memory,Transition continuity
catman_pilot_v1,P066,manipulation,C01,pc_sub,7,human,retain,retain,affirm,continuous,standard,2,1,Baseline,Body continuity
catman_pilot_v1,P066,manipulation,C01,pc_info,7,human,retain,retain,affirm,continuous,standard,2,1,Baseline,Memory continuity
catman_pilot_v1,P066,manipulation,C01,pc_func,7,human,retain,retain,affirm,continuous,standard,2,1,Baseline,Functional continuity
catman_pilot_v1,P066,manipulation,C01,pc_self,7,human,retain,retain,affirm,continuous,standard,2,1,Baseline,Self-continuity
catman_pilot_v1,P066,manipulation,C01,pc_tran,2,human,retain,retain,affirm,continuous,standard,2,1,Baseline,Transition continuity
catman_pilot_v1,P066,manipulation,C06,pc_sub,7,human,retain,retain,affirm,discontinuous,standard,3,1,Transition,Body continuity
catman_pilot_v1,P066,manipulation,C06,pc_info,7,human,retain,retain,affirm,discontinuous,standard,3,1,Transition,Memory continuity
catman_pilot_v1,P066,manipulation,C06,pc_func,7,human,retain,retain,affirm,discontinuous,standard,3,1,Transition,Functional continuity
catman_pilot_v1,P066,manipulation,C06,pc_self,7,human,retain,retain,affirm,discontinuous,standard,3,1,Transition,Self-continuity
catman_pilot_v1,P066,manipulation,C06,pc_tran,7,human,retain,retain,affirm,discontinuous,standard,3,1,Transition,Transition continuity
catman_pilot_v1,P066,manipulation,C06,k_copy,7,human,retain,retain,affirm,discontinuous,standard,3,1,Transition,Copy-likeness
catman_pilot_v1,P066,manipulation,C06,k_term,5,human,retain,retain,affirm,discontinuous,standard,3,1,Transition,Termination
catman_pilot_v1,P066,manipulation,C07,pc_sub,1,cat,retain,retain,affirm,discontinuous,standard,4,1,Body + transition,Body continuity
catman_pilot_v1,P066,manipulation,C07,pc_info,7,cat,retain,retain,affirm,discontinuous,standard,4,1,Body + transition,Memory continuity
catman_pilot_v1,P066,manipulation,C07,pc_func,7,cat,retain,retain,affirm,discontinuous,standard,4,1,Body + transition,Functional continuity
catman_pilot_v1,P066,manipulation,C07,pc_self,4,cat,retain,retain,affirm,discontinuous,standard,4,1,Body + transition,Self-continuity
catman_pilot_v1,P066,manipulation,C07,pc_tran,6,cat,retain,retain,affirm,discontinuous,standard,4,1,Body + transition,Transition continuity
catman_pilot_v1,P066,manipulation,C07,k_copy,7,cat,retain,retain,affirm,discontinuous,standard,4,1,Body + transition,Copy-likeness
catman_pilot_v1,P066,manipulation,C07,k_term,6,cat,retain,retain,affirm,discontinuous,standard,4,1,Body + transition,Termination
catman_pilot_v1,P066,manipulation,A09,pc_sub,7,human,retain,retain,deny,continuous,anchor,5,1,Self-denial anchor,Body continuity
catman_pilot_v1,P066,manipulation,A09,pc_info,7,human,retain,retain,deny,continuous,anchor,5,1,Self-denial anchor,Memory continuity
catman_pilot_v1,P066,manipulation,A09,pc_func,7,human,retain,retain,deny,continuous,anchor,5,1,Self-denial anchor,Functional continuity
catman_pilot_v1,P066,manipulation,A09,pc_self,7,human,retain,retain,deny,continuous,anchor,5,1,Self-denial anchor,Self-continuity
catman_pilot_v1,P066,manipulation,A09,pc_tran,4,human,retain,retain,deny,continuous,anchor,5,1,Self-denial anchor,Transition continuity
catman_pilot_v1,P066,manipulation,C02,pc_sub,1,cat,retain,retain,affirm,continuous,standard,6,1,Body,Body continuity
catman_pilot_v1,P066,manipulation,C02,pc_info,7,cat,retain,retain,affirm,continuous,standard,6,1,Body,Memory continuity
catman_pilot_v1,P066,manipulation,C02,pc_func,7,cat,retain,retain,affirm,continuous,standard,6,1,Body,Functional continuity
catman_pilot_v1,P066,manipulation,C02,pc_self,4,cat,retain,retain,affirm,continuous,standard,6,1,Body,Self-continuity
catman_pilot_v1,P066,manipulation,C02,pc_tran,1,cat,retain,retain,affirm,continuous,standard,6,1,Body,Transition continuity
catman_pilot_v1,P066,manipulation,C04,pc_sub,7,human,retain,limited,affirm,continuous,standard,7,1,Function,Body continuity
catman_pilot_v1,P066,manipulation,C04,pc_info,7,human,retain,limited,affirm,continuous,standard,7,1,Function,Memory continuity
catman_pilot_v1,P066,manipulation,C04,pc_func,4,human,retain,limited,affirm,continuous,standard,7,1,Function,Functional continuity
catman_pilot_v1,P066,manipulation,C04,pc_self,4,human,retain,limited,affirm,continuous,standard,7,1,Function,Self-continuity
catman_pilot_v1,P066,manipulation,C04,pc_tran,2,human,retain,limited,affirm,continuous,standard,7,1,Function,Transition continuity
catman_pilot_v1,P066,manipulation,C05,pc_sub,7,human,retain,retain,uncertain,continuous,standard,8,1,Self-ID uncertain,Body continuity
catman_pilot_v1,P066,manipulation,C05,pc_info,7,human,retain,retain,uncertain,continuous,standard,8,1,Self-ID uncertain,Memory continuity
catman_pilot_v1,P066,manipulation,C05,pc_func,7,human,retain,retain,uncertain,continuous,standard,8,1,Self-ID uncertain,Functional continuity
catman_pilot_v1,P066,manipulation,C05,pc_self,7,human,retain,retain,uncertain,continuous,standard,8,1,Self-ID uncertain,Self-continuity
catman_pilot_v1,P066,manipulation,C05,pc_tran,7,human,retain,retain,uncertain,continuous,standard,8,1,Self-ID uncertain,Transition continuity
catman_pilot_v1,P066,manipulation,A10,k_copy,7,cat,retain,retain,affirm,parallel,anchor,9,1,Parallel anchor,Copy-likeness
catman_pilot_v1,P066,manipulation,A10,k_term,1,cat,retain,retain,affirm,parallel,anchor,9,1,Parallel anchor,Termination
catman_pilot_v1,P066,manipulation,A10,k_coex,4,cat,retain,retain,affirm,parallel,anchor,9,1,Parallel anchor,Coexistence
catman_pilot_v1,P066,manipulation,A10,pc_sub,1,cat,retain,retain,affirm,parallel,anchor,9,1,Parallel anchor,Body continuity
catman_pilot_v1,P066,manipulation,A10,pc_info,7,cat,retain,retain,affirm,parallel,anchor,9,1,Parallel anchor,Memory continuity
catman_pilot_v1,P066,manipulation,A10,pc_func,7,cat,retain,retain,affirm,parallel,anchor,9,1,Parallel anchor,Functional continuity
catman_pilot_v1,P066,manipulation,A10,pc_self,4,cat,retain,retain,affirm,parallel,anchor,9,1,Parallel anchor,Self-continuity
catman_pilot_v1,P066,manipulation,A10,pc_tran,1,cat,retain,retain,affirm,parallel,anchor,9,1,Parallel anchor,Transition continuity
catman_pilot_v1,P066,manipulation,C08,pc_sub,7,human,lost,retain,affirm,discontinuous,standard,10,1,Memory + transition,Body continuity
catman_pilot_v1,P066,manipulation,C08,pc_info,1,human,lost,retain,affirm,discontinuous,standard,10,1,Memory + transition,Memory continuity
catman_pilot_v1,P066,manipulation,C08,pc_func,7,human,lost,retain,affirm,discontinuous,standard,10,1,Memory + transition,Functional continuity
catman_pilot_v1,P066,manipulation,C08,pc_self,2,human,lost,retain,affirm,discontinuous,standard,10,1,Memory + transition,Self-continuity
catman_pilot_v1,P066,manipulation,C08,pc_tran,1,human,lost,retain,affirm,discontinuous,standard,10,1,Memory + transition,Transition continuity
catman_pilot_v1,P066,manipulation,C08,k_copy,7,human,lost,retain,affirm,discontinuous,standard,10,1,Memory + transition,Copy-likeness
catman_pilot_v1,P066,manipulation,C08,k_term,4,human,lost,retain,affirm,discontinuous,standard,10,1,Memory + transition,Termination
catman_pilot_v1,P013,manipulation,C07,pc_sub,1,cat,retain,retain,affirm,discontinuous,standard,1,1,Body + transition,Body continuity
catman_pilot_v1,P013,manipulation,C07,pc_info,7,cat,retain,retain,affirm,discontinuous,standard,1,1,Body + transition,Memory continuity
catman_pilot_v1,P013,manipulation,C07,pc_func,7,cat,retain,retain,affirm,discontinuous,standard,1,1,Body + transition,Functional continuity
catman_pilot_v1,P013,manipulation,C07,pc_self,7,cat,retain,retain,affirm,discontinuous,standard,1,1,Body + transition,Self-continuity
catman_pilot_v1,P013,manipulation,C07,pc_tran,1,cat,retain,retain,affirm,discontinuous,standard,1,1,Body + transition,Transition continuity
catman_pilot_v1,P013,manipulation,C07,k_copy,1,cat,retain,retain,affirm,discontinuous,standard,1,1,Body + transition,Copy-likeness
catman_pilot_v1,P013,manipulation,C07,k_term,1,cat,retain,retain,affirm,discontinuous,standard,1,1,Body + transition,Termination
catman_pilot_v1,P013,manipulation,C03,pc_sub,7,human,lost,retain,affirm,continuous,standard,2,1,Memory,Body continuity
catman_pilot_v1,P013,manipulation,C03,pc_info,7,human,lost,retain,affirm,continuous,standard,2,1,Memory,Memory continuity
catman_pilot_v1,P013,manipulation,C03,pc_func,1,human,lost,retain,affirm,continuous,standard,2,1,Memory,Functional continuity
catman_pilot_v1,P013,manipulation,C03,pc_self,7,human,lost,retain,affirm,continuous,standard,2,1,Memory,Self-continuity
catman_pilot_v1,P013,manipulation,C03,pc_tran,7,human,lost,retain,affirm,continuous,standard,2,1,Memory,Transition continuity
catman_pilot_v1,P013,manipulation,C08,pc_sub,7,human,lost,retain,affirm,discontinuous,standard,3,1,Memory + transition,Body continuity
catman_pilot_v1,P013,manipulation,C08,pc_info,1,human,lost,retain,affirm,discontinuous,standard,3,1,Memory + transition,Memory continuity
catman_pilot_v1,P013,manipulation,C08,pc_func,7,human,lost,retain,affirm,discontinuous,standard,3,1,Memory + transition,Functional continuity
catman_pilot_v1,P013,manipulation,C08,pc_self,7,human,lost,retain,affirm,discontinuous,standard,3,1,Memory + transition,Self-continuity
catman_pilot_v1,P013,manipulation,C08,pc_tran,1,human,lost,retain,affirm,discontinuous,standard,3,1,Memory + transition,Transition continuity
catman_pilot_v1,P013,manipulation,C08,k_copy,1,human,lost,retain,affirm,discontinuous,standard,3,1,Memory + transition,Copy-likeness
catman_pilot_v1,P013,manipulation,C08,k_term,1,human,lost,retain,affirm,discontinuous,standard,3,1,Memory + transition,Termination
catman_pilot_v1,P013,manipulation,C02,pc_sub,1,cat,retain,retain,affirm,continuous,standard,4,1,Body,Body continuity
catman_pilot_v1,P013,manipulation,C02,pc_info,7,cat,retain,retain,affirm,continuous,standard,4,1,Body,Memory continuity
catman_pilot_v1,P013,manipulation,C02,pc_func,7,cat,retain,retain,affirm,continuous,standard,4,1,Body,Functional continuity
catman_pilot_v1,P013,manipulation,C02,pc_self,7,cat,retain,retain,affirm,continuous,standard,4,1,Body,Self-continuity
catman_pilot_v1,P013,manipulation,C02,pc_tran,7,cat,retain,retain,affirm,continuous,standard,4,1,Body,Transition continuity
catman_pilot_v1,P013,manipulation,C05,pc_sub,7,human,retain,retain,uncertain,continuous,standard,5,1,Self-ID uncertain,Body continuity
catman_pilot_v1,P013,manipulation,C05,pc_info,7,human,retain,retain,uncertain,continuous,standard,5,1,Self-ID uncertain,Memory continuity
catman_pilot_v1,P013,manipulation,C05,pc_func,7,human,retain,retain,uncertain,continuous,standard,5,1,Self-ID uncertain,Functional continuity
catman_pilot_v1,P013,manipulation,C05,pc_self,1,human,retain,retain,uncertain,continuous,standard,5,1,Self-ID uncertain,Self-continuity
catman_pilot_v1,P013,manipulation,C05,pc_tran,7,human,retain,retain,uncertain,continuous,standard,5,1,Self-ID uncertain,Transition continuity
catman_pilot_v1,P013,manipulation,C01,pc_sub,7,human,retain,retain,affirm,continuous,standard,6,1,Baseline,Body continuity
catman_pilot_v1,P013,manipulation,C01,pc_info,7,human,retain,retain,affirm,continuous,standard,6,1,Baseline,Memory continuity
catman_pilot_v1,P013,manipulation,C01,pc_func,7,human,retain,retain,affirm,continuous,standard,6,1,Baseline,Functional continuity
catman_pilot_v1,P013,manipulation,C01,pc_self,7,human,retain,retain,affirm,continuous,standard,6,1,Baseline,Self-continuity
catman_pilot_v1,P013,manipulation,C01,pc_tran,7,human,retain,retain,affirm,continuous,standard,6,1,Baseline,Transition continuity
catman_pilot_v1,P013,manipulation,A10,k_copy,1,cat,retain,retain,affirm,parallel,anchor,7,1,Parallel anchor,Copy-likeness
catman_pilot_v1,P013,manipulation,A10,k_term,1,cat,retain,retain,affirm,parallel,anchor,7,1,Parallel anchor,Termination
catman_pilot_v1,P013,manipulation,A10,k_coex,7,cat,retain,retain,affirm,parallel,anchor,7,1,Parallel anchor,Coexistence
catman_pilot_v1,P013,manipulation,A10,pc_sub,1,cat,retain,retain,affirm,parallel,anchor,7,1,Parallel anchor,Body continuity
catman_pilot_v1,P013,manipulation,A10,pc_info,7,cat,retain,retain,affirm,parallel,anchor,7,1,Parallel anchor,Memory continuity
catman_pilot_v1,P013,manipulation,A10,pc_func,7,cat,retain,retain,affirm,parallel,anchor,7,1,Parallel anchor,Functional continuity
catman_pilot_v1,P013,manipulation,A10,pc_self,7,cat,retain,retain,affirm,parallel,anchor,7,1,Parallel anchor,Self-continuity
catman_pilot_v1,P013,manipulation,A10,pc_tran,1,cat,retain,retain,affirm,parallel,anchor,7,1,Parallel anchor,Transition continuity
catman_pilot_v1,P013,manipulation,C06,pc_sub,7,human,retain,retain,affirm,discontinuous,standard,8,1,Transition,Body continuity
catman_pilot_v1,P013,manipulation,C06,pc_info,7,human,retain,retain,affirm,discontinuous,standard,8,1,Transition,Memory continuity
catman_pilot_v1,P013,manipulation,C06,pc_func,7,human,retain,retain,affirm,discontinuous,standard,8,1,Transition,Functional continuity
catman_pilot_v1,P013,manipulation,C06,pc_self,7,human,retain,retain,affirm,discontinuous,standard,8,1,Transition,Self-continuity
catman_pilot_v1,P013,manipulation,C06,pc_tran,1,human,retain,retain,affirm,discontinuous,standard,8,1,Transition,Transition continuity
catman_pilot_v1,P013,manipulation,C06,k_copy,1,human,retain,retain,affirm,discontinuous,standard,8,1,Transition,Copy-likeness
catman_pilot_v1,P013,manipulation,C06,k_term,1,human,retain,retain,affirm,discontinuous,standard,8,1,Transition,Termination
catman_pilot_v1,P013,manipulation,C04,pc_sub,7,human,retain,limited,affirm,continuous,standard,9,1,Function,Body continuity
catman_pilot_v1,P013,manipulation,C04,pc_info,7,human,retain,limited,affirm,continuous,standard,9,1,Function,Memory continuity
catman_pilot_v1,P013,manipulation,C04,pc_func,1,human,retain,limited,affirm,continuous,standard,9,1,Function,Functional continuity
catman_pilot_v1,P013,manipulation,C04,pc_self,7,human,retain,limited,affirm,continuous,standard,9,1,Function,Self-continuity
catman_pilot_v1,P013,manipulation,C04,pc_tran,7,human,retain,limited,affirm,continuous,standard,9,1,Function,Transition continuity
catman_pilot_v1,P013,manipulation,A09,pc_sub,7,human,retain,retain,deny,continuous,anchor,10,1,Self-denial anchor,Body continuity
catman_pilot_v1,P013,manipulation,A09,pc_info,7,human,retain,retain,deny,continuous,anchor,10,1,Self-denial anchor,Memory continuity
catman_pilot_v1,P013,manipulation,A09,pc_func,7,human,retain,retain,deny,continuous,anchor,10,1,Self-denial anchor,Functional continuity
catman_pilot_v1,P013,manipulation,A09,pc_self,1,human,retain,retain,deny,continuous,anchor,10,1,Self-denial anchor,Self-continuity
catman_pilot_v1,P013,manipulation,A09,pc_tran,7,human,retain,retain,deny,continuous,anchor,10,1,Self-denial anchor,Transition continuity
catman_pilot_v1,P087,manipulation,C03,pc_sub,7,human,lost,retain,affirm,continuous,standard,1,1,Memory,Body continuity
catman_pilot_v1,P087,manipulation,C03,pc_info,1,human,lost,retain,affirm,continuous,standard,1,1,Memory,Memory continuity
catman_pilot_v1,P087,manipulation,C03,pc_func,7,human,lost,retain,affirm,continuous,standard,1,1,Memory,Functional continuity
catman_pilot_v1,P087,manipulation,C03,pc_self,7,human,lost,retain,affirm,continuous,standard,1,1,Memory,Self-continuity
catman_pilot_v1,P087,manipulation,C03,pc_tran,1,human,lost,retain,affirm,continuous,standard,1,1,Memory,Transition continuity
catman_pilot_v1,P087,manipulation,C02,pc_sub,1,cat,retain,retain,affirm,continuous,standard,2,1,Body,Body continuity
catman_pilot_v1,P087,manipulation,C02,pc_info,7,cat,retain,retain,affirm,continuous,standard,2,1,Body,Memory continuity
catman_pilot_v1,P087,manipulation,C02,pc_func,7,cat,retain,retain,affirm,continuous,standard,2,1,Body,Functional continuity
catman_pilot_v1,P087,manipulation,C02,pc_self,7,cat,retain,retain,affirm,continuous,standard,2,1,Body,Self-continuity
catman_pilot_v1,P087,manipulation,C02,pc_tran,1,cat,retain,retain,affirm,continuous,standard,2,1,Body,Transition continuity
catman_pilot_v1,P087,manipulation,C08,pc_sub,7,human,lost,retain,affirm,discontinuous,standard,3,1,Memory + transition,Body continuity
catman_pilot_v1,P087,manipulation,C08,pc_info,1,human,lost,retain,affirm,discontinuous,standard,3,1,Memory + transition,Memory continuity
catman_pilot_v1,P087,manipulation,C08,pc_func,7,human,lost,retain,affirm,discontinuous,standard,3,1,Memory + transition,Functional continuity
catman_pilot_v1,P087,manipulation,C08,pc_self,7,human,lost,retain,affirm,discontinuous,standard,3,1,Memory + transition,Self-continuity
catman_pilot_v1,P087,manipulation,C08,pc_tran,1,human,lost,retain,affirm,discontinuous,standard,3,1,Memory + transition,Transition continuity
catman_pilot_v1,P087,manipulation,C08,k_copy,7,human,lost,retain,affirm,discontinuous,standard,3,1,Memory + transition,Copy-likeness
catman_pilot_v1,P087,manipulation,C08,k_term,4,human,lost,retain,affirm,discontinuous,standard,3,1,Memory + transition,Termination
catman_pilot_v1,P087,manipulation,C06,pc_sub,7,human,retain,retain,affirm,discontinuous,standard,4,1,Transition,Body continuity
catman_pilot_v1,P087,manipulation,C06,pc_info,7,human,retain,retain,affirm,discontinuous,standard,4,1,Transition,Memory continuity
catman_pilot_v1,P087,manipulation,C06,pc_func,7,human,retain,retain,affirm,discontinuous,standard,4,1,Transition,Functional continuity
catman_pilot_v1,P087,manipulation,C06,pc_self,7,human,retain,retain,affirm,discontinuous,standard,4,1,Transition,Self-continuity
catman_pilot_v1,P087,manipulation,C06,pc_tran,1,human,retain,retain,affirm,discontinuous,standard,4,1,Transition,Transition continuity
catman_pilot_v1,P087,manipulation,C06,k_copy,7,human,retain,retain,affirm,discontinuous,standard,4,1,Transition,Copy-likeness
catman_pilot_v1,P087,manipulation,C06,k_term,1,human,retain,retain,affirm,discontinuous,standard,4,1,Transition,Termination
catman_pilot_v1,P087,manipulation,C07,pc_sub,1,cat,retain,retain,affirm,discontinuous,standard,5,1,Body + transition,Body continuity
catman_pilot_v1,P087,manipulation,C07,pc_info,7,cat,retain,retain,affirm,discontinuous,standard,5,1,Body + transition,Memory continuity
catman_pilot_v1,P087,manipulation,C07,pc_func,7,cat,retain,retain,affirm,discontinuous,standard,5,1,Body + transition,Functional continuity
catman_pilot_v1,P087,manipulation,C07,pc_self,7,cat,retain,retain,affirm,discontinuous,standard,5,1,Body + transition,Self-continuity
catman_pilot_v1,P087,manipulation,C07,pc_tran,1,cat,retain,retain,affirm,discontinuous,standard,5,1,Body + transition,Transition continuity
catman_pilot_v1,P087,manipulation,C07,k_copy,7,cat,retain,retain,affirm,discontinuous,standard,5,1,Body + transition,Copy-likeness
catman_pilot_v1,P087,manipulation,C07,k_term,7,cat,retain,retain,affirm,discontinuous,standard,5,1,Body + transition,Termination
catman_pilot_v1,P087,manipulation,C05,pc_sub,7,human,retain,retain,uncertain,continuous,standard,6,1,Self-ID uncertain,Body continuity
catman_pilot_v1,P087,manipulation,C05,pc_info,7,human,retain,retain,uncertain,continuous,standard,6,1,Self-ID uncertain,Memory continuity
catman_pilot_v1,P087,manipulation,C05,pc_func,7,human,retain,retain,uncertain,continuous,standard,6,1,Self-ID uncertain,Functional continuity
catman_pilot_v1,P087,manipulation,C05,pc_self,4,human,retain,retain,uncertain,continuous,standard,6,1,Self-ID uncertain,Self-continuity
catman_pilot_v1,P087,manipulation,C05,pc_tran,1,human,retain,retain,uncertain,continuous,standard,6,1,Self-ID uncertain,Transition continuity
catman_pilot_v1,P087,manipulation,A10,k_copy,7,cat,retain,retain,affirm,parallel,anchor,7,1,Parallel anchor,Copy-likeness
catman_pilot_v1,P087,manipulation,A10,k_term,1,cat,retain,retain,affirm,parallel,anchor,7,1,Parallel anchor,Termination
catman_pilot_v1,P087,manipulation,A10,k_coex,7,cat,retain,retain,affirm,parallel,anchor,7,1,Parallel anchor,Coexistence
catman_pilot_v1,P087,manipulation,A10,pc_sub,1,cat,retain,retain,affirm,parallel,anchor,7,1,Parallel anchor,Body continuity
catman_pilot_v1,P087,manipulation,A10,pc_info,7,cat,retain,retain,affirm,parallel,anchor,7,1,Parallel anchor,Memory continuity
catman_pilot_v1,P087,manipulation,A10,pc_func,7,cat,retain,retain,affirm,parallel,anchor,7,1,Parallel anchor,Functional continuity
catman_pilot_v1,P087,manipulation,A10,pc_self,7,cat,retain,retain,affirm,parallel,anchor,7,1,Parallel anchor,Self-continuity
catman_pilot_v1,P087,manipulation,A10,pc_tran,7,cat,retain,retain,affirm,parallel,anchor,7,1,Parallel anchor,Transition continuity
catman_pilot_v1,P087,manipulation,A09,pc_sub,7,human,retain,retain,deny,continuous,anchor,8,1,Self-denial anchor,Body continuity
catman_pilot_v1,P087,manipulation,A09,pc_info,7,human,retain,retain,deny,continuous,anchor,8,1,Self-denial anchor,Memory continuity
catman_pilot_v1,P087,manipulation,A09,pc_func,7,human,retain,retain,deny,continuous,anchor,8,1,Self-denial anchor,Functional continuity
catman_pilot_v1,P087,manipulation,A09,pc_self,1,human,retain,retain,deny,continuous,anchor,8,1,Self-denial anchor,Self-continuity
catman_pilot_v1,P087,manipulation,A09,pc_tran,7,human,retain,retain,deny,continuous,anchor,8,1,Self-denial anchor,Transition continuity
catman_pilot_v1,P087,manipulation,C04,pc_sub,7,human,retain,limited,affirm,continuous,standard,9,1,Function,Body continuity
catman_pilot_v1,P087,manipulation,C04,pc_info,7,human,retain,limited,affirm,continuous,standard,9,1,Function,Memory continuity
catman_pilot_v1,P087,manipulation,C04,pc_func,1,human,retain,limited,affirm,continuous,standard,9,1,Function,Functional continuity
catman_pilot_v1,P087,manipulation,C04,pc_self,7,human,retain,limited,affirm,continuous,standard,9,1,Function,Self-continuity
catman_pilot_v1,P087,manipulation,C04,pc_tran,7,human,retain,limited,affirm,continuous,standard,9,1,Function,Transition continuity
catman_pilot_v1,P087,manipulation,C01,pc_sub,7,human,retain,retain,affirm,continuous,standard,10,1,Baseline,Body continuity
catman_pilot_v1,P087,manipulation,C01,pc_info,7,human,retain,retain,affirm,continuous,standard,10,1,Baseline,Memory continuity
catman_pilot_v1,P087,manipulation,C01,pc_func,7,human,retain,retain,affirm,continuous,standard,10,1,Baseline,Functional continuity
catman_pilot_v1,P087,manipulation,C01,pc_self,7,human,retain,retain,affirm,continuous,standard,10,1,Baseline,Self-continuity
catman_pilot_v1,P087,manipulation,C01,pc_tran,7,human,retain,retain,affirm,continuous,standard,10,1,Baseline,Transition continuity
catman_pilot_v1,P045,manipulation,C07,pc_sub,7,cat,retain,retain,affirm,discontinuous,standard,1,1,Body + transition,Body continuity
catman_pilot_v1,P045,manipulation,C07,pc_info,7,cat,retain,retain,affirm,discontinuous,standard,1,1,Body + transition,Memory continuity
catman_pilot_v1,P045,manipulation,C07,pc_func,7,cat,retain,retain,affirm,discontinuous,standard,1,1,Body + transition,Functional continuity
catman_pilot_v1,P045,manipulation,C07,pc_self,7,cat,retain,retain,affirm,discontinuous,standard,1,1,Body + transition,Self-continuity
catman_pilot_v1,P045,manipulation,C07,pc_tran,1,cat,retain,retain,affirm,discontinuous,standard,1,1,Body + transition,Transition continuity
catman_pilot_v1,P045,manipulation,C07,k_copy,7,cat,retain,retain,affirm,discontinuous,standard,1,1,Body + transition,Copy-likeness
catman_pilot_v1,P045,manipulation,C07,k_term,7,cat,retain,retain,affirm,discontinuous,standard,1,1,Body + transition,Termination
catman_pilot_v1,P045,manipulation,C03,pc_sub,7,human,lost,retain,affirm,continuous,standard,2,1,Memory,Body continuity
catman_pilot_v1,P045,manipulation,C03,pc_info,1,human,lost,retain,affirm,continuous,standard,2,1,Memory,Memory continuity
catman_pilot_v1,P045,manipulation,C03,pc_func,7,human,lost,retain,affirm,continuous,standard,2,1,Memory,Functional continuity
catman_pilot_v1,P045,manipulation,C03,pc_self,7,human,lost,retain,affirm,continuous,standard,2,1,Memory,Self-continuity
catman_pilot_v1,P045,manipulation,C03,pc_tran,7,human,lost,retain,affirm,continuous,standard,2,1,Memory,Transition continuity
catman_pilot_v1,P045,manipulation,C05,pc_sub,7,human,retain,retain,uncertain,continuous,standard,3,1,Self-ID uncertain,Body continuity
catman_pilot_v1,P045,manipulation,C05,pc_info,7,human,retain,retain,uncertain,continuous,standard,3,1,Self-ID uncertain,Memory continuity
catman_pilot_v1,P045,manipulation,C05,pc_func,7,human,retain,retain,uncertain,continuous,standard,3,1,Self-ID uncertain,Functional continuity
catman_pilot_v1,P045,manipulation,C05,pc_self,4,human,retain,retain,uncertain,continuous,standard,3,1,Self-ID uncertain,Self-continuity
catman_pilot_v1,P045,manipulation,C05,pc_tran,7,human,retain,retain,uncertain,continuous,standard,3,1,Self-ID uncertain,Transition continuity
catman_pilot_v1,P045,manipulation,C06,pc_sub,7,human,retain,retain,affirm,discontinuous,standard,4,1,Transition,Body continuity
catman_pilot_v1,P045,manipulation,C06,pc_info,7,human,retain,retain,affirm,discontinuous,standard,4,1,Transition,Memory continuity
catman_pilot_v1,P045,manipulation,C06,pc_func,7,human,retain,retain,affirm,discontinuous,standard,4,1,Transition,Functional continuity
catman_pilot_v1,P045,manipulation,C06,pc_self,7,human,retain,retain,affirm,discontinuous,standard,4,1,Transition,Self-continuity
catman_pilot_v1,P045,manipulation,C06,pc_tran,1,human,retain,retain,affirm,discontinuous,standard,4,1,Transition,Transition continuity
catman_pilot_v1,P045,manipulation,C06,k_copy,7,human,retain,retain,affirm,discontinuous,standard,4,1,Transition,Copy-likeness
catman_pilot_v1,P045,manipulation,C06,k_term,7,human,retain,retain,affirm,discontinuous,standard,4,1,Transition,Termination
catman_pilot_v1,P045,manipulation,C02,pc_sub,7,cat,retain,retain,affirm,continuous,standard,5,1,Body,Body continuity
catman_pilot_v1,P045,manipulation,C02,pc_info,7,cat,retain,retain,affirm,continuous,standard,5,1,Body,Memory continuity
catman_pilot_v1,P045,manipulation,C02,pc_func,7,cat,retain,retain,affirm,continuous,standard,5,1,Body,Functional continuity
catman_pilot_v1,P045,manipulation,C02,pc_self,7,cat,retain,retain,affirm,continuous,standard,5,1,Body,Self-continuity
catman_pilot_v1,P045,manipulation,C02,pc_tran,7,cat,retain,retain,affirm,continuous,standard,5,1,Body,Transition continuity
catman_pilot_v1,P045,manipulation,C08,pc_sub,7,human,lost,retain,affirm,discontinuous,standard,6,1,Memory + transition,Body continuity
catman_pilot_v1,P045,manipulation,C08,pc_info,1,human,lost,retain,affirm,discontinuous,standard,6,1,Memory + transition,Memory continuity
catman_pilot_v1,P045,manipulation,C08,pc_func,7,human,lost,retain,affirm,discontinuous,standard,6,1,Memory + transition,Functional continuity
catman_pilot_v1,P045,manipulation,C08,pc_self,7,human,lost,retain,affirm,discontinuous,standard,6,1,Memory + transition,Self-continuity
catman_pilot_v1,P045,manipulation,C08,pc_tran,1,human,lost,retain,affirm,discontinuous,standard,6,1,Memory + transition,Transition continuity
catman_pilot_v1,P045,manipulation,C08,k_copy,7,human,lost,retain,affirm,discontinuous,standard,6,1,Memory + transition,Copy-likeness
catman_pilot_v1,P045,manipulation,C08,k_term,7,human,lost,retain,affirm,discontinuous,standard,6,1,Memory + transition,Termination
catman_pilot_v1,P045,manipulation,A09,pc_sub,7,human,retain,retain,deny,continuous,anchor,7,1,Self-denial anchor,Body continuity
catman_pilot_v1,P045,manipulation,A09,pc_info,7,human,retain,retain,deny,continuous,anchor,7,1,Self-denial anchor,Memory continuity
catman_pilot_v1,P045,manipulation,A09,pc_func,7,human,retain,retain,deny,continuous,anchor,7,1,Self-denial anchor,Functional continuity
catman_pilot_v1,P045,manipulation,A09,pc_self,1,human,retain,retain,deny,continuous,anchor,7,1,Self-denial anchor,Self-continuity
catman_pilot_v1,P045,manipulation,A09,pc_tran,7,human,retain,retain,deny,continuous,anchor,7,1,Self-denial anchor,Transition continuity
catman_pilot_v1,P045,manipulation,C04,pc_sub,7,human,retain,limited,affirm,continuous,standard,8,1,Function,Body continuity
catman_pilot_v1,P045,manipulation,C04,pc_info,7,human,retain,limited,affirm,continuous,standard,8,1,Function,Memory continuity
catman_pilot_v1,P045,manipulation,C04,pc_func,1,human,retain,limited,affirm,continuous,standard,8,1,Function,Functional continuity
catman_pilot_v1,P045,manipulation,C04,pc_self,7,human,retain,limited,affirm,continuous,standard,8,1,Function,Self-continuity
catman_pilot_v1,P045,manipulation,C04,pc_tran,7,human,retain,limited,affirm,continuous,standard,8,1,Function,Transition continuity
catman_pilot_v1,P045,manipulation,A10,k_copy,7,cat,retain,retain,affirm,parallel,anchor,9,1,Parallel anchor,Copy-likeness
catman_pilot_v1,P045,manipulation,A10,k_term,1,cat,retain,retain,affirm,parallel,anchor,9,1,Parallel anchor,Termination
catman_pilot_v1,P045,manipulation,A10,k_coex,7,cat,retain,retain,affirm,parallel,anchor,9,1,Parallel anchor,Coexistence
catman_pilot_v1,P045,manipulation,A10,pc_sub,1,cat,retain,retain,affirm,parallel,anchor,9,1,Parallel anchor,Body continuity
catman_pilot_v1,P045,manipulation,A10,pc_info,7,cat,retain,retain,affirm,parallel,anchor,9,1,Parallel anchor,Memory continuity
catman_pilot_v1,P045,manipulation,A10,pc_func,7,cat,retain,retain,affirm,parallel,anchor,9,1,Parallel anchor,Functional continuity
catman_pilot_v1,P045,manipulation,A10,pc_self,7,cat,retain,retain,affirm,parallel,anchor,9,1,Parallel anchor,Self-continuity
catman_pilot_v1,P045,manipulation,A10,pc_tran,1,cat,retain,retain,affirm,parallel,anchor,9,1,Parallel anchor,Transition continuity
catman_pilot_v1,P045,manipulation,C01,pc_sub,7,human,retain,retain,affirm,continuous,standard,10,1,Baseline,Body continuity
catman_pilot_v1,P045,manipulation,C01,pc_info,7,human,retain,retain,affirm,continuous,standard,10,1,Baseline,Memory continuity
catman_pilot_v1,P045,manipulation,C01,pc_func,7,human,retain,retain,affirm,continuous,standard,10,1,Baseline,Functional continuity
catman_pilot_v1,P045,manipulation,C01,pc_self,7,human,retain,retain,affirm,continuous,standard,10,1,Baseline,Self-continuity
catman_pilot_v1,P045,manipulation,C01,pc_tran,7,human,retain,retain,affirm,continuous,standard,10,1,Baseline,Transition continuity
catman_pilot_v1,P047,manipulation,C01,pc_sub,7,human,retain,retain,affirm,continuous,standard,1,1,Baseline,Body continuity
catman_pilot_v1,P047,manipulation,C01,pc_info,7,human,retain,retain,affirm,continuous,standard,1,1,Baseline,Memory continuity
catman_pilot_v1,P047,manipulation,C01,pc_func,7,human,retain,retain,affirm,continuous,standard,1,1,Baseline,Functional continuity
catman_pilot_v1,P047,manipulation,C01,pc_self,4,human,retain,retain,affirm,continuous,standard,1,1,Baseline,Self-continuity
catman_pilot_v1,P047,manipulation,C01,pc_tran,2,human,retain,retain,affirm,continuous,standard,1,1,Baseline,Transition continuity
catman_pilot_v1,P047,manipulation,C07,pc_sub,1,cat,retain,retain,affirm,discontinuous,standard,2,1,Body + transition,Body continuity
catman_pilot_v1,P047,manipulation,C07,pc_info,7,cat,retain,retain,affirm,discontinuous,standard,2,1,Body + transition,Memory continuity
catman_pilot_v1,P047,manipulation,C07,pc_func,7,cat,retain,retain,affirm,discontinuous,standard,2,1,Body + transition,Functional continuity
catman_pilot_v1,P047,manipulation,C07,pc_self,5,cat,retain,retain,affirm,discontinuous,standard,2,1,Body + transition,Self-continuity
catman_pilot_v1,P047,manipulation,C07,pc_tran,7,cat,retain,retain,affirm,discontinuous,standard,2,1,Body + transition,Transition continuity
catman_pilot_v1,P047,manipulation,C07,k_copy,6,cat,retain,retain,affirm,discontinuous,standard,2,1,Body + transition,Copy-likeness
catman_pilot_v1,P047,manipulation,C07,k_term,6,cat,retain,retain,affirm,discontinuous,standard,2,1,Body + transition,Termination
catman_pilot_v1,P047,manipulation,C02,pc_sub,1,cat,retain,retain,affirm,continuous,standard,3,1,Body,Body continuity
catman_pilot_v1,P047,manipulation,C02,pc_info,7,cat,retain,retain,affirm,continuous,standard,3,1,Body,Memory continuity
catman_pilot_v1,P047,manipulation,C02,pc_func,6,cat,retain,retain,affirm,continuous,standard,3,1,Body,Functional continuity
catman_pilot_v1,P047,manipulation,C02,pc_self,5,cat,retain,retain,affirm,continuous,standard,3,1,Body,Self-continuity
catman_pilot_v1,P047,manipulation,C02,pc_tran,1,cat,retain,retain,affirm,continuous,standard,3,1,Body,Transition continuity
catman_pilot_v1,P047,manipulation,C05,pc_sub,7,human,retain,retain,uncertain,continuous,standard,4,1,Self-ID uncertain,Body continuity
catman_pilot_v1,P047,manipulation,C05,pc_info,7,human,retain,retain,uncertain,continuous,standard,4,1,Self-ID uncertain,Memory continuity
catman_pilot_v1,P047,manipulation,C05,pc_func,7,human,retain,retain,uncertain,continuous,standard,4,1,Self-ID uncertain,Functional continuity
catman_pilot_v1,P047,manipulation,C05,pc_self,2,human,retain,retain,uncertain,continuous,standard,4,1,Self-ID uncertain,Self-continuity
catman_pilot_v1,P047,manipulation,C05,pc_tran,1,human,retain,retain,uncertain,continuous,standard,4,1,Self-ID uncertain,Transition continuity
catman_pilot_v1,P047,manipulation,A09,pc_sub,7,human,retain,retain,deny,continuous,anchor,5,1,Self-denial anchor,Body continuity
catman_pilot_v1,P047,manipulation,A09,pc_info,7,human,retain,retain,deny,continuous,anchor,5,1,Self-denial anchor,Memory continuity
catman_pilot_v1,P047,manipulation,A09,pc_func,7,human,retain,retain,deny,continuous,anchor,5,1,Self-denial anchor,Functional continuity
catman_pilot_v1,P047,manipulation,A09,pc_self,1,human,retain,retain,deny,continuous,anchor,5,1,Self-denial anchor,Self-continuity
catman_pilot_v1,P047,manipulation,A09,pc_tran,1,human,retain,retain,deny,continuous,anchor,5,1,Self-denial anchor,Transition continuity
catman_pilot_v1,P047,manipulation,C03,pc_sub,7,human,lost,retain,affirm,continuous,standard,6,1,Memory,Body continuity
catman_pilot_v1,P047,manipulation,C03,pc_info,1,human,lost,retain,affirm,continuous,standard,6,1,Memory,Memory continuity
catman_pilot_v1,P047,manipulation,C03,pc_func,1,human,lost,retain,affirm,continuous,standard,6,1,Memory,Functional continuity
catman_pilot_v1,P047,manipulation,C03,pc_self,1,human,lost,retain,affirm,continuous,standard,6,1,Memory,Self-continuity
catman_pilot_v1,P047,manipulation,C03,pc_tran,1,human,lost,retain,affirm,continuous,standard,6,1,Memory,Transition continuity
catman_pilot_v1,P047,manipulation,A10,k_copy,6,cat,retain,retain,affirm,parallel,anchor,7,1,Parallel anchor,Copy-likeness
catman_pilot_v1,P047,manipulation,A10,k_term,2,cat,retain,retain,affirm,parallel,anchor,7,1,Parallel anchor,Termination
catman_pilot_v1,P047,manipulation,A10,k_coex,7,cat,retain,retain,affirm,parallel,anchor,7,1,Parallel anchor,Coexistence
catman_pilot_v1,P047,manipulation,A10,pc_sub,1,cat,retain,retain,affirm,parallel,anchor,7,1,Parallel anchor,Body continuity
catman_pilot_v1,P047,manipulation,A10,pc_info,7,cat,retain,retain,affirm,parallel,anchor,7,1,Parallel anchor,Memory continuity
catman_pilot_v1,P047,manipulation,A10,pc_func,6,cat,retain,retain,affirm,parallel,anchor,7,1,Parallel anchor,Functional continuity
catman_pilot_v1,P047,manipulation,A10,pc_self,4,cat,retain,retain,affirm,parallel,anchor,7,1,Parallel anchor,Self-continuity
catman_pilot_v1,P047,manipulation,A10,pc_tran,5,cat,retain,retain,affirm,parallel,anchor,7,1,Parallel anchor,Transition continuity
catman_pilot_v1,P047,manipulation,C08,pc_sub,7,human,lost,retain,affirm,discontinuous,standard,8,1,Memory + transition,Body continuity
catman_pilot_v1,P047,manipulation,C08,pc_info,1,human,lost,retain,affirm,discontinuous,standard,8,1,Memory + transition,Memory continuity
catman_pilot_v1,P047,manipulation,C08,pc_func,2,human,lost,retain,affirm,discontinuous,standard,8,1,Memory + transition,Functional continuity
catman_pilot_v1,P047,manipulation,C08,pc_self,5,human,lost,retain,affirm,discontinuous,standard,8,1,Memory + transition,Self-continuity
catman_pilot_v1,P047,manipulation,C08,pc_tran,7,human,lost,retain,affirm,discontinuous,standard,8,1,Memory + transition,Transition continuity
catman_pilot_v1,P047,manipulation,C08,k_copy,6,human,lost,retain,affirm,discontinuous,standard,8,1,Memory + transition,Copy-likeness
catman_pilot_v1,P047,manipulation,C08,k_term,3,human,lost,retain,affirm,discontinuous,standard,8,1,Memory + transition,Termination
catman_pilot_v1,P047,manipulation,C06,pc_sub,7,human,retain,retain,affirm,discontinuous,standard,9,1,Transition,Body continuity
catman_pilot_v1,P047,manipulation,C06,pc_info,7,human,retain,retain,affirm,discontinuous,standard,9,1,Transition,Memory continuity
catman_pilot_v1,P047,manipulation,C06,pc_func,7,human,retain,retain,affirm,discontinuous,standard,9,1,Transition,Functional continuity
catman_pilot_v1,P047,manipulation,C06,pc_self,7,human,retain,retain,affirm,discontinuous,standard,9,1,Transition,Self-continuity
catman_pilot_v1,P047,manipulation,C06,pc_tran,7,human,retain,retain,affirm,discontinuous,standard,9,1,Transition,Transition continuity
catman_pilot_v1,P047,manipulation,C06,k_copy,3,human,retain,retain,affirm,discontinuous,standard,9,1,Transition,Copy-likeness
catman_pilot_v1,P047,manipulation,C06,k_term,3,human,retain,retain,affirm,discontinuous,standard,9,1,Transition,Termination
catman_pilot_v1,P047,manipulation,C04,pc_sub,7,human,retain,limited,affirm,continuous,standard,10,1,Function,Body continuity
catman_pilot_v1,P047,manipulation,C04,pc_info,7,human,retain,limited,affirm,continuous,standard,10,1,Function,Memory continuity
catman_pilot_v1,P047,manipulation,C04,pc_func,7,human,retain,limited,affirm,continuous,standard,10,1,Function,Functional continuity
catman_pilot_v1,P047,manipulation,C04,pc_self,7,human,retain,limited,affirm,continuous,standard,10,1,Function,Self-continuity
catman_pilot_v1,P047,manipulation,C04,pc_tran,1,human,retain,limited,affirm,continuous,standard,10,1,Function,Transition continuity
catman_pilot_v1,P090,manipulation,C06,pc_sub,7,human,retain,retain,affirm,discontinuous,standard,1,1,Transition,Body continuity
catman_pilot_v1,P090,manipulation,C06,pc_info,7,human,retain,retain,affirm,discontinuous,standard,1,1,Transition,Memory continuity
catman_pilot_v1,P090,manipulation,C06,pc_func,7,human,retain,retain,affirm,discontinuous,standard,1,1,Transition,Functional continuity
catman_pilot_v1,P090,manipulation,C06,pc_self,7,human,retain,retain,affirm,discontinuous,standard,1,1,Transition,Self-continuity
catman_pilot_v1,P090,manipulation,C06,pc_tran,1,human,retain,retain,affirm,discontinuous,standard,1,1,Transition,Transition continuity
catman_pilot_v1,P090,manipulation,C06,k_copy,4,human,retain,retain,affirm,discontinuous,standard,1,1,Transition,Copy-likeness
catman_pilot_v1,P090,manipulation,C06,k_term,4,human,retain,retain,affirm,discontinuous,standard,1,1,Transition,Termination
catman_pilot_v1,P090,manipulation,C07,pc_sub,1,cat,retain,retain,affirm,discontinuous,standard,2,1,Body + transition,Body continuity
catman_pilot_v1,P090,manipulation,C07,pc_info,7,cat,retain,retain,affirm,discontinuous,standard,2,1,Body + transition,Memory continuity
catman_pilot_v1,P090,manipulation,C07,pc_func,5,cat,retain,retain,affirm,discontinuous,standard,2,1,Body + transition,Functional continuity
catman_pilot_v1,P090,manipulation,C07,pc_self,6,cat,retain,retain,affirm,discontinuous,standard,2,1,Body + transition,Self-continuity
catman_pilot_v1,P090,manipulation,C07,pc_tran,1,cat,retain,retain,affirm,discontinuous,standard,2,1,Body + transition,Transition continuity
catman_pilot_v1,P090,manipulation,C07,k_copy,4,cat,retain,retain,affirm,discontinuous,standard,2,1,Body + transition,Copy-likeness
catman_pilot_v1,P090,manipulation,C07,k_term,4,cat,retain,retain,affirm,discontinuous,standard,2,1,Body + transition,Termination
catman_pilot_v1,P090,manipulation,C03,pc_sub,7,human,lost,retain,affirm,continuous,standard,3,1,Memory,Body continuity
catman_pilot_v1,P090,manipulation,C03,pc_info,1,human,lost,retain,affirm,continuous,standard,3,1,Memory,Memory continuity
catman_pilot_v1,P090,manipulation,C03,pc_func,5,human,lost,retain,affirm,continuous,standard,3,1,Memory,Functional continuity
catman_pilot_v1,P090,manipulation,C03,pc_self,7,human,lost,retain,affirm,continuous,standard,3,1,Memory,Self-continuity
catman_pilot_v1,P090,manipulation,C03,pc_tran,7,human,lost,retain,affirm,continuous,standard,3,1,Memory,Transition continuity
catman_pilot_v1,P090,manipulation,C02,pc_sub,1,cat,retain,retain,affirm,continuous,standard,4,1,Body,Body continuity
catman_pilot_v1,P090,manipulation,C02,pc_info,7,cat,retain,retain,affirm,continuous,standard,4,1,Body,Memory continuity
catman_pilot_v1,P090,manipulation,C02,pc_func,5,cat,retain,retain,affirm,continuous,standard,4,1,Body,Functional continuity
catman_pilot_v1,P090,manipulation,C02,pc_self,6,cat,retain,retain,affirm,continuous,standard,4,1,Body,Self-continuity
catman_pilot_v1,P090,manipulation,C02,pc_tran,7,cat,retain,retain,affirm,continuous,standard,4,1,Body,Transition continuity
catman_pilot_v1,P090,manipulation,C05,pc_sub,7,human,retain,retain,uncertain,continuous,standard,5,1,Self-ID uncertain,Body continuity
catman_pilot_v1,P090,manipulation,C05,pc_info,7,human,retain,retain,uncertain,continuous,standard,5,1,Self-ID uncertain,Memory continuity
catman_pilot_v1,P090,manipulation,C05,pc_func,7,human,retain,retain,uncertain,continuous,standard,5,1,Self-ID uncertain,Functional continuity
catman_pilot_v1,P090,manipulation,C05,pc_self,2,human,retain,retain,uncertain,continuous,standard,5,1,Self-ID uncertain,Self-continuity
catman_pilot_v1,P090,manipulation,C05,pc_tran,7,human,retain,retain,uncertain,continuous,standard,5,1,Self-ID uncertain,Transition continuity
catman_pilot_v1,P090,manipulation,C04,pc_sub,7,human,retain,limited,affirm,continuous,standard,6,1,Function,Body continuity
catman_pilot_v1,P090,manipulation,C04,pc_info,7,human,retain,limited,affirm,continuous,standard,6,1,Function,Memory continuity
catman_pilot_v1,P090,manipulation,C04,pc_func,1,human,retain,limited,affirm,continuous,standard,6,1,Function,Functional continuity
catman_pilot_v1,P090,manipulation,C04,pc_self,7,human,retain,limited,affirm,continuous,standard,6,1,Function,Self-continuity
catman_pilot_v1,P090,manipulation,C04,pc_tran,7,human,retain,limited,affirm,continuous,standard,6,1,Function,Transition continuity
catman_pilot_v1,P090,manipulation,A09,pc_sub,7,human,retain,retain,deny,continuous,anchor,7,1,Self-denial anchor,Body continuity
catman_pilot_v1,P090,manipulation,A09,pc_info,7,human,retain,retain,deny,continuous,anchor,7,1,Self-denial anchor,Memory continuity
catman_pilot_v1,P090,manipulation,A09,pc_func,7,human,retain,retain,deny,continuous,anchor,7,1,Self-denial anchor,Functional continuity
catman_pilot_v1,P090,manipulation,A09,pc_self,1,human,retain,retain,deny,continuous,anchor,7,1,Self-denial anchor,Self-continuity
catman_pilot_v1,P090,manipulation,A09,pc_tran,7,human,retain,retain,deny,continuous,anchor,7,1,Self-denial anchor,Transition continuity
catman_pilot_v1,P090,manipulation,C08,pc_sub,7,human,lost,retain,affirm,discontinuous,standard,8,1,Memory + transition,Body continuity
catman_pilot_v1,P090,manipulation,C08,pc_info,1,human,lost,retain,affirm,discontinuous,standard,8,1,Memory + transition,Memory continuity
catman_pilot_v1,P090,manipulation,C08,pc_func,7,human,lost,retain,affirm,discontinuous,standard,8,1,Memory + transition,Functional continuity
catman_pilot_v1,P090,manipulation,C08,pc_self,7,human,lost,retain,affirm,discontinuous,standard,8,1,Memory + transition,Self-continuity
catman_pilot_v1,P090,manipulation,C08,pc_tran,1,human,lost,retain,affirm,discontinuous,standard,8,1,Memory + transition,Transition continuity
catman_pilot_v1,P090,manipulation,C08,k_copy,4,human,lost,retain,affirm,discontinuous,standard,8,1,Memory + transition,Copy-likeness
catman_pilot_v1,P090,manipulation,C08,k_term,4,human,lost,retain,affirm,discontinuous,standard,8,1,Memory + transition,Termination
catman_pilot_v1,P090,manipulation,A10,k_copy,1,cat,retain,retain,affirm,parallel,anchor,9,1,Parallel anchor,Copy-likeness
catman_pilot_v1,P090,manipulation,A10,k_term,1,cat,retain,retain,affirm,parallel,anchor,9,1,Parallel anchor,Termination
catman_pilot_v1,P090,manipulation,A10,k_coex,7,cat,retain,retain,affirm,parallel,anchor,9,1,Parallel anchor,Coexistence
catman_pilot_v1,P090,manipulation,A10,pc_sub,1,cat,retain,retain,affirm,parallel,anchor,9,1,Parallel anchor,Body continuity
catman_pilot_v1,P090,manipulation,A10,pc_info,7,cat,retain,retain,affirm,parallel,anchor,9,1,Parallel anchor,Memory continuity
catman_pilot_v1,P090,manipulation,A10,pc_func,5,cat,retain,retain,affirm,parallel,anchor,9,1,Parallel anchor,Functional continuity
catman_pilot_v1,P090,manipulation,A10,pc_self,7,cat,retain,retain,affirm,parallel,anchor,9,1,Parallel anchor,Self-continuity
catman_pilot_v1,P090,manipulation,A10,pc_tran,1,cat,retain,retain,affirm,parallel,anchor,9,1,Parallel anchor,Transition continuity
catman_pilot_v1,P090,manipulation,C01,pc_sub,7,human,retain,retain,affirm,continuous,standard,10,1,Baseline,Body continuity
catman_pilot_v1,P090,manipulation,C01,pc_info,7,human,retain,retain,affirm,continuous,standard,10,1,Baseline,Memory continuity
catman_pilot_v1,P090,manipulation,C01,pc_func,7,human,retain,retain,affirm,continuous,standard,10,1,Baseline,Functional continuity
catman_pilot_v1,P090,manipulation,C01,pc_self,7,human,retain,retain,affirm,continuous,standard,10,1,Baseline,Self-continuity
catman_pilot_v1,P090,manipulation,C01,pc_tran,7,human,retain,retain,affirm,continuous,standard,10,1,Baseline,Transition continuity
catman_pilot_v1,P077,manipulation,C03,pc_sub,1,human,lost,retain,affirm,continuous,standard,1,1,Memory,Body continuity
catman_pilot_v1,P077,manipulation,C03,pc_info,1,human,lost,retain,affirm,continuous,standard,1,1,Memory,Memory continuity
catman_pilot_v1,P077,manipulation,C03,pc_func,7,human,lost,retain,affirm,continuous,standard,1,1,Memory,Functional continuity
catman_pilot_v1,P077,manipulation,C03,pc_self,5,human,lost,retain,affirm,continuous,standard,1,1,Memory,Self-continuity
catman_pilot_v1,P077,manipulation,C03,pc_tran,7,human,lost,retain,affirm,continuous,standard,1,1,Memory,Transition continuity
catman_pilot_v1,P077,manipulation,C04,pc_sub,7,human,retain,limited,affirm,continuous,standard,2,1,Function,Body continuity
catman_pilot_v1,P077,manipulation,C04,pc_info,7,human,retain,limited,affirm,continuous,standard,2,1,Function,Memory continuity
catman_pilot_v1,P077,manipulation,C04,pc_func,1,human,retain,limited,affirm,continuous,standard,2,1,Function,Functional continuity
catman_pilot_v1,P077,manipulation,C04,pc_self,6,human,retain,limited,affirm,continuous,standard,2,1,Function,Self-continuity
catman_pilot_v1,P077,manipulation,C04,pc_tran,7,human,retain,limited,affirm,continuous,standard,2,1,Function,Transition continuity
catman_pilot_v1,P077,manipulation,C07,pc_sub,1,cat,retain,retain,affirm,discontinuous,standard,3,1,Body + transition,Body continuity
catman_pilot_v1,P077,manipulation,C07,pc_info,7,cat,retain,retain,affirm,discontinuous,standard,3,1,Body + transition,Memory continuity
catman_pilot_v1,P077,manipulation,C07,pc_func,7,cat,retain,retain,affirm,discontinuous,standard,3,1,Body + transition,Functional continuity
catman_pilot_v1,P077,manipulation,C07,pc_self,5,cat,retain,retain,affirm,discontinuous,standard,3,1,Body + transition,Self-continuity
catman_pilot_v1,P077,manipulation,C07,pc_tran,1,cat,retain,retain,affirm,discontinuous,standard,3,1,Body + transition,Transition continuity
catman_pilot_v1,P077,manipulation,C07,k_copy,5,cat,retain,retain,affirm,discontinuous,standard,3,1,Body + transition,Copy-likeness
catman_pilot_v1,P077,manipulation,C07,k_term,5,cat,retain,retain,affirm,discontinuous,standard,3,1,Body + transition,Termination
catman_pilot_v1,P077,manipulation,C06,pc_sub,7,human,retain,retain,affirm,discontinuous,standard,4,1,Transition,Body continuity
catman_pilot_v1,P077,manipulation,C06,pc_info,7,human,retain,retain,affirm,discontinuous,standard,4,1,Transition,Memory continuity
catman_pilot_v1,P077,manipulation,C06,pc_func,7,human,retain,retain,affirm,discontinuous,standard,4,1,Transition,Functional continuity
catman_pilot_v1,P077,manipulation,C06,pc_self,7,human,retain,retain,affirm,discontinuous,standard,4,1,Transition,Self-continuity
catman_pilot_v1,P077,manipulation,C06,pc_tran,1,human,retain,retain,affirm,discontinuous,standard,4,1,Transition,Transition continuity
catman_pilot_v1,P077,manipulation,C06,k_copy,4,human,retain,retain,affirm,discontinuous,standard,4,1,Transition,Copy-likeness
catman_pilot_v1,P077,manipulation,C06,k_term,5,human,retain,retain,affirm,discontinuous,standard,4,1,Transition,Termination
catman_pilot_v1,P077,manipulation,C01,pc_sub,7,human,retain,retain,affirm,continuous,standard,5,1,Baseline,Body continuity
catman_pilot_v1,P077,manipulation,C01,pc_info,7,human,retain,retain,affirm,continuous,standard,5,1,Baseline,Memory continuity
catman_pilot_v1,P077,manipulation,C01,pc_func,7,human,retain,retain,affirm,continuous,standard,5,1,Baseline,Functional continuity
catman_pilot_v1,P077,manipulation,C01,pc_self,7,human,retain,retain,affirm,continuous,standard,5,1,Baseline,Self-continuity
catman_pilot_v1,P077,manipulation,C01,pc_tran,7,human,retain,retain,affirm,continuous,standard,5,1,Baseline,Transition continuity
catman_pilot_v1,P077,manipulation,A10,k_copy,5,cat,retain,retain,affirm,parallel,anchor,6,1,Parallel anchor,Copy-likeness
catman_pilot_v1,P077,manipulation,A10,k_term,5,cat,retain,retain,affirm,parallel,anchor,6,1,Parallel anchor,Termination
catman_pilot_v1,P077,manipulation,A10,k_coex,6,cat,retain,retain,affirm,parallel,anchor,6,1,Parallel anchor,Coexistence
catman_pilot_v1,P077,manipulation,A10,pc_sub,7,cat,retain,retain,affirm,parallel,anchor,6,1,Parallel anchor,Body continuity
catman_pilot_v1,P077,manipulation,A10,pc_info,7,cat,retain,retain,affirm,parallel,anchor,6,1,Parallel anchor,Memory continuity
catman_pilot_v1,P077,manipulation,A10,pc_func,7,cat,retain,retain,affirm,parallel,anchor,6,1,Parallel anchor,Functional continuity
catman_pilot_v1,P077,manipulation,A10,pc_self,7,cat,retain,retain,affirm,parallel,anchor,6,1,Parallel anchor,Self-continuity
catman_pilot_v1,P077,manipulation,A10,pc_tran,5,cat,retain,retain,affirm,parallel,anchor,6,1,Parallel anchor,Transition continuity
catman_pilot_v1,P077,manipulation,A09,pc_sub,7,human,retain,retain,deny,continuous,anchor,7,1,Self-denial anchor,Body continuity
catman_pilot_v1,P077,manipulation,A09,pc_info,7,human,retain,retain,deny,continuous,anchor,7,1,Self-denial anchor,Memory continuity
catman_pilot_v1,P077,manipulation,A09,pc_func,7,human,retain,retain,deny,continuous,anchor,7,1,Self-denial anchor,Functional continuity
catman_pilot_v1,P077,manipulation,A09,pc_self,6,human,retain,retain,deny,continuous,anchor,7,1,Self-denial anchor,Self-continuity
catman_pilot_v1,P077,manipulation,A09,pc_tran,5,human,retain,retain,deny,continuous,anchor,7,1,Self-denial anchor,Transition continuity
catman_pilot_v1,P077,manipulation,C08,pc_sub,7,human,lost,retain,affirm,discontinuous,standard,8,1,Memory + transition,Body continuity
catman_pilot_v1,P077,manipulation,C08,pc_info,1,human,lost,retain,affirm,discontinuous,standard,8,1,Memory + transition,Memory continuity
catman_pilot_v1,P077,manipulation,C08,pc_func,7,human,lost,retain,affirm,discontinuous,standard,8,1,Memory + transition,Functional continuity
catman_pilot_v1,P077,manipulation,C08,pc_self,4,human,lost,retain,affirm,discontinuous,standard,8,1,Memory + transition,Self-continuity
catman_pilot_v1,P077,manipulation,C08,pc_tran,1,human,lost,retain,affirm,discontinuous,standard,8,1,Memory + transition,Transition continuity
catman_pilot_v1,P077,manipulation,C08,k_copy,3,human,lost,retain,affirm,discontinuous,standard,8,1,Memory + transition,Copy-likeness
catman_pilot_v1,P077,manipulation,C08,k_term,6,human,lost,retain,affirm,discontinuous,standard,8,1,Memory + transition,Termination
catman_pilot_v1,P077,manipulation,C05,pc_sub,7,human,retain,retain,uncertain,continuous,standard,9,1,Self-ID uncertain,Body continuity
catman_pilot_v1,P077,manipulation,C05,pc_info,7,human,retain,retain,uncertain,continuous,standard,9,1,Self-ID uncertain,Memory continuity
catman_pilot_v1,P077,manipulation,C05,pc_func,7,human,retain,retain,uncertain,continuous,standard,9,1,Self-ID uncertain,Functional continuity
catman_pilot_v1,P077,manipulation,C05,pc_self,1,human,retain,retain,uncertain,continuous,standard,9,1,Self-ID uncertain,Self-continuity
catman_pilot_v1,P077,manipulation,C05,pc_tran,7,human,retain,retain,uncertain,continuous,standard,9,1,Self-ID uncertain,Transition continuity
catman_pilot_v1,P077,manipulation,C02,pc_sub,1,cat,retain,retain,affirm,continuous,standard,10,1,Body,Body continuity
catman_pilot_v1,P077,manipulation,C02,pc_info,7,cat,retain,retain,affirm,continuous,standard,10,1,Body,Memory continuity
catman_pilot_v1,P077,manipulation,C02,pc_func,7,cat,retain,retain,affirm,continuous,standard,10,1,Body,Functional continuity
catman_pilot_v1,P077,manipulation,C02,pc_self,3,cat,retain,retain,affirm,continuous,standard,10,1,Body,Self-continuity
catman_pilot_v1,P077,manipulation,C02,pc_tran,7,cat,retain,retain,affirm,continuous,standard,10,1,Body,Transition continuity
catman_pilot_v1,P044,manipulation,C02,pc_sub,1,cat,retain,retain,affirm,continuous,standard,1,1,Body,Body continuity
catman_pilot_v1,P044,manipulation,C02,pc_info,6,cat,retain,retain,affirm,continuous,standard,1,1,Body,Memory continuity
catman_pilot_v1,P044,manipulation,C02,pc_func,6,cat,retain,retain,affirm,continuous,standard,1,1,Body,Functional continuity
catman_pilot_v1,P044,manipulation,C02,pc_self,6,cat,retain,retain,affirm,continuous,standard,1,1,Body,Self-continuity
catman_pilot_v1,P044,manipulation,C02,pc_tran,5,cat,retain,retain,affirm,continuous,standard,1,1,Body,Transition continuity
catman_pilot_v1,P044,manipulation,C04,pc_sub,7,human,retain,limited,affirm,continuous,standard,2,1,Function,Body continuity
catman_pilot_v1,P044,manipulation,C04,pc_info,7,human,retain,limited,affirm,continuous,standard,2,1,Function,Memory continuity
catman_pilot_v1,P044,manipulation,C04,pc_func,2,human,retain,limited,affirm,continuous,standard,2,1,Function,Functional continuity
catman_pilot_v1,P044,manipulation,C04,pc_self,4,human,retain,limited,affirm,continuous,standard,2,1,Function,Self-continuity
catman_pilot_v1,P044,manipulation,C04,pc_tran,4,human,retain,limited,affirm,continuous,standard,2,1,Function,Transition continuity
catman_pilot_v1,P044,manipulation,C06,pc_sub,7,human,retain,retain,affirm,discontinuous,standard,3,1,Transition,Body continuity
catman_pilot_v1,P044,manipulation,C06,pc_info,7,human,retain,retain,affirm,discontinuous,standard,3,1,Transition,Memory continuity
catman_pilot_v1,P044,manipulation,C06,pc_func,7,human,retain,retain,affirm,discontinuous,standard,3,1,Transition,Functional continuity
catman_pilot_v1,P044,manipulation,C06,pc_self,3,human,retain,retain,affirm,discontinuous,standard,3,1,Transition,Self-continuity
catman_pilot_v1,P044,manipulation,C06,pc_tran,3,human,retain,retain,affirm,discontinuous,standard,3,1,Transition,Transition continuity
catman_pilot_v1,P044,manipulation,C06,k_copy,6,human,retain,retain,affirm,discontinuous,standard,3,1,Transition,Copy-likeness
catman_pilot_v1,P044,manipulation,C06,k_term,6,human,retain,retain,affirm,discontinuous,standard,3,1,Transition,Termination
catman_pilot_v1,P044,manipulation,C07,pc_sub,1,cat,retain,retain,affirm,discontinuous,standard,4,1,Body + transition,Body continuity
catman_pilot_v1,P044,manipulation,C07,pc_info,7,cat,retain,retain,affirm,discontinuous,standard,4,1,Body + transition,Memory continuity
catman_pilot_v1,P044,manipulation,C07,pc_func,7,cat,retain,retain,affirm,discontinuous,standard,4,1,Body + transition,Functional continuity
catman_pilot_v1,P044,manipulation,C07,pc_self,2,cat,retain,retain,affirm,discontinuous,standard,4,1,Body + transition,Self-continuity
catman_pilot_v1,P044,manipulation,C07,pc_tran,2,cat,retain,retain,affirm,discontinuous,standard,4,1,Body + transition,Transition continuity
catman_pilot_v1,P044,manipulation,C07,k_copy,6,cat,retain,retain,affirm,discontinuous,standard,4,1,Body + transition,Copy-likeness
catman_pilot_v1,P044,manipulation,C07,k_term,6,cat,retain,retain,affirm,discontinuous,standard,4,1,Body + transition,Termination
catman_pilot_v1,P044,manipulation,A10,k_copy,6,cat,retain,retain,affirm,parallel,anchor,5,1,Parallel anchor,Copy-likeness
catman_pilot_v1,P044,manipulation,A10,k_term,2,cat,retain,retain,affirm,parallel,anchor,5,1,Parallel anchor,Termination
catman_pilot_v1,P044,manipulation,A10,k_coex,6,cat,retain,retain,affirm,parallel,anchor,5,1,Parallel anchor,Coexistence
catman_pilot_v1,P044,manipulation,A10,pc_sub,4,cat,retain,retain,affirm,parallel,anchor,5,1,Parallel anchor,Body continuity
catman_pilot_v1,P044,manipulation,A10,pc_info,7,cat,retain,retain,affirm,parallel,anchor,5,1,Parallel anchor,Memory continuity
catman_pilot_v1,P044,manipulation,A10,pc_func,7,cat,retain,retain,affirm,parallel,anchor,5,1,Parallel anchor,Functional continuity
catman_pilot_v1,P044,manipulation,A10,pc_self,2,cat,retain,retain,affirm,parallel,anchor,5,1,Parallel anchor,Self-continuity
catman_pilot_v1,P044,manipulation,A10,pc_tran,4,cat,retain,retain,affirm,parallel,anchor,5,1,Parallel anchor,Transition continuity
catman_pilot_v1,P044,manipulation,A09,pc_sub,7,human,retain,retain,deny,continuous,anchor,6,1,Self-denial anchor,Body continuity
catman_pilot_v1,P044,manipulation,A09,pc_info,3,human,retain,retain,deny,continuous,anchor,6,1,Self-denial anchor,Memory continuity
catman_pilot_v1,P044,manipulation,A09,pc_func,3,human,retain,retain,deny,continuous,anchor,6,1,Self-denial anchor,Functional continuity
catman_pilot_v1,P044,manipulation,A09,pc_self,3,human,retain,retain,deny,continuous,anchor,6,1,Self-denial anchor,Self-continuity
catman_pilot_v1,P044,manipulation,A09,pc_tran,3,human,retain,retain,deny,continuous,anchor,6,1,Self-denial anchor,Transition continuity
catman_pilot_v1,P044,manipulation,C03,pc_sub,7,human,lost,retain,affirm,continuous,standard,7,1,Memory,Body continuity
catman_pilot_v1,P044,manipulation,C03,pc_info,1,human,lost,retain,affirm,continuous,standard,7,1,Memory,Memory continuity
catman_pilot_v1,P044,manipulation,C03,pc_func,6,human,lost,retain,affirm,continuous,standard,7,1,Memory,Functional continuity
catman_pilot_v1,P044,manipulation,C03,pc_self,3,human,lost,retain,affirm,continuous,standard,7,1,Memory,Self-continuity
catman_pilot_v1,P044,manipulation,C03,pc_tran,3,human,lost,retain,affirm,continuous,standard,7,1,Memory,Transition continuity
catman_pilot_v1,P044,manipulation,C01,pc_sub,7,human,retain,retain,affirm,continuous,standard,8,1,Baseline,Body continuity
catman_pilot_v1,P044,manipulation,C01,pc_info,7,human,retain,retain,affirm,continuous,standard,8,1,Baseline,Memory continuity
catman_pilot_v1,P044,manipulation,C01,pc_func,7,human,retain,retain,affirm,continuous,standard,8,1,Baseline,Functional continuity
catman_pilot_v1,P044,manipulation,C01,pc_self,6,human,retain,retain,affirm,continuous,standard,8,1,Baseline,Self-continuity
catman_pilot_v1,P044,manipulation,C01,pc_tran,6,human,retain,retain,affirm,continuous,standard,8,1,Baseline,Transition continuity
catman_pilot_v1,P044,manipulation,C08,pc_sub,7,human,lost,retain,affirm,discontinuous,standard,9,1,Memory + transition,Body continuity
catman_pilot_v1,P044,manipulation,C08,pc_info,1,human,lost,retain,affirm,discontinuous,standard,9,1,Memory + transition,Memory continuity
catman_pilot_v1,P044,manipulation,C08,pc_func,6,human,lost,retain,affirm,discontinuous,standard,9,1,Memory + transition,Functional continuity
catman_pilot_v1,P044,manipulation,C08,pc_self,3,human,lost,retain,affirm,discontinuous,standard,9,1,Memory + transition,Self-continuity
catman_pilot_v1,P044,manipulation,C08,pc_tran,3,human,lost,retain,affirm,discontinuous,standard,9,1,Memory + transition,Transition continuity
catman_pilot_v1,P044,manipulation,C08,k_copy,5,human,lost,retain,affirm,discontinuous,standard,9,1,Memory + transition,Copy-likeness
catman_pilot_v1,P044,manipulation,C08,k_term,3,human,lost,retain,affirm,discontinuous,standard,9,1,Memory + transition,Termination
catman_pilot_v1,P044,manipulation,C05,pc_sub,7,human,retain,retain,uncertain,continuous,standard,10,1,Self-ID uncertain,Body continuity
catman_pilot_v1,P044,manipulation,C05,pc_info,6,human,retain,retain,uncertain,continuous,standard,10,1,Self-ID uncertain,Memory continuity
catman_pilot_v1,P044,manipulation,C05,pc_func,6,human,retain,retain,uncertain,continuous,standard,10,1,Self-ID uncertain,Functional continuity
catman_pilot_v1,P044,manipulation,C05,pc_self,5,human,retain,retain,uncertain,continuous,standard,10,1,Self-ID uncertain,Self-continuity
catman_pilot_v1,P044,manipulation,C05,pc_tran,5,human,retain,retain,uncertain,continuous,standard,10,1,Self-ID uncertain,Transition continuity
catman_pilot_v1,P021,manipulation,C04,pc_sub,7,human,retain,limited,affirm,continuous,standard,1,1,Function,Body continuity
catman_pilot_v1,P021,manipulation,C04,pc_info,7,human,retain,limited,affirm,continuous,standard,1,1,Function,Memory continuity
catman_pilot_v1,P021,manipulation,C04,pc_func,2,human,retain,limited,affirm,continuous,standard,1,1,Function,Functional continuity
catman_pilot_v1,P021,manipulation,C04,pc_self,5,human,retain,limited,affirm,continuous,standard,1,1,Function,Self-continuity
catman_pilot_v1,P021,manipulation,C04,pc_tran,7,human,retain,limited,affirm,continuous,standard,1,1,Function,Transition continuity
catman_pilot_v1,P021,manipulation,C07,pc_sub,1,cat,retain,retain,affirm,discontinuous,standard,2,1,Body + transition,Body continuity
catman_pilot_v1,P021,manipulation,C07,pc_info,7,cat,retain,retain,affirm,discontinuous,standard,2,1,Body + transition,Memory continuity
catman_pilot_v1,P021,manipulation,C07,pc_func,7,cat,retain,retain,affirm,discontinuous,standard,2,1,Body + transition,Functional continuity
catman_pilot_v1,P021,manipulation,C07,pc_self,4,cat,retain,retain,affirm,discontinuous,standard,2,1,Body + transition,Self-continuity
catman_pilot_v1,P021,manipulation,C07,pc_tran,1,cat,retain,retain,affirm,discontinuous,standard,2,1,Body + transition,Transition continuity
catman_pilot_v1,P021,manipulation,C07,k_copy,3,cat,retain,retain,affirm,discontinuous,standard,2,1,Body + transition,Copy-likeness
catman_pilot_v1,P021,manipulation,C07,k_term,4,cat,retain,retain,affirm,discontinuous,standard,2,1,Body + transition,Termination
catman_pilot_v1,P021,manipulation,C05,pc_sub,7,human,retain,retain,uncertain,continuous,standard,3,1,Self-ID uncertain,Body continuity
catman_pilot_v1,P021,manipulation,C05,pc_info,7,human,retain,retain,uncertain,continuous,standard,3,1,Self-ID uncertain,Memory continuity
catman_pilot_v1,P021,manipulation,C05,pc_func,7,human,retain,retain,uncertain,continuous,standard,3,1,Self-ID uncertain,Functional continuity
catman_pilot_v1,P021,manipulation,C05,pc_self,3,human,retain,retain,uncertain,continuous,standard,3,1,Self-ID uncertain,Self-continuity
catman_pilot_v1,P021,manipulation,C05,pc_tran,7,human,retain,retain,uncertain,continuous,standard,3,1,Self-ID uncertain,Transition continuity
catman_pilot_v1,P021,manipulation,C01,pc_sub,7,human,retain,retain,affirm,continuous,standard,4,1,Baseline,Body continuity
catman_pilot_v1,P021,manipulation,C01,pc_info,7,human,retain,retain,affirm,continuous,standard,4,1,Baseline,Memory continuity
catman_pilot_v1,P021,manipulation,C01,pc_func,7,human,retain,retain,affirm,continuous,standard,4,1,Baseline,Functional continuity
catman_pilot_v1,P021,manipulation,C01,pc_self,6,human,retain,retain,affirm,continuous,standard,4,1,Baseline,Self-continuity
catman_pilot_v1,P021,manipulation,C01,pc_tran,7,human,retain,retain,affirm,continuous,standard,4,1,Baseline,Transition continuity
catman_pilot_v1,P021,manipulation,C02,pc_sub,1,cat,retain,retain,affirm,continuous,standard,5,1,Body,Body continuity
catman_pilot_v1,P021,manipulation,C02,pc_info,7,cat,retain,retain,affirm,continuous,standard,5,1,Body,Memory continuity
catman_pilot_v1,P021,manipulation,C02,pc_func,7,cat,retain,retain,affirm,continuous,standard,5,1,Body,Functional continuity
catman_pilot_v1,P021,manipulation,C02,pc_self,5,cat,retain,retain,affirm,continuous,standard,5,1,Body,Self-continuity
catman_pilot_v1,P021,manipulation,C02,pc_tran,7,cat,retain,retain,affirm,continuous,standard,5,1,Body,Transition continuity
catman_pilot_v1,P021,manipulation,C08,pc_sub,7,human,lost,retain,affirm,discontinuous,standard,6,1,Memory + transition,Body continuity
catman_pilot_v1,P021,manipulation,C08,pc_info,1,human,lost,retain,affirm,discontinuous,standard,6,1,Memory + transition,Memory continuity
catman_pilot_v1,P021,manipulation,C08,pc_func,1,human,lost,retain,affirm,discontinuous,standard,6,1,Memory + transition,Functional continuity
catman_pilot_v1,P021,manipulation,C08,pc_self,2,human,lost,retain,affirm,discontinuous,standard,6,1,Memory + transition,Self-continuity
catman_pilot_v1,P021,manipulation,C08,pc_tran,1,human,lost,retain,affirm,discontinuous,standard,6,1,Memory + transition,Transition continuity
catman_pilot_v1,P021,manipulation,C08,k_copy,3,human,lost,retain,affirm,discontinuous,standard,6,1,Memory + transition,Copy-likeness
catman_pilot_v1,P021,manipulation,C08,k_term,4,human,lost,retain,affirm,discontinuous,standard,6,1,Memory + transition,Termination
catman_pilot_v1,P021,manipulation,C06,pc_sub,7,human,retain,retain,affirm,discontinuous,standard,7,1,Transition,Body continuity
catman_pilot_v1,P021,manipulation,C06,pc_info,7,human,retain,retain,affirm,discontinuous,standard,7,1,Transition,Memory continuity
catman_pilot_v1,P021,manipulation,C06,pc_func,7,human,retain,retain,affirm,discontinuous,standard,7,1,Transition,Functional continuity
catman_pilot_v1,P021,manipulation,C06,pc_self,5,human,retain,retain,affirm,discontinuous,standard,7,1,Transition,Self-continuity
catman_pilot_v1,P021,manipulation,C06,pc_tran,1,human,retain,retain,affirm,discontinuous,standard,7,1,Transition,Transition continuity
catman_pilot_v1,P021,manipulation,C06,k_copy,3,human,retain,retain,affirm,discontinuous,standard,7,1,Transition,Copy-likeness
catman_pilot_v1,P021,manipulation,C06,k_term,4,human,retain,retain,affirm,discontinuous,standard,7,1,Transition,Termination
catman_pilot_v1,P021,manipulation,C03,pc_sub,7,human,lost,retain,affirm,continuous,standard,8,1,Memory,Body continuity
catman_pilot_v1,P021,manipulation,C03,pc_info,1,human,lost,retain,affirm,continuous,standard,8,1,Memory,Memory continuity
catman_pilot_v1,P021,manipulation,C03,pc_func,7,human,lost,retain,affirm,continuous,standard,8,1,Memory,Functional continuity
catman_pilot_v1,P021,manipulation,C03,pc_self,3,human,lost,retain,affirm,continuous,standard,8,1,Memory,Self-continuity
catman_pilot_v1,P021,manipulation,C03,pc_tran,7,human,lost,retain,affirm,continuous,standard,8,1,Memory,Transition continuity
catman_pilot_v1,P021,manipulation,A09,pc_sub,7,human,retain,retain,deny,continuous,anchor,9,1,Self-denial anchor,Body continuity
catman_pilot_v1,P021,manipulation,A09,pc_info,7,human,retain,retain,deny,continuous,anchor,9,1,Self-denial anchor,Memory continuity
catman_pilot_v1,P021,manipulation,A09,pc_func,7,human,retain,retain,deny,continuous,anchor,9,1,Self-denial anchor,Functional continuity
catman_pilot_v1,P021,manipulation,A09,pc_self,2,human,retain,retain,deny,continuous,anchor,9,1,Self-denial anchor,Self-continuity
catman_pilot_v1,P021,manipulation,A09,pc_tran,7,human,retain,retain,deny,continuous,anchor,9,1,Self-denial anchor,Transition continuity
catman_pilot_v1,P021,manipulation,A10,k_copy,3,cat,retain,retain,affirm,parallel,anchor,10,1,Parallel anchor,Copy-likeness
catman_pilot_v1,P021,manipulation,A10,k_term,1,cat,retain,retain,affirm,parallel,anchor,10,1,Parallel anchor,Termination
catman_pilot_v1,P021,manipulation,A10,k_coex,7,cat,retain,retain,affirm,parallel,anchor,10,1,Parallel anchor,Coexistence
catman_pilot_v1,P021,manipulation,A10,pc_sub,7,cat,retain,retain,affirm,parallel,anchor,10,1,Parallel anchor,Body continuity
catman_pilot_v1,P021,manipulation,A10,pc_info,7,cat,retain,retain,affirm,parallel,anchor,10,1,Parallel anchor,Memory continuity
catman_pilot_v1,P021,manipulation,A10,pc_func,7,cat,retain,retain,affirm,parallel,anchor,10,1,Parallel anchor,Functional continuity
catman_pilot_v1,P021,manipulation,A10,pc_self,7,cat,retain,retain,affirm,parallel,anchor,10,1,Parallel anchor,Self-continuity
catman_pilot_v1,P021,manipulation,A10,pc_tran,7,cat,retain,retain,affirm,parallel,anchor,10,1,Parallel anchor,Transition continuity
catman_pilot_v1,P031,manipulation,C04,pc_sub,7,human,retain,limited,affirm,continuous,standard,1,1,Function,Body continuity
catman_pilot_v1,P031,manipulation,C04,pc_info,7,human,retain,limited,affirm,continuous,standard,1,1,Function,Memory continuity
catman_pilot_v1,P031,manipulation,C04,pc_func,1,human,retain,limited,affirm,continuous,standard,1,1,Function,Functional continuity
catman_pilot_v1,P031,manipulation,C04,pc_self,4,human,retain,limited,affirm,continuous,standard,1,1,Function,Self-continuity
catman_pilot_v1,P031,manipulation,C04,pc_tran,6,human,retain,limited,affirm,continuous,standard,1,1,Function,Transition continuity
catman_pilot_v1,P031,manipulation,C02,pc_sub,1,cat,retain,retain,affirm,continuous,standard,2,1,Body,Body continuity
catman_pilot_v1,P031,manipulation,C02,pc_info,7,cat,retain,retain,affirm,continuous,standard,2,1,Body,Memory continuity
catman_pilot_v1,P031,manipulation,C02,pc_func,6,cat,retain,retain,affirm,continuous,standard,2,1,Body,Functional continuity
catman_pilot_v1,P031,manipulation,C02,pc_self,1,cat,retain,retain,affirm,continuous,standard,2,1,Body,Self-continuity
catman_pilot_v1,P031,manipulation,C02,pc_tran,3,cat,retain,retain,affirm,continuous,standard,2,1,Body,Transition continuity
catman_pilot_v1,P031,manipulation,C05,pc_sub,7,human,retain,retain,uncertain,continuous,standard,3,1,Self-ID uncertain,Body continuity
catman_pilot_v1,P031,manipulation,C05,pc_info,7,human,retain,retain,uncertain,continuous,standard,3,1,Self-ID uncertain,Memory continuity
catman_pilot_v1,P031,manipulation,C05,pc_func,7,human,retain,retain,uncertain,continuous,standard,3,1,Self-ID uncertain,Functional continuity
catman_pilot_v1,P031,manipulation,C05,pc_self,2,human,retain,retain,uncertain,continuous,standard,3,1,Self-ID uncertain,Self-continuity
catman_pilot_v1,P031,manipulation,C05,pc_tran,5,human,retain,retain,uncertain,continuous,standard,3,1,Self-ID uncertain,Transition continuity
catman_pilot_v1,P031,manipulation,C03,pc_sub,7,human,lost,retain,affirm,continuous,standard,4,1,Memory,Body continuity
catman_pilot_v1,P031,manipulation,C03,pc_info,1,human,lost,retain,affirm,continuous,standard,4,1,Memory,Memory continuity
catman_pilot_v1,P031,manipulation,C03,pc_func,7,human,lost,retain,affirm,continuous,standard,4,1,Memory,Functional continuity
catman_pilot_v1,P031,manipulation,C03,pc_self,5,human,lost,retain,affirm,continuous,standard,4,1,Memory,Self-continuity
catman_pilot_v1,P031,manipulation,C03,pc_tran,7,human,lost,retain,affirm,continuous,standard,4,1,Memory,Transition continuity
catman_pilot_v1,P031,manipulation,C08,pc_sub,7,human,lost,retain,affirm,discontinuous,standard,5,1,Memory + transition,Body continuity
catman_pilot_v1,P031,manipulation,C08,pc_info,1,human,lost,retain,affirm,discontinuous,standard,5,1,Memory + transition,Memory continuity
catman_pilot_v1,P031,manipulation,C08,pc_func,7,human,lost,retain,affirm,discontinuous,standard,5,1,Memory + transition,Functional continuity
catman_pilot_v1,P031,manipulation,C08,pc_self,7,human,lost,retain,affirm,discontinuous,standard,5,1,Memory + transition,Self-continuity
catman_pilot_v1,P031,manipulation,C08,pc_tran,1,human,lost,retain,affirm,discontinuous,standard,5,1,Memory + transition,Transition continuity
catman_pilot_v1,P031,manipulation,C08,k_copy,7,human,lost,retain,affirm,discontinuous,standard,5,1,Memory + transition,Copy-likeness
catman_pilot_v1,P031,manipulation,C08,k_term,7,human,lost,retain,affirm,discontinuous,standard,5,1,Memory + transition,Termination
catman_pilot_v1,P031,manipulation,C01,pc_sub,7,human,retain,retain,affirm,continuous,standard,6,1,Baseline,Body continuity
catman_pilot_v1,P031,manipulation,C01,pc_info,7,human,retain,retain,affirm,continuous,standard,6,1,Baseline,Memory continuity
catman_pilot_v1,P031,manipulation,C01,pc_func,7,human,retain,retain,affirm,continuous,standard,6,1,Baseline,Functional continuity
catman_pilot_v1,P031,manipulation,C01,pc_self,5,human,retain,retain,affirm,continuous,standard,6,1,Baseline,Self-continuity
catman_pilot_v1,P031,manipulation,C01,pc_tran,7,human,retain,retain,affirm,continuous,standard,6,1,Baseline,Transition continuity
catman_pilot_v1,P031,manipulation,C07,pc_sub,1,cat,retain,retain,affirm,discontinuous,standard,7,1,Body + transition,Body continuity
catman_pilot_v1,P031,manipulation,C07,pc_info,7,cat,retain,retain,affirm,discontinuous,standard,7,1,Body + transition,Memory continuity
catman_pilot_v1,P031,manipulation,C07,pc_func,6,cat,retain,retain,affirm,discontinuous,standard,7,1,Body + transition,Functional continuity
catman_pilot_v1,P031,manipulation,C07,pc_self,4,cat,retain,retain,affirm,discontinuous,standard,7,1,Body + transition,Self-continuity
catman_pilot_v1,P031,manipulation,C07,pc_tran,1,cat,retain,retain,affirm,discontinuous,standard,7,1,Body + transition,Transition continuity
catman_pilot_v1,P031,manipulation,C07,k_copy,6,cat,retain,retain,affirm,discontinuous,standard,7,1,Body + transition,Copy-likeness
catman_pilot_v1,P031,manipulation,C07,k_term,6,cat,retain,retain,affirm,discontinuous,standard,7,1,Body + transition,Termination
catman_pilot_v1,P031,manipulation,C06,pc_sub,7,human,retain,retain,affirm,discontinuous,standard,8,1,Transition,Body continuity
catman_pilot_v1,P031,manipulation,C06,pc_info,7,human,retain,retain,affirm,discontinuous,standard,8,1,Transition,Memory continuity
catman_pilot_v1,P031,manipulation,C06,pc_func,7,human,retain,retain,affirm,discontinuous,standard,8,1,Transition,Functional continuity
catman_pilot_v1,P031,manipulation,C06,pc_self,7,human,retain,retain,affirm,discontinuous,standard,8,1,Transition,Self-continuity
catman_pilot_v1,P031,manipulation,C06,pc_tran,1,human,retain,retain,affirm,discontinuous,standard,8,1,Transition,Transition continuity
catman_pilot_v1,P031,manipulation,C06,k_copy,6,human,retain,retain,affirm,discontinuous,standard,8,1,Transition,Copy-likeness
catman_pilot_v1,P031,manipulation,C06,k_term,2,human,retain,retain,affirm,discontinuous,standard,8,1,Transition,Termination
catman_pilot_v1,P031,manipulation,A10,k_copy,7,cat,retain,retain,affirm,parallel,anchor,9,1,Parallel anchor,Copy-likeness
catman_pilot_v1,P031,manipulation,A10,k_term,1,cat,retain,retain,affirm,parallel,anchor,9,1,Parallel anchor,Termination
catman_pilot_v1,P031,manipulation,A10,k_coex,7,cat,retain,retain,affirm,parallel,anchor,9,1,Parallel anchor,Coexistence
catman_pilot_v1,P031,manipulation,A10,pc_sub,1,cat,retain,retain,affirm,parallel,anchor,9,1,Parallel anchor,Body continuity
catman_pilot_v1,P031,manipulation,A10,pc_info,7,cat,retain,retain,affirm,parallel,anchor,9,1,Parallel anchor,Memory continuity
catman_pilot_v1,P031,manipulation,A10,pc_func,7,cat,retain,retain,affirm,parallel,anchor,9,1,Parallel anchor,Functional continuity
catman_pilot_v1,P031,manipulation,A10,pc_self,4,cat,retain,retain,affirm,parallel,anchor,9,1,Parallel anchor,Self-continuity
catman_pilot_v1,P031,manipulation,A10,pc_tran,1,cat,retain,retain,affirm,parallel,anchor,9,1,Parallel anchor,Transition continuity
catman_pilot_v1,P031,manipulation,A09,pc_sub,7,human,retain,retain,deny,continuous,anchor,10,1,Self-denial anchor,Body continuity
catman_pilot_v1,P031,manipulation,A09,pc_info,7,human,retain,retain,deny,continuous,anchor,10,1,Self-denial anchor,Memory continuity
catman_pilot_v1,P031,manipulation,A09,pc_func,7,human,retain,retain,deny,continuous,anchor,10,1,Self-denial anchor,Functional continuity
catman_pilot_v1,P031,manipulation,A09,pc_self,7,human,retain,retain,deny,continuous,anchor,10,1,Self-denial anchor,Self-continuity
catman_pilot_v1,P031,manipulation,A09,pc_tran,7,human,retain,retain,deny,continuous,anchor,10,1,Self-denial anchor,Transition continuity
catman_pilot_v1,P093,manipulation,C06,pc_sub,1,human,retain,retain,affirm,discontinuous,standard,1,1,Transition,Body continuity
catman_pilot_v1,P093,manipulation,C06,pc_info,4,human,retain,retain,affirm,discontinuous,standard,1,1,Transition,Memory continuity
catman_pilot_v1,P093,manipulation,C06,pc_func,6,human,retain,retain,affirm,discontinuous,standard,1,1,Transition,Functional continuity
catman_pilot_v1,P093,manipulation,C06,pc_self,5,human,retain,retain,affirm,discontinuous,standard,1,1,Transition,Self-continuity
catman_pilot_v1,P093,manipulation,C06,pc_tran,3,human,retain,retain,affirm,discontinuous,standard,1,1,Transition,Transition continuity
catman_pilot_v1,P093,manipulation,C06,k_copy,5,human,retain,retain,affirm,discontinuous,standard,1,1,Transition,Copy-likeness
catman_pilot_v1,P093,manipulation,C06,k_term,5,human,retain,retain,affirm,discontinuous,standard,1,1,Transition,Termination
catman_pilot_v1,P093,manipulation,C08,pc_sub,5,human,lost,retain,affirm,discontinuous,standard,2,1,Memory + transition,Body continuity
catman_pilot_v1,P093,manipulation,C08,pc_info,5,human,lost,retain,affirm,discontinuous,standard,2,1,Memory + transition,Memory continuity
catman_pilot_v1,P093,manipulation,C08,pc_func,6,human,lost,retain,affirm,discontinuous,standard,2,1,Memory + transition,Functional continuity
catman_pilot_v1,P093,manipulation,C08,pc_self,5,human,lost,retain,affirm,discontinuous,standard,2,1,Memory + transition,Self-continuity
catman_pilot_v1,P093,manipulation,C08,pc_tran,5,human,lost,retain,affirm,discontinuous,standard,2,1,Memory + transition,Transition continuity
catman_pilot_v1,P093,manipulation,C08,k_copy,3,human,lost,retain,affirm,discontinuous,standard,2,1,Memory + transition,Copy-likeness
catman_pilot_v1,P093,manipulation,C08,k_term,5,human,lost,retain,affirm,discontinuous,standard,2,1,Memory + transition,Termination
catman_pilot_v1,P093,manipulation,C07,pc_sub,5,cat,retain,retain,affirm,discontinuous,standard,3,1,Body + transition,Body continuity
catman_pilot_v1,P093,manipulation,C07,pc_info,5,cat,retain,retain,affirm,discontinuous,standard,3,1,Body + transition,Memory continuity
catman_pilot_v1,P093,manipulation,C07,pc_func,6,cat,retain,retain,affirm,discontinuous,standard,3,1,Body + transition,Functional continuity
catman_pilot_v1,P093,manipulation,C07,pc_self,6,cat,retain,retain,affirm,discontinuous,standard,3,1,Body + transition,Self-continuity
catman_pilot_v1,P093,manipulation,C07,pc_tran,5,cat,retain,retain,affirm,discontinuous,standard,3,1,Body + transition,Transition continuity
catman_pilot_v1,P093,manipulation,C07,k_copy,3,cat,retain,retain,affirm,discontinuous,standard,3,1,Body + transition,Copy-likeness
catman_pilot_v1,P093,manipulation,C07,k_term,3,cat,retain,retain,affirm,discontinuous,standard,3,1,Body + transition,Termination
catman_pilot_v1,P093,manipulation,C02,pc_sub,5,cat,retain,retain,affirm,continuous,standard,4,1,Body,Body continuity
catman_pilot_v1,P093,manipulation,C02,pc_info,5,cat,retain,retain,affirm,continuous,standard,4,1,Body,Memory continuity
catman_pilot_v1,P093,manipulation,C02,pc_func,6,cat,retain,retain,affirm,continuous,standard,4,1,Body,Functional continuity
catman_pilot_v1,P093,manipulation,C02,pc_self,5,cat,retain,retain,affirm,continuous,standard,4,1,Body,Self-continuity
catman_pilot_v1,P093,manipulation,C02,pc_tran,5,cat,retain,retain,affirm,continuous,standard,4,1,Body,Transition continuity
catman_pilot_v1,P093,manipulation,A09,pc_sub,5,human,retain,retain,deny,continuous,anchor,5,1,Self-denial anchor,Body continuity
catman_pilot_v1,P093,manipulation,A09,pc_info,5,human,retain,retain,deny,continuous,anchor,5,1,Self-denial anchor,Memory continuity
catman_pilot_v1,P093,manipulation,A09,pc_func,6,human,retain,retain,deny,continuous,anchor,5,1,Self-denial anchor,Functional continuity
catman_pilot_v1,P093,manipulation,A09,pc_self,5,human,retain,retain,deny,continuous,anchor,5,1,Self-denial anchor,Self-continuity
catman_pilot_v1,P093,manipulation,A09,pc_tran,5,human,retain,retain,deny,continuous,anchor,5,1,Self-denial anchor,Transition continuity
catman_pilot_v1,P093,manipulation,A10,k_copy,6,cat,retain,retain,affirm,parallel,anchor,6,1,Parallel anchor,Copy-likeness
catman_pilot_v1,P093,manipulation,A10,k_term,5,cat,retain,retain,affirm,parallel,anchor,6,1,Parallel anchor,Termination
catman_pilot_v1,P093,manipulation,A10,k_coex,6,cat,retain,retain,affirm,parallel,anchor,6,1,Parallel anchor,Coexistence
catman_pilot_v1,P093,manipulation,A10,pc_sub,1,cat,retain,retain,affirm,parallel,anchor,6,1,Parallel anchor,Body continuity
catman_pilot_v1,P093,manipulation,A10,pc_info,6,cat,retain,retain,affirm,parallel,anchor,6,1,Parallel anchor,Memory continuity
catman_pilot_v1,P093,manipulation,A10,pc_func,7,cat,retain,retain,affirm,parallel,anchor,6,1,Parallel anchor,Functional continuity
catman_pilot_v1,P093,manipulation,A10,pc_self,7,cat,retain,retain,affirm,parallel,anchor,6,1,Parallel anchor,Self-continuity
catman_pilot_v1,P093,manipulation,A10,pc_tran,7,cat,retain,retain,affirm,parallel,anchor,6,1,Parallel anchor,Transition continuity
catman_pilot_v1,P093,manipulation,C04,pc_sub,1,human,retain,limited,affirm,continuous,standard,7,1,Function,Body continuity
catman_pilot_v1,P093,manipulation,C04,pc_info,6,human,retain,limited,affirm,continuous,standard,7,1,Function,Memory continuity
catman_pilot_v1,P093,manipulation,C04,pc_func,7,human,retain,limited,affirm,continuous,standard,7,1,Function,Functional continuity
catman_pilot_v1,P093,manipulation,C04,pc_self,6,human,retain,limited,affirm,continuous,standard,7,1,Function,Self-continuity
catman_pilot_v1,P093,manipulation,C04,pc_tran,5,human,retain,limited,affirm,continuous,standard,7,1,Function,Transition continuity
catman_pilot_v1,P093,manipulation,C05,pc_sub,1,human,retain,retain,uncertain,continuous,standard,8,1,Self-ID uncertain,Body continuity
catman_pilot_v1,P093,manipulation,C05,pc_info,6,human,retain,retain,uncertain,continuous,standard,8,1,Self-ID uncertain,Memory continuity
catman_pilot_v1,P093,manipulation,C05,pc_func,6,human,retain,retain,uncertain,continuous,standard,8,1,Self-ID uncertain,Functional continuity
catman_pilot_v1,P093,manipulation,C05,pc_self,6,human,retain,retain,uncertain,continuous,standard,8,1,Self-ID uncertain,Self-continuity
catman_pilot_v1,P093,manipulation,C05,pc_tran,5,human,retain,retain,uncertain,continuous,standard,8,1,Self-ID uncertain,Transition continuity
catman_pilot_v1,P093,manipulation,C01,pc_sub,1,human,retain,retain,affirm,continuous,standard,9,1,Baseline,Body continuity
catman_pilot_v1,P093,manipulation,C01,pc_info,6,human,retain,retain,affirm,continuous,standard,9,1,Baseline,Memory continuity
catman_pilot_v1,P093,manipulation,C01,pc_func,6,human,retain,retain,affirm,continuous,standard,9,1,Baseline,Functional continuity
catman_pilot_v1,P093,manipulation,C01,pc_self,7,human,retain,retain,affirm,continuous,standard,9,1,Baseline,Self-continuity
catman_pilot_v1,P093,manipulation,C01,pc_tran,5,human,retain,retain,affirm,continuous,standard,9,1,Baseline,Transition continuity
catman_pilot_v1,P093,manipulation,C03,pc_sub,1,human,lost,retain,affirm,continuous,standard,10,1,Memory,Body continuity
catman_pilot_v1,P093,manipulation,C03,pc_info,6,human,lost,retain,affirm,continuous,standard,10,1,Memory,Memory continuity
catman_pilot_v1,P093,manipulation,C03,pc_func,6,human,lost,retain,affirm,continuous,standard,10,1,Memory,Functional continuity
catman_pilot_v1,P093,manipulation,C03,pc_self,7,human,lost,retain,affirm,continuous,standard,10,1,Memory,Self-continuity
catman_pilot_v1,P093,manipulation,C03,pc_tran,5,human,lost,retain,affirm,continuous,standard,10,1,Memory,Transition continuity
catman_pilot_v1,P064,manipulation,C02,pc_sub,1,cat,retain,retain,affirm,continuous,standard,1,1,Body,Body continuity
catman_pilot_v1,P064,manipulation,C02,pc_info,7,cat,retain,retain,affirm,continuous,standard,1,1,Body,Memory continuity
catman_pilot_v1,P064,manipulation,C02,pc_func,7,cat,retain,retain,affirm,continuous,standard,1,1,Body,Functional continuity
catman_pilot_v1,P064,manipulation,C02,pc_self,7,cat,retain,retain,affirm,continuous,standard,1,1,Body,Self-continuity
catman_pilot_v1,P064,manipulation,C02,pc_tran,7,cat,retain,retain,affirm,continuous,standard,1,1,Body,Transition continuity
catman_pilot_v1,P064,manipulation,C05,pc_sub,7,human,retain,retain,uncertain,continuous,standard,2,1,Self-ID uncertain,Body continuity
catman_pilot_v1,P064,manipulation,C05,pc_info,1,human,retain,retain,uncertain,continuous,standard,2,1,Self-ID uncertain,Memory continuity
catman_pilot_v1,P064,manipulation,C05,pc_func,7,human,retain,retain,uncertain,continuous,standard,2,1,Self-ID uncertain,Functional continuity
catman_pilot_v1,P064,manipulation,C05,pc_self,1,human,retain,retain,uncertain,continuous,standard,2,1,Self-ID uncertain,Self-continuity
catman_pilot_v1,P064,manipulation,C05,pc_tran,7,human,retain,retain,uncertain,continuous,standard,2,1,Self-ID uncertain,Transition continuity
catman_pilot_v1,P064,manipulation,C07,pc_sub,1,cat,retain,retain,affirm,discontinuous,standard,3,1,Body + transition,Body continuity
catman_pilot_v1,P064,manipulation,C07,pc_info,7,cat,retain,retain,affirm,discontinuous,standard,3,1,Body + transition,Memory continuity
catman_pilot_v1,P064,manipulation,C07,pc_func,7,cat,retain,retain,affirm,discontinuous,standard,3,1,Body + transition,Functional continuity
catman_pilot_v1,P064,manipulation,C07,pc_self,7,cat,retain,retain,affirm,discontinuous,standard,3,1,Body + transition,Self-continuity
catman_pilot_v1,P064,manipulation,C07,pc_tran,1,cat,retain,retain,affirm,discontinuous,standard,3,1,Body + transition,Transition continuity
catman_pilot_v1,P064,manipulation,C07,k_copy,1,cat,retain,retain,affirm,discontinuous,standard,3,1,Body + transition,Copy-likeness
catman_pilot_v1,P064,manipulation,C07,k_term,1,cat,retain,retain,affirm,discontinuous,standard,3,1,Body + transition,Termination
catman_pilot_v1,P064,manipulation,C08,pc_sub,7,human,lost,retain,affirm,discontinuous,standard,4,1,Memory + transition,Body continuity
catman_pilot_v1,P064,manipulation,C08,pc_info,1,human,lost,retain,affirm,discontinuous,standard,4,1,Memory + transition,Memory continuity
catman_pilot_v1,P064,manipulation,C08,pc_func,7,human,lost,retain,affirm,discontinuous,standard,4,1,Memory + transition,Functional continuity
catman_pilot_v1,P064,manipulation,C08,pc_self,7,human,lost,retain,affirm,discontinuous,standard,4,1,Memory + transition,Self-continuity
catman_pilot_v1,P064,manipulation,C08,pc_tran,1,human,lost,retain,affirm,discontinuous,standard,4,1,Memory + transition,Transition continuity
catman_pilot_v1,P064,manipulation,C08,k_copy,7,human,lost,retain,affirm,discontinuous,standard,4,1,Memory + transition,Copy-likeness
catman_pilot_v1,P064,manipulation,C08,k_term,1,human,lost,retain,affirm,discontinuous,standard,4,1,Memory + transition,Termination
catman_pilot_v1,P064,manipulation,C04,pc_sub,7,human,retain,limited,affirm,continuous,standard,5,1,Function,Body continuity
catman_pilot_v1,P064,manipulation,C04,pc_info,7,human,retain,limited,affirm,continuous,standard,5,1,Function,Memory continuity
catman_pilot_v1,P064,manipulation,C04,pc_func,1,human,retain,limited,affirm,continuous,standard,5,1,Function,Functional continuity
catman_pilot_v1,P064,manipulation,C04,pc_self,7,human,retain,limited,affirm,continuous,standard,5,1,Function,Self-continuity
catman_pilot_v1,P064,manipulation,C04,pc_tran,7,human,retain,limited,affirm,continuous,standard,5,1,Function,Transition continuity
catman_pilot_v1,P064,manipulation,C06,pc_sub,7,human,retain,retain,affirm,discontinuous,standard,6,1,Transition,Body continuity
catman_pilot_v1,P064,manipulation,C06,pc_info,7,human,retain,retain,affirm,discontinuous,standard,6,1,Transition,Memory continuity
catman_pilot_v1,P064,manipulation,C06,pc_func,7,human,retain,retain,affirm,discontinuous,standard,6,1,Transition,Functional continuity
catman_pilot_v1,P064,manipulation,C06,pc_self,7,human,retain,retain,affirm,discontinuous,standard,6,1,Transition,Self-continuity
catman_pilot_v1,P064,manipulation,C06,pc_tran,1,human,retain,retain,affirm,discontinuous,standard,6,1,Transition,Transition continuity
catman_pilot_v1,P064,manipulation,C06,k_copy,1,human,retain,retain,affirm,discontinuous,standard,6,1,Transition,Copy-likeness
catman_pilot_v1,P064,manipulation,C06,k_term,1,human,retain,retain,affirm,discontinuous,standard,6,1,Transition,Termination
catman_pilot_v1,P064,manipulation,C01,pc_sub,7,human,retain,retain,affirm,continuous,standard,7,1,Baseline,Body continuity
catman_pilot_v1,P064,manipulation,C01,pc_info,7,human,retain,retain,affirm,continuous,standard,7,1,Baseline,Memory continuity
catman_pilot_v1,P064,manipulation,C01,pc_func,7,human,retain,retain,affirm,continuous,standard,7,1,Baseline,Functional continuity
catman_pilot_v1,P064,manipulation,C01,pc_self,7,human,retain,retain,affirm,continuous,standard,7,1,Baseline,Self-continuity
catman_pilot_v1,P064,manipulation,C01,pc_tran,1,human,retain,retain,affirm,continuous,standard,7,1,Baseline,Transition continuity
catman_pilot_v1,P064,manipulation,A10,k_copy,7,cat,retain,retain,affirm,parallel,anchor,8,1,Parallel anchor,Copy-likeness
catman_pilot_v1,P064,manipulation,A10,k_term,7,cat,retain,retain,affirm,parallel,anchor,8,1,Parallel anchor,Termination
catman_pilot_v1,P064,manipulation,A10,k_coex,7,cat,retain,retain,affirm,parallel,anchor,8,1,Parallel anchor,Coexistence
catman_pilot_v1,P064,manipulation,A10,pc_sub,7,cat,retain,retain,affirm,parallel,anchor,8,1,Parallel anchor,Body continuity
catman_pilot_v1,P064,manipulation,A10,pc_info,7,cat,retain,retain,affirm,parallel,anchor,8,1,Parallel anchor,Memory continuity
catman_pilot_v1,P064,manipulation,A10,pc_func,7,cat,retain,retain,affirm,parallel,anchor,8,1,Parallel anchor,Functional continuity
catman_pilot_v1,P064,manipulation,A10,pc_self,7,cat,retain,retain,affirm,parallel,anchor,8,1,Parallel anchor,Self-continuity
catman_pilot_v1,P064,manipulation,A10,pc_tran,7,cat,retain,retain,affirm,parallel,anchor,8,1,Parallel anchor,Transition continuity
catman_pilot_v1,P064,manipulation,A09,pc_sub,7,human,retain,retain,deny,continuous,anchor,9,1,Self-denial anchor,Body continuity
catman_pilot_v1,P064,manipulation,A09,pc_info,7,human,retain,retain,deny,continuous,anchor,9,1,Self-denial anchor,Memory continuity
catman_pilot_v1,P064,manipulation,A09,pc_func,7,human,retain,retain,deny,continuous,anchor,9,1,Self-denial anchor,Functional continuity
catman_pilot_v1,P064,manipulation,A09,pc_self,7,human,retain,retain,deny,continuous,anchor,9,1,Self-denial anchor,Self-continuity
catman_pilot_v1,P064,manipulation,A09,pc_tran,7,human,retain,retain,deny,continuous,anchor,9,1,Self-denial anchor,Transition continuity
catman_pilot_v1,P064,manipulation,C03,pc_sub,7,human,lost,retain,affirm,continuous,standard,10,1,Memory,Body continuity
catman_pilot_v1,P064,manipulation,C03,pc_info,1,human,lost,retain,affirm,continuous,standard,10,1,Memory,Memory continuity
catman_pilot_v1,P064,manipulation,C03,pc_func,7,human,lost,retain,affirm,continuous,standard,10,1,Memory,Functional continuity
catman_pilot_v1,P064,manipulation,C03,pc_self,7,human,lost,retain,affirm,continuous,standard,10,1,Memory,Self-continuity
catman_pilot_v1,P064,manipulation,C03,pc_tran,7,human,lost,retain,affirm,continuous,standard,10,1,Memory,Transition continuity
catman_pilot_v1,P096,manipulation,C06,pc_sub,7,human,retain,retain,affirm,discontinuous,standard,1,1,Transition,Body continuity
catman_pilot_v1,P096,manipulation,C06,pc_info,7,human,retain,retain,affirm,discontinuous,standard,1,1,Transition,Memory continuity
catman_pilot_v1,P096,manipulation,C06,pc_func,7,human,retain,retain,affirm,discontinuous,standard,1,1,Transition,Functional continuity
catman_pilot_v1,P096,manipulation,C06,pc_self,7,human,retain,retain,affirm,discontinuous,standard,1,1,Transition,Self-continuity
catman_pilot_v1,P096,manipulation,C06,pc_tran,3,human,retain,retain,affirm,discontinuous,standard,1,1,Transition,Transition continuity
catman_pilot_v1,P096,manipulation,C06,k_copy,4,human,retain,retain,affirm,discontinuous,standard,1,1,Transition,Copy-likeness
catman_pilot_v1,P096,manipulation,C06,k_term,4,human,retain,retain,affirm,discontinuous,standard,1,1,Transition,Termination
catman_pilot_v1,P096,manipulation,C08,pc_sub,7,human,lost,retain,affirm,discontinuous,standard,2,1,Memory + transition,Body continuity
catman_pilot_v1,P096,manipulation,C08,pc_info,1,human,lost,retain,affirm,discontinuous,standard,2,1,Memory + transition,Memory continuity
catman_pilot_v1,P096,manipulation,C08,pc_func,5,human,lost,retain,affirm,discontinuous,standard,2,1,Memory + transition,Functional continuity
catman_pilot_v1,P096,manipulation,C08,pc_self,1,human,lost,retain,affirm,discontinuous,standard,2,1,Memory + transition,Self-continuity
catman_pilot_v1,P096,manipulation,C08,pc_tran,2,human,lost,retain,affirm,discontinuous,standard,2,1,Memory + transition,Transition continuity
catman_pilot_v1,P096,manipulation,C08,k_copy,2,human,lost,retain,affirm,discontinuous,standard,2,1,Memory + transition,Copy-likeness
catman_pilot_v1,P096,manipulation,C08,k_term,6,human,lost,retain,affirm,discontinuous,standard,2,1,Memory + transition,Termination
catman_pilot_v1,P096,manipulation,C03,pc_sub,7,human,lost,retain,affirm,continuous,standard,3,1,Memory,Body continuity
catman_pilot_v1,P096,manipulation,C03,pc_info,1,human,lost,retain,affirm,continuous,standard,3,1,Memory,Memory continuity
catman_pilot_v1,P096,manipulation,C03,pc_func,5,human,lost,retain,affirm,continuous,standard,3,1,Memory,Functional continuity
catman_pilot_v1,P096,manipulation,C03,pc_self,2,human,lost,retain,affirm,continuous,standard,3,1,Memory,Self-continuity
catman_pilot_v1,P096,manipulation,C03,pc_tran,6,human,lost,retain,affirm,continuous,standard,3,1,Memory,Transition continuity
catman_pilot_v1,P096,manipulation,C05,pc_sub,7,human,retain,retain,uncertain,continuous,standard,4,1,Self-ID uncertain,Body continuity
catman_pilot_v1,P096,manipulation,C05,pc_info,7,human,retain,retain,uncertain,continuous,standard,4,1,Self-ID uncertain,Memory continuity
catman_pilot_v1,P096,manipulation,C05,pc_func,6,human,retain,retain,uncertain,continuous,standard,4,1,Self-ID uncertain,Functional continuity
catman_pilot_v1,P096,manipulation,C05,pc_self,3,human,retain,retain,uncertain,continuous,standard,4,1,Self-ID uncertain,Self-continuity
catman_pilot_v1,P096,manipulation,C05,pc_tran,6,human,retain,retain,uncertain,continuous,standard,4,1,Self-ID uncertain,Transition continuity
catman_pilot_v1,P096,manipulation,C02,pc_sub,1,cat,retain,retain,affirm,continuous,standard,5,1,Body,Body continuity
catman_pilot_v1,P096,manipulation,C02,pc_info,7,cat,retain,retain,affirm,continuous,standard,5,1,Body,Memory continuity
catman_pilot_v1,P096,manipulation,C02,pc_func,4,cat,retain,retain,affirm,continuous,standard,5,1,Body,Functional continuity
catman_pilot_v1,P096,manipulation,C02,pc_self,6,cat,retain,retain,affirm,continuous,standard,5,1,Body,Self-continuity
catman_pilot_v1,P096,manipulation,C02,pc_tran,6,cat,retain,retain,affirm,continuous,standard,5,1,Body,Transition continuity
catman_pilot_v1,P096,manipulation,A09,pc_sub,7,human,retain,retain,deny,continuous,anchor,6,1,Self-denial anchor,Body continuity
catman_pilot_v1,P096,manipulation,A09,pc_info,7,human,retain,retain,deny,continuous,anchor,6,1,Self-denial anchor,Memory continuity
catman_pilot_v1,P096,manipulation,A09,pc_func,7,human,retain,retain,deny,continuous,anchor,6,1,Self-denial anchor,Functional continuity
catman_pilot_v1,P096,manipulation,A09,pc_self,1,human,retain,retain,deny,continuous,anchor,6,1,Self-denial anchor,Self-continuity
catman_pilot_v1,P096,manipulation,A09,pc_tran,6,human,retain,retain,deny,continuous,anchor,6,1,Self-denial anchor,Transition continuity
catman_pilot_v1,P096,manipulation,A10,k_copy,4,cat,retain,retain,affirm,parallel,anchor,7,1,Parallel anchor,Copy-likeness
catman_pilot_v1,P096,manipulation,A10,k_term,1,cat,retain,retain,affirm,parallel,anchor,7,1,Parallel anchor,Termination
catman_pilot_v1,P096,manipulation,A10,k_coex,7,cat,retain,retain,affirm,parallel,anchor,7,1,Parallel anchor,Coexistence
catman_pilot_v1,P096,manipulation,A10,pc_sub,1,cat,retain,retain,affirm,parallel,anchor,7,1,Parallel anchor,Body continuity
catman_pilot_v1,P096,manipulation,A10,pc_info,7,cat,retain,retain,affirm,parallel,anchor,7,1,Parallel anchor,Memory continuity
catman_pilot_v1,P096,manipulation,A10,pc_func,6,cat,retain,retain,affirm,parallel,anchor,7,1,Parallel anchor,Functional continuity
catman_pilot_v1,P096,manipulation,A10,pc_self,6,cat,retain,retain,affirm,parallel,anchor,7,1,Parallel anchor,Self-continuity
catman_pilot_v1,P096,manipulation,A10,pc_tran,1,cat,retain,retain,affirm,parallel,anchor,7,1,Parallel anchor,Transition continuity
catman_pilot_v1,P096,manipulation,C07,pc_sub,1,cat,retain,retain,affirm,discontinuous,standard,8,1,Body + transition,Body continuity
catman_pilot_v1,P096,manipulation,C07,pc_info,7,cat,retain,retain,affirm,discontinuous,standard,8,1,Body + transition,Memory continuity
catman_pilot_v1,P096,manipulation,C07,pc_func,6,cat,retain,retain,affirm,discontinuous,standard,8,1,Body + transition,Functional continuity
catman_pilot_v1,P096,manipulation,C07,pc_self,5,cat,retain,retain,affirm,discontinuous,standard,8,1,Body + transition,Self-continuity
catman_pilot_v1,P096,manipulation,C07,pc_tran,2,cat,retain,retain,affirm,discontinuous,standard,8,1,Body + transition,Transition continuity
catman_pilot_v1,P096,manipulation,C07,k_copy,4,cat,retain,retain,affirm,discontinuous,standard,8,1,Body + transition,Copy-likeness
catman_pilot_v1,P096,manipulation,C07,k_term,4,cat,retain,retain,affirm,discontinuous,standard,8,1,Body + transition,Termination
catman_pilot_v1,P096,manipulation,C04,pc_sub,7,human,retain,limited,affirm,continuous,standard,9,1,Function,Body continuity
catman_pilot_v1,P096,manipulation,C04,pc_info,7,human,retain,limited,affirm,continuous,standard,9,1,Function,Memory continuity
catman_pilot_v1,P096,manipulation,C04,pc_func,1,human,retain,limited,affirm,continuous,standard,9,1,Function,Functional continuity
catman_pilot_v1,P096,manipulation,C04,pc_self,6,human,retain,limited,affirm,continuous,standard,9,1,Function,Self-continuity
catman_pilot_v1,P096,manipulation,C04,pc_tran,7,human,retain,limited,affirm,continuous,standard,9,1,Function,Transition continuity
catman_pilot_v1,P096,manipulation,C01,pc_sub,7,human,retain,retain,affirm,continuous,standard,10,1,Baseline,Body continuity
catman_pilot_v1,P096,manipulation,C01,pc_info,7,human,retain,retain,affirm,continuous,standard,10,1,Baseline,Memory continuity
catman_pilot_v1,P096,manipulation,C01,pc_func,7,human,retain,retain,affirm,continuous,standard,10,1,Baseline,Functional continuity
catman_pilot_v1,P096,manipulation,C01,pc_self,7,human,retain,retain,affirm,continuous,standard,10,1,Baseline,Self-continuity
catman_pilot_v1,P096,manipulation,C01,pc_tran,7,human,retain,retain,affirm,continuous,standard,10,1,Baseline,Transition continuity
catman_pilot_v1,P024,manipulation,C07,pc_sub,1,cat,retain,retain,affirm,discontinuous,standard,1,1,Body + transition,Body continuity
catman_pilot_v1,P024,manipulation,C07,pc_info,7,cat,retain,retain,affirm,discontinuous,standard,1,1,Body + transition,Memory continuity
catman_pilot_v1,P024,manipulation,C07,pc_func,7,cat,retain,retain,affirm,discontinuous,standard,1,1,Body + transition,Functional continuity
catman_pilot_v1,P024,manipulation,C07,pc_self,7,cat,retain,retain,affirm,discontinuous,standard,1,1,Body + transition,Self-continuity
catman_pilot_v1,P024,manipulation,C07,pc_tran,4,cat,retain,retain,affirm,discontinuous,standard,1,1,Body + transition,Transition continuity
catman_pilot_v1,P024,manipulation,C07,k_copy,4,cat,retain,retain,affirm,discontinuous,standard,1,1,Body + transition,Copy-likeness
catman_pilot_v1,P024,manipulation,C07,k_term,1,cat,retain,retain,affirm,discontinuous,standard,1,1,Body + transition,Termination
catman_pilot_v1,P024,manipulation,C05,pc_sub,7,human,retain,retain,uncertain,continuous,standard,2,1,Self-ID uncertain,Body continuity
catman_pilot_v1,P024,manipulation,C05,pc_info,7,human,retain,retain,uncertain,continuous,standard,2,1,Self-ID uncertain,Memory continuity
catman_pilot_v1,P024,manipulation,C05,pc_func,7,human,retain,retain,uncertain,continuous,standard,2,1,Self-ID uncertain,Functional continuity
catman_pilot_v1,P024,manipulation,C05,pc_self,1,human,retain,retain,uncertain,continuous,standard,2,1,Self-ID uncertain,Self-continuity
catman_pilot_v1,P024,manipulation,C05,pc_tran,1,human,retain,retain,uncertain,continuous,standard,2,1,Self-ID uncertain,Transition continuity
catman_pilot_v1,P024,manipulation,C02,pc_sub,1,cat,retain,retain,affirm,continuous,standard,3,1,Body,Body continuity
catman_pilot_v1,P024,manipulation,C02,pc_info,7,cat,retain,retain,affirm,continuous,standard,3,1,Body,Memory continuity
catman_pilot_v1,P024,manipulation,C02,pc_func,7,cat,retain,retain,affirm,continuous,standard,3,1,Body,Functional continuity
catman_pilot_v1,P024,manipulation,C02,pc_self,7,cat,retain,retain,affirm,continuous,standard,3,1,Body,Self-continuity
catman_pilot_v1,P024,manipulation,C02,pc_tran,5,cat,retain,retain,affirm,continuous,standard,3,1,Body,Transition continuity
catman_pilot_v1,P024,manipulation,C08,pc_sub,7,human,lost,retain,affirm,discontinuous,standard,4,1,Memory + transition,Body continuity
catman_pilot_v1,P024,manipulation,C08,pc_info,1,human,lost,retain,affirm,discontinuous,standard,4,1,Memory + transition,Memory continuity
catman_pilot_v1,P024,manipulation,C08,pc_func,7,human,lost,retain,affirm,discontinuous,standard,4,1,Memory + transition,Functional continuity
catman_pilot_v1,P024,manipulation,C08,pc_self,7,human,lost,retain,affirm,discontinuous,standard,4,1,Memory + transition,Self-continuity
catman_pilot_v1,P024,manipulation,C08,pc_tran,5,human,lost,retain,affirm,discontinuous,standard,4,1,Memory + transition,Transition continuity
catman_pilot_v1,P024,manipulation,C08,k_copy,5,human,lost,retain,affirm,discontinuous,standard,4,1,Memory + transition,Copy-likeness
catman_pilot_v1,P024,manipulation,C08,k_term,7,human,lost,retain,affirm,discontinuous,standard,4,1,Memory + transition,Termination
catman_pilot_v1,P024,manipulation,C04,pc_sub,7,human,retain,limited,affirm,continuous,standard,5,1,Function,Body continuity
catman_pilot_v1,P024,manipulation,C04,pc_info,7,human,retain,limited,affirm,continuous,standard,5,1,Function,Memory continuity
catman_pilot_v1,P024,manipulation,C04,pc_func,1,human,retain,limited,affirm,continuous,standard,5,1,Function,Functional continuity
catman_pilot_v1,P024,manipulation,C04,pc_self,7,human,retain,limited,affirm,continuous,standard,5,1,Function,Self-continuity
catman_pilot_v1,P024,manipulation,C04,pc_tran,4,human,retain,limited,affirm,continuous,standard,5,1,Function,Transition continuity
catman_pilot_v1,P024,manipulation,C01,pc_sub,7,human,retain,retain,affirm,continuous,standard,6,1,Baseline,Body continuity
catman_pilot_v1,P024,manipulation,C01,pc_info,7,human,retain,retain,affirm,continuous,standard,6,1,Baseline,Memory continuity
catman_pilot_v1,P024,manipulation,C01,pc_func,7,human,retain,retain,affirm,continuous,standard,6,1,Baseline,Functional continuity
catman_pilot_v1,P024,manipulation,C01,pc_self,7,human,retain,retain,affirm,continuous,standard,6,1,Baseline,Self-continuity
catman_pilot_v1,P024,manipulation,C01,pc_tran,4,human,retain,retain,affirm,continuous,standard,6,1,Baseline,Transition continuity
catman_pilot_v1,P024,manipulation,A10,k_copy,1,cat,retain,retain,affirm,parallel,anchor,7,1,Parallel anchor,Copy-likeness
catman_pilot_v1,P024,manipulation,A10,k_term,1,cat,retain,retain,affirm,parallel,anchor,7,1,Parallel anchor,Termination
catman_pilot_v1,P024,manipulation,A10,k_coex,7,cat,retain,retain,affirm,parallel,anchor,7,1,Parallel anchor,Coexistence
catman_pilot_v1,P024,manipulation,A10,pc_sub,1,cat,retain,retain,affirm,parallel,anchor,7,1,Parallel anchor,Body continuity
catman_pilot_v1,P024,manipulation,A10,pc_info,7,cat,retain,retain,affirm,parallel,anchor,7,1,Parallel anchor,Memory continuity
catman_pilot_v1,P024,manipulation,A10,pc_func,7,cat,retain,retain,affirm,parallel,anchor,7,1,Parallel anchor,Functional continuity
catman_pilot_v1,P024,manipulation,A10,pc_self,7,cat,retain,retain,affirm,parallel,anchor,7,1,Parallel anchor,Self-continuity
catman_pilot_v1,P024,manipulation,A10,pc_tran,4,cat,retain,retain,affirm,parallel,anchor,7,1,Parallel anchor,Transition continuity
catman_pilot_v1,P024,manipulation,C03,pc_sub,7,human,lost,retain,affirm,continuous,standard,8,1,Memory,Body continuity
catman_pilot_v1,P024,manipulation,C03,pc_info,1,human,lost,retain,affirm,continuous,standard,8,1,Memory,Memory continuity
catman_pilot_v1,P024,manipulation,C03,pc_func,7,human,lost,retain,affirm,continuous,standard,8,1,Memory,Functional continuity
catman_pilot_v1,P024,manipulation,C03,pc_self,7,human,lost,retain,affirm,continuous,standard,8,1,Memory,Self-continuity
catman_pilot_v1,P024,manipulation,C03,pc_tran,4,human,lost,retain,affirm,continuous,standard,8,1,Memory,Transition continuity
catman_pilot_v1,P024,manipulation,A09,pc_sub,7,human,retain,retain,deny,continuous,anchor,9,1,Self-denial anchor,Body continuity
catman_pilot_v1,P024,manipulation,A09,pc_info,7,human,retain,retain,deny,continuous,anchor,9,1,Self-denial anchor,Memory continuity
catman_pilot_v1,P024,manipulation,A09,pc_func,7,human,retain,retain,deny,continuous,anchor,9,1,Self-denial anchor,Functional continuity
catman_pilot_v1,P024,manipulation,A09,pc_self,7,human,retain,retain,deny,continuous,anchor,9,1,Self-denial anchor,Self-continuity
catman_pilot_v1,P024,manipulation,A09,pc_tran,5,human,retain,retain,deny,continuous,anchor,9,1,Self-denial anchor,Transition continuity
catman_pilot_v1,P024,manipulation,C06,pc_sub,7,human,retain,retain,affirm,discontinuous,standard,10,1,Transition,Body continuity
catman_pilot_v1,P024,manipulation,C06,pc_info,7,human,retain,retain,affirm,discontinuous,standard,10,1,Transition,Memory continuity
catman_pilot_v1,P024,manipulation,C06,pc_func,7,human,retain,retain,affirm,discontinuous,standard,10,1,Transition,Functional continuity
catman_pilot_v1,P024,manipulation,C06,pc_self,7,human,retain,retain,affirm,discontinuous,standard,10,1,Transition,Self-continuity
catman_pilot_v1,P024,manipulation,C06,pc_tran,5,human,retain,retain,affirm,discontinuous,standard,10,1,Transition,Transition continuity
catman_pilot_v1,P024,manipulation,C06,k_copy,1,human,retain,retain,affirm,discontinuous,standard,10,1,Transition,Copy-likeness
catman_pilot_v1,P024,manipulation,C06,k_term,1,human,retain,retain,affirm,discontinuous,standard,10,1,Transition,Termination
catman_pilot_v1,P078,manipulation,C02,pc_sub,1,cat,retain,retain,affirm,continuous,standard,1,1,Body,Body continuity
catman_pilot_v1,P078,manipulation,C02,pc_info,7,cat,retain,retain,affirm,continuous,standard,1,1,Body,Memory continuity
catman_pilot_v1,P078,manipulation,C02,pc_func,5,cat,retain,retain,affirm,continuous,standard,1,1,Body,Functional continuity
catman_pilot_v1,P078,manipulation,C02,pc_self,6,cat,retain,retain,affirm,continuous,standard,1,1,Body,Self-continuity
catman_pilot_v1,P078,manipulation,C02,pc_tran,6,cat,retain,retain,affirm,continuous,standard,1,1,Body,Transition continuity
catman_pilot_v1,P078,manipulation,C01,pc_sub,6,human,retain,retain,affirm,continuous,standard,2,1,Baseline,Body continuity
catman_pilot_v1,P078,manipulation,C01,pc_info,7,human,retain,retain,affirm,continuous,standard,2,1,Baseline,Memory continuity
catman_pilot_v1,P078,manipulation,C01,pc_func,6,human,retain,retain,affirm,continuous,standard,2,1,Baseline,Functional continuity
catman_pilot_v1,P078,manipulation,C01,pc_self,7,human,retain,retain,affirm,continuous,standard,2,1,Baseline,Self-continuity
catman_pilot_v1,P078,manipulation,C01,pc_tran,6,human,retain,retain,affirm,continuous,standard,2,1,Baseline,Transition continuity
catman_pilot_v1,P078,manipulation,C05,pc_sub,6,human,retain,retain,uncertain,continuous,standard,3,1,Self-ID uncertain,Body continuity
catman_pilot_v1,P078,manipulation,C05,pc_info,2,human,retain,retain,uncertain,continuous,standard,3,1,Self-ID uncertain,Memory continuity
catman_pilot_v1,P078,manipulation,C05,pc_func,5,human,retain,retain,uncertain,continuous,standard,3,1,Self-ID uncertain,Functional continuity
catman_pilot_v1,P078,manipulation,C05,pc_self,2,human,retain,retain,uncertain,continuous,standard,3,1,Self-ID uncertain,Self-continuity
catman_pilot_v1,P078,manipulation,C05,pc_tran,6,human,retain,retain,uncertain,continuous,standard,3,1,Self-ID uncertain,Transition continuity
catman_pilot_v1,P078,manipulation,C03,pc_sub,6,human,lost,retain,affirm,continuous,standard,4,1,Memory,Body continuity
catman_pilot_v1,P078,manipulation,C03,pc_info,1,human,lost,retain,affirm,continuous,standard,4,1,Memory,Memory continuity
catman_pilot_v1,P078,manipulation,C03,pc_func,5,human,lost,retain,affirm,continuous,standard,4,1,Memory,Functional continuity
catman_pilot_v1,P078,manipulation,C03,pc_self,6,human,lost,retain,affirm,continuous,standard,4,1,Memory,Self-continuity
catman_pilot_v1,P078,manipulation,C03,pc_tran,6,human,lost,retain,affirm,continuous,standard,4,1,Memory,Transition continuity
catman_pilot_v1,P078,manipulation,C04,pc_sub,6,human,retain,limited,affirm,continuous,standard,5,1,Function,Body continuity
catman_pilot_v1,P078,manipulation,C04,pc_info,7,human,retain,limited,affirm,continuous,standard,5,1,Function,Memory continuity
catman_pilot_v1,P078,manipulation,C04,pc_func,4,human,retain,limited,affirm,continuous,standard,5,1,Function,Functional continuity
catman_pilot_v1,P078,manipulation,C04,pc_self,6,human,retain,limited,affirm,continuous,standard,5,1,Function,Self-continuity
catman_pilot_v1,P078,manipulation,C04,pc_tran,5,human,retain,limited,affirm,continuous,standard,5,1,Function,Transition continuity
catman_pilot_v1,P078,manipulation,C06,pc_sub,7,human,retain,retain,affirm,discontinuous,standard,6,1,Transition,Body continuity
catman_pilot_v1,P078,manipulation,C06,pc_info,6,human,retain,retain,affirm,discontinuous,standard,6,1,Transition,Memory continuity
catman_pilot_v1,P078,manipulation,C06,pc_func,7,human,retain,retain,affirm,discontinuous,standard,6,1,Transition,Functional continuity
catman_pilot_v1,P078,manipulation,C06,pc_self,6,human,retain,retain,affirm,discontinuous,standard,6,1,Transition,Self-continuity
catman_pilot_v1,P078,manipulation,C06,pc_tran,3,human,retain,retain,affirm,discontinuous,standard,6,1,Transition,Transition continuity
catman_pilot_v1,P078,manipulation,C06,k_copy,6,human,retain,retain,affirm,discontinuous,standard,6,1,Transition,Copy-likeness
catman_pilot_v1,P078,manipulation,C06,k_term,5,human,retain,retain,affirm,discontinuous,standard,6,1,Transition,Termination
catman_pilot_v1,P078,manipulation,A09,pc_sub,6,human,retain,retain,deny,continuous,anchor,7,1,Self-denial anchor,Body continuity
catman_pilot_v1,P078,manipulation,A09,pc_info,6,human,retain,retain,deny,continuous,anchor,7,1,Self-denial anchor,Memory continuity
catman_pilot_v1,P078,manipulation,A09,pc_func,6,human,retain,retain,deny,continuous,anchor,7,1,Self-denial anchor,Functional continuity
catman_pilot_v1,P078,manipulation,A09,pc_self,1,human,retain,retain,deny,continuous,anchor,7,1,Self-denial anchor,Self-continuity
catman_pilot_v1,P078,manipulation,A09,pc_tran,6,human,retain,retain,deny,continuous,anchor,7,1,Self-denial anchor,Transition continuity
catman_pilot_v1,P078,manipulation,C08,pc_sub,6,human,lost,retain,affirm,discontinuous,standard,8,1,Memory + transition,Body continuity
catman_pilot_v1,P078,manipulation,C08,pc_info,2,human,lost,retain,affirm,discontinuous,standard,8,1,Memory + transition,Memory continuity
catman_pilot_v1,P078,manipulation,C08,pc_func,7,human,lost,retain,affirm,discontinuous,standard,8,1,Memory + transition,Functional continuity
catman_pilot_v1,P078,manipulation,C08,pc_self,6,human,lost,retain,affirm,discontinuous,standard,8,1,Memory + transition,Self-continuity
catman_pilot_v1,P078,manipulation,C08,pc_tran,2,human,lost,retain,affirm,discontinuous,standard,8,1,Memory + transition,Transition continuity
catman_pilot_v1,P078,manipulation,C08,k_copy,6,human,lost,retain,affirm,discontinuous,standard,8,1,Memory + transition,Copy-likeness
catman_pilot_v1,P078,manipulation,C08,k_term,6,human,lost,retain,affirm,discontinuous,standard,8,1,Memory + transition,Termination
catman_pilot_v1,P078,manipulation,C07,pc_sub,1,cat,retain,retain,affirm,discontinuous,standard,9,1,Body + transition,Body continuity
catman_pilot_v1,P078,manipulation,C07,pc_info,6,cat,retain,retain,affirm,discontinuous,standard,9,1,Body + transition,Memory continuity
catman_pilot_v1,P078,manipulation,C07,pc_func,5,cat,retain,retain,affirm,discontinuous,standard,9,1,Body + transition,Functional continuity
catman_pilot_v1,P078,manipulation,C07,pc_self,6,cat,retain,retain,affirm,discontinuous,standard,9,1,Body + transition,Self-continuity
catman_pilot_v1,P078,manipulation,C07,pc_tran,2,cat,retain,retain,affirm,discontinuous,standard,9,1,Body + transition,Transition continuity
catman_pilot_v1,P078,manipulation,C07,k_copy,2,cat,retain,retain,affirm,discontinuous,standard,9,1,Body + transition,Copy-likeness
catman_pilot_v1,P078,manipulation,C07,k_term,6,cat,retain,retain,affirm,discontinuous,standard,9,1,Body + transition,Termination
catman_pilot_v1,P078,manipulation,A10,k_copy,1,cat,retain,retain,affirm,parallel,anchor,10,1,Parallel anchor,Copy-likeness
catman_pilot_v1,P078,manipulation,A10,k_term,2,cat,retain,retain,affirm,parallel,anchor,10,1,Parallel anchor,Termination
catman_pilot_v1,P078,manipulation,A10,k_coex,7,cat,retain,retain,affirm,parallel,anchor,10,1,Parallel anchor,Coexistence
catman_pilot_v1,P078,manipulation,A10,pc_sub,1,cat,retain,retain,affirm,parallel,anchor,10,1,Parallel anchor,Body continuity
catman_pilot_v1,P078,manipulation,A10,pc_info,5,cat,retain,retain,affirm,parallel,anchor,10,1,Parallel anchor,Memory continuity
catman_pilot_v1,P078,manipulation,A10,pc_func,6,cat,retain,retain,affirm,parallel,anchor,10,1,Parallel anchor,Functional continuity
catman_pilot_v1,P078,manipulation,A10,pc_self,6,cat,retain,retain,affirm,parallel,anchor,10,1,Parallel anchor,Self-continuity
catman_pilot_v1,P078,manipulation,A10,pc_tran,3,cat,retain,retain,affirm,parallel,anchor,10,1,Parallel anchor,Transition continuity
catman_pilot_v1,P076,manipulation,C08,pc_sub,7,human,lost,retain,affirm,discontinuous,standard,1,1,Memory + transition,Body continuity
catman_pilot_v1,P076,manipulation,C08,pc_info,1,human,lost,retain,affirm,discontinuous,standard,1,1,Memory + transition,Memory continuity
catman_pilot_v1,P076,manipulation,C08,pc_func,7,human,lost,retain,affirm,discontinuous,standard,1,1,Memory + transition,Functional continuity
catman_pilot_v1,P076,manipulation,C08,pc_self,7,human,lost,retain,affirm,discontinuous,standard,1,1,Memory + transition,Self-continuity
catman_pilot_v1,P076,manipulation,C08,pc_tran,4,human,lost,retain,affirm,discontinuous,standard,1,1,Memory + transition,Transition continuity
catman_pilot_v1,P076,manipulation,C08,k_copy,5,human,lost,retain,affirm,discontinuous,standard,1,1,Memory + transition,Copy-likeness
catman_pilot_v1,P076,manipulation,C08,k_term,5,human,lost,retain,affirm,discontinuous,standard,1,1,Memory + transition,Termination
catman_pilot_v1,P076,manipulation,C04,pc_sub,7,human,retain,limited,affirm,continuous,standard,2,1,Function,Body continuity
catman_pilot_v1,P076,manipulation,C04,pc_info,7,human,retain,limited,affirm,continuous,standard,2,1,Function,Memory continuity
catman_pilot_v1,P076,manipulation,C04,pc_func,1,human,retain,limited,affirm,continuous,standard,2,1,Function,Functional continuity
catman_pilot_v1,P076,manipulation,C04,pc_self,2,human,retain,limited,affirm,continuous,standard,2,1,Function,Self-continuity
catman_pilot_v1,P076,manipulation,C04,pc_tran,7,human,retain,limited,affirm,continuous,standard,2,1,Function,Transition continuity
catman_pilot_v1,P076,manipulation,C06,pc_sub,7,human,retain,retain,affirm,discontinuous,standard,3,1,Transition,Body continuity
catman_pilot_v1,P076,manipulation,C06,pc_info,7,human,retain,retain,affirm,discontinuous,standard,3,1,Transition,Memory continuity
catman_pilot_v1,P076,manipulation,C06,pc_func,7,human,retain,retain,affirm,discontinuous,standard,3,1,Transition,Functional continuity
catman_pilot_v1,P076,manipulation,C06,pc_self,7,human,retain,retain,affirm,discontinuous,standard,3,1,Transition,Self-continuity
catman_pilot_v1,P076,manipulation,C06,pc_tran,3,human,retain,retain,affirm,discontinuous,standard,3,1,Transition,Transition continuity
catman_pilot_v1,P076,manipulation,C06,k_copy,1,human,retain,retain,affirm,discontinuous,standard,3,1,Transition,Copy-likeness
catman_pilot_v1,P076,manipulation,C06,k_term,7,human,retain,retain,affirm,discontinuous,standard,3,1,Transition,Termination
catman_pilot_v1,P076,manipulation,C05,pc_sub,7,human,retain,retain,uncertain,continuous,standard,4,1,Self-ID uncertain,Body continuity
catman_pilot_v1,P076,manipulation,C05,pc_info,7,human,retain,retain,uncertain,continuous,standard,4,1,Self-ID uncertain,Memory continuity
catman_pilot_v1,P076,manipulation,C05,pc_func,7,human,retain,retain,uncertain,continuous,standard,4,1,Self-ID uncertain,Functional continuity
catman_pilot_v1,P076,manipulation,C05,pc_self,2,human,retain,retain,uncertain,continuous,standard,4,1,Self-ID uncertain,Self-continuity
catman_pilot_v1,P076,manipulation,C05,pc_tran,2,human,retain,retain,uncertain,continuous,standard,4,1,Self-ID uncertain,Transition continuity
catman_pilot_v1,P076,manipulation,A09,pc_sub,7,human,retain,retain,deny,continuous,anchor,5,1,Self-denial anchor,Body continuity
catman_pilot_v1,P076,manipulation,A09,pc_info,7,human,retain,retain,deny,continuous,anchor,5,1,Self-denial anchor,Memory continuity
catman_pilot_v1,P076,manipulation,A09,pc_func,7,human,retain,retain,deny,continuous,anchor,5,1,Self-denial anchor,Functional continuity
catman_pilot_v1,P076,manipulation,A09,pc_self,7,human,retain,retain,deny,continuous,anchor,5,1,Self-denial anchor,Self-continuity
catman_pilot_v1,P076,manipulation,A09,pc_tran,6,human,retain,retain,deny,continuous,anchor,5,1,Self-denial anchor,Transition continuity
catman_pilot_v1,P076,manipulation,C01,pc_sub,7,human,retain,retain,affirm,continuous,standard,6,1,Baseline,Body continuity
catman_pilot_v1,P076,manipulation,C01,pc_info,7,human,retain,retain,affirm,continuous,standard,6,1,Baseline,Memory continuity
catman_pilot_v1,P076,manipulation,C01,pc_func,7,human,retain,retain,affirm,continuous,standard,6,1,Baseline,Functional continuity
catman_pilot_v1,P076,manipulation,C01,pc_self,7,human,retain,retain,affirm,continuous,standard,6,1,Baseline,Self-continuity
catman_pilot_v1,P076,manipulation,C01,pc_tran,7,human,retain,retain,affirm,continuous,standard,6,1,Baseline,Transition continuity
catman_pilot_v1,P076,manipulation,A10,k_copy,6,cat,retain,retain,affirm,parallel,anchor,7,1,Parallel anchor,Copy-likeness
catman_pilot_v1,P076,manipulation,A10,k_term,7,cat,retain,retain,affirm,parallel,anchor,7,1,Parallel anchor,Termination
catman_pilot_v1,P076,manipulation,A10,k_coex,7,cat,retain,retain,affirm,parallel,anchor,7,1,Parallel anchor,Coexistence
catman_pilot_v1,P076,manipulation,A10,pc_sub,1,cat,retain,retain,affirm,parallel,anchor,7,1,Parallel anchor,Body continuity
catman_pilot_v1,P076,manipulation,A10,pc_info,7,cat,retain,retain,affirm,parallel,anchor,7,1,Parallel anchor,Memory continuity
catman_pilot_v1,P076,manipulation,A10,pc_func,7,cat,retain,retain,affirm,parallel,anchor,7,1,Parallel anchor,Functional continuity
catman_pilot_v1,P076,manipulation,A10,pc_self,7,cat,retain,retain,affirm,parallel,anchor,7,1,Parallel anchor,Self-continuity
catman_pilot_v1,P076,manipulation,A10,pc_tran,7,cat,retain,retain,affirm,parallel,anchor,7,1,Parallel anchor,Transition continuity
catman_pilot_v1,P076,manipulation,C02,pc_sub,1,cat,retain,retain,affirm,continuous,standard,8,1,Body,Body continuity
catman_pilot_v1,P076,manipulation,C02,pc_info,7,cat,retain,retain,affirm,continuous,standard,8,1,Body,Memory continuity
catman_pilot_v1,P076,manipulation,C02,pc_func,7,cat,retain,retain,affirm,continuous,standard,8,1,Body,Functional continuity
catman_pilot_v1,P076,manipulation,C02,pc_self,7,cat,retain,retain,affirm,continuous,standard,8,1,Body,Self-continuity
catman_pilot_v1,P076,manipulation,C02,pc_tran,7,cat,retain,retain,affirm,continuous,standard,8,1,Body,Transition continuity
catman_pilot_v1,P076,manipulation,C03,pc_sub,7,human,lost,retain,affirm,continuous,standard,9,1,Memory,Body continuity
catman_pilot_v1,P076,manipulation,C03,pc_info,1,human,lost,retain,affirm,continuous,standard,9,1,Memory,Memory continuity
catman_pilot_v1,P076,manipulation,C03,pc_func,7,human,lost,retain,affirm,continuous,standard,9,1,Memory,Functional continuity
catman_pilot_v1,P076,manipulation,C03,pc_self,7,human,lost,retain,affirm,continuous,standard,9,1,Memory,Self-continuity
catman_pilot_v1,P076,manipulation,C03,pc_tran,2,human,lost,retain,affirm,continuous,standard,9,1,Memory,Transition continuity
catman_pilot_v1,P076,manipulation,C07,pc_sub,1,cat,retain,retain,affirm,discontinuous,standard,10,1,Body + transition,Body continuity
catman_pilot_v1,P076,manipulation,C07,pc_info,7,cat,retain,retain,affirm,discontinuous,standard,10,1,Body + transition,Memory continuity
catman_pilot_v1,P076,manipulation,C07,pc_func,7,cat,retain,retain,affirm,discontinuous,standard,10,1,Body + transition,Functional continuity
catman_pilot_v1,P076,manipulation,C07,pc_self,7,cat,retain,retain,affirm,discontinuous,standard,10,1,Body + transition,Self-continuity
catman_pilot_v1,P076,manipulation,C07,pc_tran,2,cat,retain,retain,affirm,discontinuous,standard,10,1,Body + transition,Transition continuity
catman_pilot_v1,P076,manipulation,C07,k_copy,4,cat,retain,retain,affirm,discontinuous,standard,10,1,Body + transition,Copy-likeness
catman_pilot_v1,P076,manipulation,C07,k_term,4,cat,retain,retain,affirm,discontinuous,standard,10,1,Body + transition,Termination
catman_pilot_v1,P003,manipulation,C07,pc_sub,1,cat,retain,retain,affirm,discontinuous,standard,1,1,Body + transition,Body continuity
catman_pilot_v1,P003,manipulation,C07,pc_info,7,cat,retain,retain,affirm,discontinuous,standard,1,1,Body + transition,Memory continuity
catman_pilot_v1,P003,manipulation,C07,pc_func,3,cat,retain,retain,affirm,discontinuous,standard,1,1,Body + transition,Functional continuity
catman_pilot_v1,P003,manipulation,C07,pc_self,5,cat,retain,retain,affirm,discontinuous,standard,1,1,Body + transition,Self-continuity
catman_pilot_v1,P003,manipulation,C07,pc_tran,1,cat,retain,retain,affirm,discontinuous,standard,1,1,Body + transition,Transition continuity
catman_pilot_v1,P003,manipulation,C07,k_copy,3,cat,retain,retain,affirm,discontinuous,standard,1,1,Body + transition,Copy-likeness
catman_pilot_v1,P003,manipulation,C07,k_term,2,cat,retain,retain,affirm,discontinuous,standard,1,1,Body + transition,Termination
catman_pilot_v1,P003,manipulation,C05,pc_sub,7,human,retain,retain,uncertain,continuous,standard,2,1,Self-ID uncertain,Body continuity
catman_pilot_v1,P003,manipulation,C05,pc_info,7,human,retain,retain,uncertain,continuous,standard,2,1,Self-ID uncertain,Memory continuity
catman_pilot_v1,P003,manipulation,C05,pc_func,7,human,retain,retain,uncertain,continuous,standard,2,1,Self-ID uncertain,Functional continuity
catman_pilot_v1,P003,manipulation,C05,pc_self,3,human,retain,retain,uncertain,continuous,standard,2,1,Self-ID uncertain,Self-continuity
catman_pilot_v1,P003,manipulation,C05,pc_tran,7,human,retain,retain,uncertain,continuous,standard,2,1,Self-ID uncertain,Transition continuity
catman_pilot_v1,P003,manipulation,C03,pc_sub,7,human,lost,retain,affirm,continuous,standard,3,1,Memory,Body continuity
catman_pilot_v1,P003,manipulation,C03,pc_info,1,human,lost,retain,affirm,continuous,standard,3,1,Memory,Memory continuity
catman_pilot_v1,P003,manipulation,C03,pc_func,7,human,lost,retain,affirm,continuous,standard,3,1,Memory,Functional continuity
catman_pilot_v1,P003,manipulation,C03,pc_self,5,human,lost,retain,affirm,continuous,standard,3,1,Memory,Self-continuity
catman_pilot_v1,P003,manipulation,C03,pc_tran,7,human,lost,retain,affirm,continuous,standard,3,1,Memory,Transition continuity
catman_pilot_v1,P003,manipulation,C06,pc_sub,7,human,retain,retain,affirm,discontinuous,standard,4,1,Transition,Body continuity
catman_pilot_v1,P003,manipulation,C06,pc_info,7,human,retain,retain,affirm,discontinuous,standard,4,1,Transition,Memory continuity
catman_pilot_v1,P003,manipulation,C06,pc_func,7,human,retain,retain,affirm,discontinuous,standard,4,1,Transition,Functional continuity
catman_pilot_v1,P003,manipulation,C06,pc_self,5,human,retain,retain,affirm,discontinuous,standard,4,1,Transition,Self-continuity
catman_pilot_v1,P003,manipulation,C06,pc_tran,1,human,retain,retain,affirm,discontinuous,standard,4,1,Transition,Transition continuity
catman_pilot_v1,P003,manipulation,C06,k_copy,3,human,retain,retain,affirm,discontinuous,standard,4,1,Transition,Copy-likeness
catman_pilot_v1,P003,manipulation,C06,k_term,2,human,retain,retain,affirm,discontinuous,standard,4,1,Transition,Termination
catman_pilot_v1,P003,manipulation,C02,pc_sub,1,cat,retain,retain,affirm,continuous,standard,5,1,Body,Body continuity
catman_pilot_v1,P003,manipulation,C02,pc_info,7,cat,retain,retain,affirm,continuous,standard,5,1,Body,Memory continuity
catman_pilot_v1,P003,manipulation,C02,pc_func,5,cat,retain,retain,affirm,continuous,standard,5,1,Body,Functional continuity
catman_pilot_v1,P003,manipulation,C02,pc_self,5,cat,retain,retain,affirm,continuous,standard,5,1,Body,Self-continuity
catman_pilot_v1,P003,manipulation,C02,pc_tran,1,cat,retain,retain,affirm,continuous,standard,5,1,Body,Transition continuity
catman_pilot_v1,P003,manipulation,A10,k_copy,6,cat,retain,retain,affirm,parallel,anchor,6,1,Parallel anchor,Copy-likeness
catman_pilot_v1,P003,manipulation,A10,k_term,1,cat,retain,retain,affirm,parallel,anchor,6,1,Parallel anchor,Termination
catman_pilot_v1,P003,manipulation,A10,k_coex,7,cat,retain,retain,affirm,parallel,anchor,6,1,Parallel anchor,Coexistence
catman_pilot_v1,P003,manipulation,A10,pc_sub,1,cat,retain,retain,affirm,parallel,anchor,6,1,Parallel anchor,Body continuity
catman_pilot_v1,P003,manipulation,A10,pc_info,7,cat,retain,retain,affirm,parallel,anchor,6,1,Parallel anchor,Memory continuity
catman_pilot_v1,P003,manipulation,A10,pc_func,5,cat,retain,retain,affirm,parallel,anchor,6,1,Parallel anchor,Functional continuity
catman_pilot_v1,P003,manipulation,A10,pc_self,7,cat,retain,retain,affirm,parallel,anchor,6,1,Parallel anchor,Self-continuity
catman_pilot_v1,P003,manipulation,A10,pc_tran,5,cat,retain,retain,affirm,parallel,anchor,6,1,Parallel anchor,Transition continuity
catman_pilot_v1,P003,manipulation,C08,pc_sub,7,human,lost,retain,affirm,discontinuous,standard,7,1,Memory + transition,Body continuity
catman_pilot_v1,P003,manipulation,C08,pc_info,1,human,lost,retain,affirm,discontinuous,standard,7,1,Memory + transition,Memory continuity
catman_pilot_v1,P003,manipulation,C08,pc_func,7,human,lost,retain,affirm,discontinuous,standard,7,1,Memory + transition,Functional continuity
catman_pilot_v1,P003,manipulation,C08,pc_self,3,human,lost,retain,affirm,discontinuous,standard,7,1,Memory + transition,Self-continuity
catman_pilot_v1,P003,manipulation,C08,pc_tran,3,human,lost,retain,affirm,discontinuous,standard,7,1,Memory + transition,Transition continuity
catman_pilot_v1,P003,manipulation,C08,k_copy,6,human,lost,retain,affirm,discontinuous,standard,7,1,Memory + transition,Copy-likeness
catman_pilot_v1,P003,manipulation,C08,k_term,3,human,lost,retain,affirm,discontinuous,standard,7,1,Memory + transition,Termination
catman_pilot_v1,P003,manipulation,C01,pc_sub,7,human,retain,retain,affirm,continuous,standard,8,1,Baseline,Body continuity
catman_pilot_v1,P003,manipulation,C01,pc_info,7,human,retain,retain,affirm,continuous,standard,8,1,Baseline,Memory continuity
catman_pilot_v1,P003,manipulation,C01,pc_func,7,human,retain,retain,affirm,continuous,standard,8,1,Baseline,Functional continuity
catman_pilot_v1,P003,manipulation,C01,pc_self,3,human,retain,retain,affirm,continuous,standard,8,1,Baseline,Self-continuity
catman_pilot_v1,P003,manipulation,C01,pc_tran,6,human,retain,retain,affirm,continuous,standard,8,1,Baseline,Transition continuity
catman_pilot_v1,P003,manipulation,C04,pc_sub,7,human,retain,limited,affirm,continuous,standard,9,1,Function,Body continuity
catman_pilot_v1,P003,manipulation,C04,pc_info,7,human,retain,limited,affirm,continuous,standard,9,1,Function,Memory continuity
catman_pilot_v1,P003,manipulation,C04,pc_func,1,human,retain,limited,affirm,continuous,standard,9,1,Function,Functional continuity
catman_pilot_v1,P003,manipulation,C04,pc_self,4,human,retain,limited,affirm,continuous,standard,9,1,Function,Self-continuity
catman_pilot_v1,P003,manipulation,C04,pc_tran,5,human,retain,limited,affirm,continuous,standard,9,1,Function,Transition continuity
catman_pilot_v1,P003,manipulation,A09,pc_sub,7,human,retain,retain,deny,continuous,anchor,10,1,Self-denial anchor,Body continuity
catman_pilot_v1,P003,manipulation,A09,pc_info,7,human,retain,retain,deny,continuous,anchor,10,1,Self-denial anchor,Memory continuity
catman_pilot_v1,P003,manipulation,A09,pc_func,7,human,retain,retain,deny,continuous,anchor,10,1,Self-denial anchor,Functional continuity
catman_pilot_v1,P003,manipulation,A09,pc_self,1,human,retain,retain,deny,continuous,anchor,10,1,Self-denial anchor,Self-continuity
catman_pilot_v1,P003,manipulation,A09,pc_tran,5,human,retain,retain,deny,continuous,anchor,10,1,Self-denial anchor,Transition continuity
catman_pilot_v1,P061,manipulation,C01,pc_sub,5,human,retain,retain,affirm,continuous,standard,1,1,Baseline,Body continuity
catman_pilot_v1,P061,manipulation,C01,pc_info,7,human,retain,retain,affirm,continuous,standard,1,1,Baseline,Memory continuity
catman_pilot_v1,P061,manipulation,C01,pc_func,5,human,retain,retain,affirm,continuous,standard,1,1,Baseline,Functional continuity
catman_pilot_v1,P061,manipulation,C01,pc_self,4,human,retain,retain,affirm,continuous,standard,1,1,Baseline,Self-continuity
catman_pilot_v1,P061,manipulation,C01,pc_tran,5,human,retain,retain,affirm,continuous,standard,1,1,Baseline,Transition continuity
catman_pilot_v1,P061,manipulation,C04,pc_sub,4,human,retain,limited,affirm,continuous,standard,2,1,Function,Body continuity
catman_pilot_v1,P061,manipulation,C04,pc_info,6,human,retain,limited,affirm,continuous,standard,2,1,Function,Memory continuity
catman_pilot_v1,P061,manipulation,C04,pc_func,3,human,retain,limited,affirm,continuous,standard,2,1,Function,Functional continuity
catman_pilot_v1,P061,manipulation,C04,pc_self,5,human,retain,limited,affirm,continuous,standard,2,1,Function,Self-continuity
catman_pilot_v1,P061,manipulation,C04,pc_tran,4,human,retain,limited,affirm,continuous,standard,2,1,Function,Transition continuity
catman_pilot_v1,P061,manipulation,C02,pc_sub,1,cat,retain,retain,affirm,continuous,standard,3,1,Body,Body continuity
catman_pilot_v1,P061,manipulation,C02,pc_info,6,cat,retain,retain,affirm,continuous,standard,3,1,Body,Memory continuity
catman_pilot_v1,P061,manipulation,C02,pc_func,6,cat,retain,retain,affirm,continuous,standard,3,1,Body,Functional continuity
catman_pilot_v1,P061,manipulation,C02,pc_self,5,cat,retain,retain,affirm,continuous,standard,3,1,Body,Self-continuity
catman_pilot_v1,P061,manipulation,C02,pc_tran,6,cat,retain,retain,affirm,continuous,standard,3,1,Body,Transition continuity
catman_pilot_v1,P061,manipulation,C03,pc_sub,6,human,lost,retain,affirm,continuous,standard,4,1,Memory,Body continuity
catman_pilot_v1,P061,manipulation,C03,pc_info,1,human,lost,retain,affirm,continuous,standard,4,1,Memory,Memory continuity
catman_pilot_v1,P061,manipulation,C03,pc_func,6,human,lost,retain,affirm,continuous,standard,4,1,Memory,Functional continuity
catman_pilot_v1,P061,manipulation,C03,pc_self,5,human,lost,retain,affirm,continuous,standard,4,1,Memory,Self-continuity
catman_pilot_v1,P061,manipulation,C03,pc_tran,6,human,lost,retain,affirm,continuous,standard,4,1,Memory,Transition continuity
catman_pilot_v1,P061,manipulation,A10,k_copy,6,cat,retain,retain,affirm,parallel,anchor,5,1,Parallel anchor,Copy-likeness
catman_pilot_v1,P061,manipulation,A10,k_term,5,cat,retain,retain,affirm,parallel,anchor,5,1,Parallel anchor,Termination
catman_pilot_v1,P061,manipulation,A10,k_coex,3,cat,retain,retain,affirm,parallel,anchor,5,1,Parallel anchor,Coexistence
catman_pilot_v1,P061,manipulation,A10,pc_sub,1,cat,retain,retain,affirm,parallel,anchor,5,1,Parallel anchor,Body continuity
catman_pilot_v1,P061,manipulation,A10,pc_info,6,cat,retain,retain,affirm,parallel,anchor,5,1,Parallel anchor,Memory continuity
catman_pilot_v1,P061,manipulation,A10,pc_func,6,cat,retain,retain,affirm,parallel,anchor,5,1,Parallel anchor,Functional continuity
catman_pilot_v1,P061,manipulation,A10,pc_self,5,cat,retain,retain,affirm,parallel,anchor,5,1,Parallel anchor,Self-continuity
catman_pilot_v1,P061,manipulation,A10,pc_tran,4,cat,retain,retain,affirm,parallel,anchor,5,1,Parallel anchor,Transition continuity
catman_pilot_v1,P061,manipulation,C08,pc_sub,6,human,lost,retain,affirm,discontinuous,standard,6,1,Memory + transition,Body continuity
catman_pilot_v1,P061,manipulation,C08,pc_info,1,human,lost,retain,affirm,discontinuous,standard,6,1,Memory + transition,Memory continuity
catman_pilot_v1,P061,manipulation,C08,pc_func,6,human,lost,retain,affirm,discontinuous,standard,6,1,Memory + transition,Functional continuity
catman_pilot_v1,P061,manipulation,C08,pc_self,5,human,lost,retain,affirm,discontinuous,standard,6,1,Memory + transition,Self-continuity
catman_pilot_v1,P061,manipulation,C08,pc_tran,5,human,lost,retain,affirm,discontinuous,standard,6,1,Memory + transition,Transition continuity
catman_pilot_v1,P061,manipulation,C08,k_copy,6,human,lost,retain,affirm,discontinuous,standard,6,1,Memory + transition,Copy-likeness
catman_pilot_v1,P061,manipulation,C08,k_term,5,human,lost,retain,affirm,discontinuous,standard,6,1,Memory + transition,Termination
catman_pilot_v1,P061,manipulation,A09,pc_sub,6,human,retain,retain,deny,continuous,anchor,7,1,Self-denial anchor,Body continuity
catman_pilot_v1,P061,manipulation,A09,pc_info,6,human,retain,retain,deny,continuous,anchor,7,1,Self-denial anchor,Memory continuity
catman_pilot_v1,P061,manipulation,A09,pc_func,5,human,retain,retain,deny,continuous,anchor,7,1,Self-denial anchor,Functional continuity
catman_pilot_v1,P061,manipulation,A09,pc_self,5,human,retain,retain,deny,continuous,anchor,7,1,Self-denial anchor,Self-continuity
catman_pilot_v1,P061,manipulation,A09,pc_tran,4,human,retain,retain,deny,continuous,anchor,7,1,Self-denial anchor,Transition continuity
catman_pilot_v1,P061,manipulation,C05,pc_sub,6,human,retain,retain,uncertain,continuous,standard,8,1,Self-ID uncertain,Body continuity
catman_pilot_v1,P061,manipulation,C05,pc_info,6,human,retain,retain,uncertain,continuous,standard,8,1,Self-ID uncertain,Memory continuity
catman_pilot_v1,P061,manipulation,C05,pc_func,5,human,retain,retain,uncertain,continuous,standard,8,1,Self-ID uncertain,Functional continuity
catman_pilot_v1,P061,manipulation,C05,pc_self,3,human,retain,retain,uncertain,continuous,standard,8,1,Self-ID uncertain,Self-continuity
catman_pilot_v1,P061,manipulation,C05,pc_tran,4,human,retain,retain,uncertain,continuous,standard,8,1,Self-ID uncertain,Transition continuity
catman_pilot_v1,P061,manipulation,C06,pc_sub,6,human,retain,retain,affirm,discontinuous,standard,9,1,Transition,Body continuity
catman_pilot_v1,P061,manipulation,C06,pc_info,6,human,retain,retain,affirm,discontinuous,standard,9,1,Transition,Memory continuity
catman_pilot_v1,P061,manipulation,C06,pc_func,5,human,retain,retain,affirm,discontinuous,standard,9,1,Transition,Functional continuity
catman_pilot_v1,P061,manipulation,C06,pc_self,5,human,retain,retain,affirm,discontinuous,standard,9,1,Transition,Self-continuity
catman_pilot_v1,P061,manipulation,C06,pc_tran,4,human,retain,retain,affirm,discontinuous,standard,9,1,Transition,Transition continuity
catman_pilot_v1,P061,manipulation,C06,k_copy,6,human,retain,retain,affirm,discontinuous,standard,9,1,Transition,Copy-likeness
catman_pilot_v1,P061,manipulation,C06,k_term,5,human,retain,retain,affirm,discontinuous,standard,9,1,Transition,Termination
catman_pilot_v1,P061,manipulation,C07,pc_sub,1,cat,retain,retain,affirm,discontinuous,standard,10,1,Body + transition,Body continuity
catman_pilot_v1,P061,manipulation,C07,pc_info,6,cat,retain,retain,affirm,discontinuous,standard,10,1,Body + transition,Memory continuity
catman_pilot_v1,P061,manipulation,C07,pc_func,5,cat,retain,retain,affirm,discontinuous,standard,10,1,Body + transition,Functional continuity
catman_pilot_v1,P061,manipulation,C07,pc_self,5,cat,retain,retain,affirm,discontinuous,standard,10,1,Body + transition,Self-continuity
catman_pilot_v1,P061,manipulation,C07,pc_tran,3,cat,retain,retain,affirm,discontinuous,standard,10,1,Body + transition,Transition continuity
catman_pilot_v1,P061,manipulation,C07,k_copy,6,cat,retain,retain,affirm,discontinuous,standard,10,1,Body + transition,Copy-likeness
catman_pilot_v1,P061,manipulation,C07,k_term,5,cat,retain,retain,affirm,discontinuous,standard,10,1,Body + transition,Termination
catman_pilot_v1,P050,manipulation,C05,pc_sub,7,human,retain,retain,uncertain,continuous,standard,1,1,Self-ID uncertain,Body continuity
catman_pilot_v1,P050,manipulation,C05,pc_info,7,human,retain,retain,uncertain,continuous,standard,1,1,Self-ID uncertain,Memory continuity
catman_pilot_v1,P050,manipulation,C05,pc_func,7,human,retain,retain,uncertain,continuous,standard,1,1,Self-ID uncertain,Functional continuity
catman_pilot_v1,P050,manipulation,C05,pc_self,4,human,retain,retain,uncertain,continuous,standard,1,1,Self-ID uncertain,Self-continuity
catman_pilot_v1,P050,manipulation,C05,pc_tran,7,human,retain,retain,uncertain,continuous,standard,1,1,Self-ID uncertain,Transition continuity
catman_pilot_v1,P050,manipulation,C02,pc_sub,1,cat,retain,retain,affirm,continuous,standard,2,1,Body,Body continuity
catman_pilot_v1,P050,manipulation,C02,pc_info,7,cat,retain,retain,affirm,continuous,standard,2,1,Body,Memory continuity
catman_pilot_v1,P050,manipulation,C02,pc_func,7,cat,retain,retain,affirm,continuous,standard,2,1,Body,Functional continuity
catman_pilot_v1,P050,manipulation,C02,pc_self,7,cat,retain,retain,affirm,continuous,standard,2,1,Body,Self-continuity
catman_pilot_v1,P050,manipulation,C02,pc_tran,7,cat,retain,retain,affirm,continuous,standard,2,1,Body,Transition continuity
catman_pilot_v1,P050,manipulation,C03,pc_sub,7,human,lost,retain,affirm,continuous,standard,3,1,Memory,Body continuity
catman_pilot_v1,P050,manipulation,C03,pc_info,1,human,lost,retain,affirm,continuous,standard,3,1,Memory,Memory continuity
catman_pilot_v1,P050,manipulation,C03,pc_func,7,human,lost,retain,affirm,continuous,standard,3,1,Memory,Functional continuity
catman_pilot_v1,P050,manipulation,C03,pc_self,7,human,lost,retain,affirm,continuous,standard,3,1,Memory,Self-continuity
catman_pilot_v1,P050,manipulation,C03,pc_tran,7,human,lost,retain,affirm,continuous,standard,3,1,Memory,Transition continuity
catman_pilot_v1,P050,manipulation,C08,pc_sub,7,human,lost,retain,affirm,discontinuous,standard,4,1,Memory + transition,Body continuity
catman_pilot_v1,P050,manipulation,C08,pc_info,1,human,lost,retain,affirm,discontinuous,standard,4,1,Memory + transition,Memory continuity
catman_pilot_v1,P050,manipulation,C08,pc_func,7,human,lost,retain,affirm,discontinuous,standard,4,1,Memory + transition,Functional continuity
catman_pilot_v1,P050,manipulation,C08,pc_self,7,human,lost,retain,affirm,discontinuous,standard,4,1,Memory + transition,Self-continuity
catman_pilot_v1,P050,manipulation,C08,pc_tran,1,human,lost,retain,affirm,discontinuous,standard,4,1,Memory + transition,Transition continuity
catman_pilot_v1,P050,manipulation,C08,k_copy,2,human,lost,retain,affirm,discontinuous,standard,4,1,Memory + transition,Copy-likeness
catman_pilot_v1,P050,manipulation,C08,k_term,7,human,lost,retain,affirm,discontinuous,standard,4,1,Memory + transition,Termination
catman_pilot_v1,P050,manipulation,C07,pc_sub,1,cat,retain,retain,affirm,discontinuous,standard,5,1,Body + transition,Body continuity
catman_pilot_v1,P050,manipulation,C07,pc_info,7,cat,retain,retain,affirm,discontinuous,standard,5,1,Body + transition,Memory continuity
catman_pilot_v1,P050,manipulation,C07,pc_func,7,cat,retain,retain,affirm,discontinuous,standard,5,1,Body + transition,Functional continuity
catman_pilot_v1,P050,manipulation,C07,pc_self,7,cat,retain,retain,affirm,discontinuous,standard,5,1,Body + transition,Self-continuity
catman_pilot_v1,P050,manipulation,C07,pc_tran,1,cat,retain,retain,affirm,discontinuous,standard,5,1,Body + transition,Transition continuity
catman_pilot_v1,P050,manipulation,C07,k_copy,2,cat,retain,retain,affirm,discontinuous,standard,5,1,Body + transition,Copy-likeness
catman_pilot_v1,P050,manipulation,C07,k_term,7,cat,retain,retain,affirm,discontinuous,standard,5,1,Body + transition,Termination
catman_pilot_v1,P050,manipulation,C06,pc_sub,7,human,retain,retain,affirm,discontinuous,standard,6,1,Transition,Body continuity
catman_pilot_v1,P050,manipulation,C06,pc_info,7,human,retain,retain,affirm,discontinuous,standard,6,1,Transition,Memory continuity
catman_pilot_v1,P050,manipulation,C06,pc_func,7,human,retain,retain,affirm,discontinuous,standard,6,1,Transition,Functional continuity
catman_pilot_v1,P050,manipulation,C06,pc_self,7,human,retain,retain,affirm,discontinuous,standard,6,1,Transition,Self-continuity
catman_pilot_v1,P050,manipulation,C06,pc_tran,1,human,retain,retain,affirm,discontinuous,standard,6,1,Transition,Transition continuity
catman_pilot_v1,P050,manipulation,C06,k_copy,7,human,retain,retain,affirm,discontinuous,standard,6,1,Transition,Copy-likeness
catman_pilot_v1,P050,manipulation,C06,k_term,7,human,retain,retain,affirm,discontinuous,standard,6,1,Transition,Termination
catman_pilot_v1,P050,manipulation,C01,pc_sub,7,human,retain,retain,affirm,continuous,standard,7,1,Baseline,Body continuity
catman_pilot_v1,P050,manipulation,C01,pc_info,7,human,retain,retain,affirm,continuous,standard,7,1,Baseline,Memory continuity
catman_pilot_v1,P050,manipulation,C01,pc_func,7,human,retain,retain,affirm,continuous,standard,7,1,Baseline,Functional continuity
catman_pilot_v1,P050,manipulation,C01,pc_self,7,human,retain,retain,affirm,continuous,standard,7,1,Baseline,Self-continuity
catman_pilot_v1,P050,manipulation,C01,pc_tran,7,human,retain,retain,affirm,continuous,standard,7,1,Baseline,Transition continuity
catman_pilot_v1,P050,manipulation,A09,pc_sub,7,human,retain,retain,deny,continuous,anchor,8,1,Self-denial anchor,Body continuity
catman_pilot_v1,P050,manipulation,A09,pc_info,7,human,retain,retain,deny,continuous,anchor,8,1,Self-denial anchor,Memory continuity
catman_pilot_v1,P050,manipulation,A09,pc_func,7,human,retain,retain,deny,continuous,anchor,8,1,Self-denial anchor,Functional continuity
catman_pilot_v1,P050,manipulation,A09,pc_self,1,human,retain,retain,deny,continuous,anchor,8,1,Self-denial anchor,Self-continuity
catman_pilot_v1,P050,manipulation,A09,pc_tran,7,human,retain,retain,deny,continuous,anchor,8,1,Self-denial anchor,Transition continuity
catman_pilot_v1,P050,manipulation,A10,k_copy,7,cat,retain,retain,affirm,parallel,anchor,9,1,Parallel anchor,Copy-likeness
catman_pilot_v1,P050,manipulation,A10,k_term,1,cat,retain,retain,affirm,parallel,anchor,9,1,Parallel anchor,Termination
catman_pilot_v1,P050,manipulation,A10,k_coex,7,cat,retain,retain,affirm,parallel,anchor,9,1,Parallel anchor,Coexistence
catman_pilot_v1,P050,manipulation,A10,pc_sub,1,cat,retain,retain,affirm,parallel,anchor,9,1,Parallel anchor,Body continuity
catman_pilot_v1,P050,manipulation,A10,pc_info,7,cat,retain,retain,affirm,parallel,anchor,9,1,Parallel anchor,Memory continuity
catman_pilot_v1,P050,manipulation,A10,pc_func,7,cat,retain,retain,affirm,parallel,anchor,9,1,Parallel anchor,Functional continuity
catman_pilot_v1,P050,manipulation,A10,pc_self,7,cat,retain,retain,affirm,parallel,anchor,9,1,Parallel anchor,Self-continuity
catman_pilot_v1,P050,manipulation,A10,pc_tran,1,cat,retain,retain,affirm,parallel,anchor,9,1,Parallel anchor,Transition continuity
catman_pilot_v1,P050,manipulation,C04,pc_sub,7,human,retain,limited,affirm,continuous,standard,10,1,Function,Body continuity
catman_pilot_v1,P050,manipulation,C04,pc_info,7,human,retain,limited,affirm,continuous,standard,10,1,Function,Memory continuity
catman_pilot_v1,P050,manipulation,C04,pc_func,3,human,retain,limited,affirm,continuous,standard,10,1,Function,Functional continuity
catman_pilot_v1,P050,manipulation,C04,pc_self,7,human,retain,limited,affirm,continuous,standard,10,1,Function,Self-continuity
catman_pilot_v1,P050,manipulation,C04,pc_tran,7,human,retain,limited,affirm,continuous,standard,10,1,Function,Transition continuity
catman_pilot_v1,P098,manipulation,C08,pc_sub,5,human,lost,retain,affirm,discontinuous,standard,1,1,Memory + transition,Body continuity
catman_pilot_v1,P098,manipulation,C08,pc_info,6,human,lost,retain,affirm,discontinuous,standard,1,1,Memory + transition,Memory continuity
catman_pilot_v1,P098,manipulation,C08,pc_func,5,human,lost,retain,affirm,discontinuous,standard,1,1,Memory + transition,Functional continuity
catman_pilot_v1,P098,manipulation,C08,pc_self,4,human,lost,retain,affirm,discontinuous,standard,1,1,Memory + transition,Self-continuity
catman_pilot_v1,P098,manipulation,C08,pc_tran,5,human,lost,retain,affirm,discontinuous,standard,1,1,Memory + transition,Transition continuity
catman_pilot_v1,P098,manipulation,C08,k_copy,5,human,lost,retain,affirm,discontinuous,standard,1,1,Memory + transition,Copy-likeness
catman_pilot_v1,P098,manipulation,C08,k_term,3,human,lost,retain,affirm,discontinuous,standard,1,1,Memory + transition,Termination
catman_pilot_v1,P098,manipulation,C01,pc_sub,7,human,retain,retain,affirm,continuous,standard,2,1,Baseline,Body continuity
catman_pilot_v1,P098,manipulation,C01,pc_info,7,human,retain,retain,affirm,continuous,standard,2,1,Baseline,Memory continuity
catman_pilot_v1,P098,manipulation,C01,pc_func,7,human,retain,retain,affirm,continuous,standard,2,1,Baseline,Functional continuity
catman_pilot_v1,P098,manipulation,C01,pc_self,7,human,retain,retain,affirm,continuous,standard,2,1,Baseline,Self-continuity
catman_pilot_v1,P098,manipulation,C01,pc_tran,7,human,retain,retain,affirm,continuous,standard,2,1,Baseline,Transition continuity
catman_pilot_v1,P098,manipulation,C04,pc_sub,7,human,retain,limited,affirm,continuous,standard,3,1,Function,Body continuity
catman_pilot_v1,P098,manipulation,C04,pc_info,7,human,retain,limited,affirm,continuous,standard,3,1,Function,Memory continuity
catman_pilot_v1,P098,manipulation,C04,pc_func,2,human,retain,limited,affirm,continuous,standard,3,1,Function,Functional continuity
catman_pilot_v1,P098,manipulation,C04,pc_self,7,human,retain,limited,affirm,continuous,standard,3,1,Function,Self-continuity
catman_pilot_v1,P098,manipulation,C04,pc_tran,7,human,retain,limited,affirm,continuous,standard,3,1,Function,Transition continuity
catman_pilot_v1,P098,manipulation,C07,pc_sub,7,cat,retain,retain,affirm,discontinuous,standard,4,1,Body + transition,Body continuity
catman_pilot_v1,P098,manipulation,C07,pc_info,7,cat,retain,retain,affirm,discontinuous,standard,4,1,Body + transition,Memory continuity
catman_pilot_v1,P098,manipulation,C07,pc_func,6,cat,retain,retain,affirm,discontinuous,standard,4,1,Body + transition,Functional continuity
catman_pilot_v1,P098,manipulation,C07,pc_self,1,cat,retain,retain,affirm,discontinuous,standard,4,1,Body + transition,Self-continuity
catman_pilot_v1,P098,manipulation,C07,pc_tran,6,cat,retain,retain,affirm,discontinuous,standard,4,1,Body + transition,Transition continuity
catman_pilot_v1,P098,manipulation,C07,k_copy,5,cat,retain,retain,affirm,discontinuous,standard,4,1,Body + transition,Copy-likeness
catman_pilot_v1,P098,manipulation,C07,k_term,4,cat,retain,retain,affirm,discontinuous,standard,4,1,Body + transition,Termination
catman_pilot_v1,P098,manipulation,C03,pc_sub,7,human,lost,retain,affirm,continuous,standard,5,1,Memory,Body continuity
catman_pilot_v1,P098,manipulation,C03,pc_info,7,human,lost,retain,affirm,continuous,standard,5,1,Memory,Memory continuity
catman_pilot_v1,P098,manipulation,C03,pc_func,7,human,lost,retain,affirm,continuous,standard,5,1,Memory,Functional continuity
catman_pilot_v1,P098,manipulation,C03,pc_self,7,human,lost,retain,affirm,continuous,standard,5,1,Memory,Self-continuity
catman_pilot_v1,P098,manipulation,C03,pc_tran,7,human,lost,retain,affirm,continuous,standard,5,1,Memory,Transition continuity
catman_pilot_v1,P098,manipulation,C06,pc_sub,7,human,retain,retain,affirm,discontinuous,standard,6,1,Transition,Body continuity
catman_pilot_v1,P098,manipulation,C06,pc_info,7,human,retain,retain,affirm,discontinuous,standard,6,1,Transition,Memory continuity
catman_pilot_v1,P098,manipulation,C06,pc_func,7,human,retain,retain,affirm,discontinuous,standard,6,1,Transition,Functional continuity
catman_pilot_v1,P098,manipulation,C06,pc_self,7,human,retain,retain,affirm,discontinuous,standard,6,1,Transition,Self-continuity
catman_pilot_v1,P098,manipulation,C06,pc_tran,6,human,retain,retain,affirm,discontinuous,standard,6,1,Transition,Transition continuity
catman_pilot_v1,P098,manipulation,C06,k_copy,6,human,retain,retain,affirm,discontinuous,standard,6,1,Transition,Copy-likeness
catman_pilot_v1,P098,manipulation,C06,k_term,7,human,retain,retain,affirm,discontinuous,standard,6,1,Transition,Termination
catman_pilot_v1,P098,manipulation,A10,k_copy,7,cat,retain,retain,affirm,parallel,anchor,7,1,Parallel anchor,Copy-likeness
catman_pilot_v1,P098,manipulation,A10,k_term,5,cat,retain,retain,affirm,parallel,anchor,7,1,Parallel anchor,Termination
catman_pilot_v1,P098,manipulation,A10,k_coex,7,cat,retain,retain,affirm,parallel,anchor,7,1,Parallel anchor,Coexistence
catman_pilot_v1,P098,manipulation,A10,pc_sub,1,cat,retain,retain,affirm,parallel,anchor,7,1,Parallel anchor,Body continuity
catman_pilot_v1,P098,manipulation,A10,pc_info,6,cat,retain,retain,affirm,parallel,anchor,7,1,Parallel anchor,Memory continuity
catman_pilot_v1,P098,manipulation,A10,pc_func,7,cat,retain,retain,affirm,parallel,anchor,7,1,Parallel anchor,Functional continuity
catman_pilot_v1,P098,manipulation,A10,pc_self,7,cat,retain,retain,affirm,parallel,anchor,7,1,Parallel anchor,Self-continuity
catman_pilot_v1,P098,manipulation,A10,pc_tran,5,cat,retain,retain,affirm,parallel,anchor,7,1,Parallel anchor,Transition continuity
catman_pilot_v1,P098,manipulation,C05,pc_sub,7,human,retain,retain,uncertain,continuous,standard,8,1,Self-ID uncertain,Body continuity
catman_pilot_v1,P098,manipulation,C05,pc_info,7,human,retain,retain,uncertain,continuous,standard,8,1,Self-ID uncertain,Memory continuity
catman_pilot_v1,P098,manipulation,C05,pc_func,7,human,retain,retain,uncertain,continuous,standard,8,1,Self-ID uncertain,Functional continuity
catman_pilot_v1,P098,manipulation,C05,pc_self,1,human,retain,retain,uncertain,continuous,standard,8,1,Self-ID uncertain,Self-continuity
catman_pilot_v1,P098,manipulation,C05,pc_tran,4,human,retain,retain,uncertain,continuous,standard,8,1,Self-ID uncertain,Transition continuity
catman_pilot_v1,P098,manipulation,A09,pc_sub,7,human,retain,retain,deny,continuous,anchor,9,1,Self-denial anchor,Body continuity
catman_pilot_v1,P098,manipulation,A09,pc_info,7,human,retain,retain,deny,continuous,anchor,9,1,Self-denial anchor,Memory continuity
catman_pilot_v1,P098,manipulation,A09,pc_func,7,human,retain,retain,deny,continuous,anchor,9,1,Self-denial anchor,Functional continuity
catman_pilot_v1,P098,manipulation,A09,pc_self,1,human,retain,retain,deny,continuous,anchor,9,1,Self-denial anchor,Self-continuity
catman_pilot_v1,P098,manipulation,A09,pc_tran,5,human,retain,retain,deny,continuous,anchor,9,1,Self-denial anchor,Transition continuity
catman_pilot_v1,P098,manipulation,C02,pc_sub,1,cat,retain,retain,affirm,continuous,standard,10,1,Body,Body continuity
catman_pilot_v1,P098,manipulation,C02,pc_info,7,cat,retain,retain,affirm,continuous,standard,10,1,Body,Memory continuity
catman_pilot_v1,P098,manipulation,C02,pc_func,7,cat,retain,retain,affirm,continuous,standard,10,1,Body,Functional continuity
catman_pilot_v1,P098,manipulation,C02,pc_self,7,cat,retain,retain,affirm,continuous,standard,10,1,Body,Self-continuity
catman_pilot_v1,P098,manipulation,C02,pc_tran,5,cat,retain,retain,affirm,continuous,standard,10,1,Body,Transition continuity
catman_pilot_v1,P006,manipulation,C07,pc_sub,1,cat,retain,retain,affirm,discontinuous,standard,1,1,Body + transition,Body continuity
catman_pilot_v1,P006,manipulation,C07,pc_info,7,cat,retain,retain,affirm,discontinuous,standard,1,1,Body + transition,Memory continuity
catman_pilot_v1,P006,manipulation,C07,pc_func,7,cat,retain,retain,affirm,discontinuous,standard,1,1,Body + transition,Functional continuity
catman_pilot_v1,P006,manipulation,C07,pc_self,3,cat,retain,retain,affirm,discontinuous,standard,1,1,Body + transition,Self-continuity
catman_pilot_v1,P006,manipulation,C07,pc_tran,1,cat,retain,retain,affirm,discontinuous,standard,1,1,Body + transition,Transition continuity
catman_pilot_v1,P006,manipulation,C07,k_copy,7,cat,retain,retain,affirm,discontinuous,standard,1,1,Body + transition,Copy-likeness
catman_pilot_v1,P006,manipulation,C07,k_term,1,cat,retain,retain,affirm,discontinuous,standard,1,1,Body + transition,Termination
catman_pilot_v1,P006,manipulation,C08,pc_sub,7,human,lost,retain,affirm,discontinuous,standard,2,1,Memory + transition,Body continuity
catman_pilot_v1,P006,manipulation,C08,pc_info,1,human,lost,retain,affirm,discontinuous,standard,2,1,Memory + transition,Memory continuity
catman_pilot_v1,P006,manipulation,C08,pc_func,7,human,lost,retain,affirm,discontinuous,standard,2,1,Memory + transition,Functional continuity
catman_pilot_v1,P006,manipulation,C08,pc_self,1,human,lost,retain,affirm,discontinuous,standard,2,1,Memory + transition,Self-continuity
catman_pilot_v1,P006,manipulation,C08,pc_tran,1,human,lost,retain,affirm,discontinuous,standard,2,1,Memory + transition,Transition continuity
catman_pilot_v1,P006,manipulation,C08,k_copy,1,human,lost,retain,affirm,discontinuous,standard,2,1,Memory + transition,Copy-likeness
catman_pilot_v1,P006,manipulation,C08,k_term,1,human,lost,retain,affirm,discontinuous,standard,2,1,Memory + transition,Termination
catman_pilot_v1,P006,manipulation,C03,pc_sub,7,human,lost,retain,affirm,continuous,standard,3,1,Memory,Body continuity
catman_pilot_v1,P006,manipulation,C03,pc_info,1,human,lost,retain,affirm,continuous,standard,3,1,Memory,Memory continuity
catman_pilot_v1,P006,manipulation,C03,pc_func,7,human,lost,retain,affirm,continuous,standard,3,1,Memory,Functional continuity
catman_pilot_v1,P006,manipulation,C03,pc_self,4,human,lost,retain,affirm,continuous,standard,3,1,Memory,Self-continuity
catman_pilot_v1,P006,manipulation,C03,pc_tran,7,human,lost,retain,affirm,continuous,standard,3,1,Memory,Transition continuity
catman_pilot_v1,P006,manipulation,C01,pc_sub,7,human,retain,retain,affirm,continuous,standard,4,1,Baseline,Body continuity
catman_pilot_v1,P006,manipulation,C01,pc_info,7,human,retain,retain,affirm,continuous,standard,4,1,Baseline,Memory continuity
catman_pilot_v1,P006,manipulation,C01,pc_func,7,human,retain,retain,affirm,continuous,standard,4,1,Baseline,Functional continuity
catman_pilot_v1,P006,manipulation,C01,pc_self,7,human,retain,retain,affirm,continuous,standard,4,1,Baseline,Self-continuity
catman_pilot_v1,P006,manipulation,C01,pc_tran,1,human,retain,retain,affirm,continuous,standard,4,1,Baseline,Transition continuity
catman_pilot_v1,P006,manipulation,C02,pc_sub,1,cat,retain,retain,affirm,continuous,standard,5,1,Body,Body continuity
catman_pilot_v1,P006,manipulation,C02,pc_info,7,cat,retain,retain,affirm,continuous,standard,5,1,Body,Memory continuity
catman_pilot_v1,P006,manipulation,C02,pc_func,7,cat,retain,retain,affirm,continuous,standard,5,1,Body,Functional continuity
catman_pilot_v1,P006,manipulation,C02,pc_self,7,cat,retain,retain,affirm,continuous,standard,5,1,Body,Self-continuity
catman_pilot_v1,P006,manipulation,C02,pc_tran,7,cat,retain,retain,affirm,continuous,standard,5,1,Body,Transition continuity
catman_pilot_v1,P006,manipulation,A09,pc_sub,7,human,retain,retain,deny,continuous,anchor,6,1,Self-denial anchor,Body continuity
catman_pilot_v1,P006,manipulation,A09,pc_info,7,human,retain,retain,deny,continuous,anchor,6,1,Self-denial anchor,Memory continuity
catman_pilot_v1,P006,manipulation,A09,pc_func,7,human,retain,retain,deny,continuous,anchor,6,1,Self-denial anchor,Functional continuity
catman_pilot_v1,P006,manipulation,A09,pc_self,1,human,retain,retain,deny,continuous,anchor,6,1,Self-denial anchor,Self-continuity
catman_pilot_v1,P006,manipulation,A09,pc_tran,7,human,retain,retain,deny,continuous,anchor,6,1,Self-denial anchor,Transition continuity
catman_pilot_v1,P006,manipulation,C04,pc_sub,7,human,retain,limited,affirm,continuous,standard,7,1,Function,Body continuity
catman_pilot_v1,P006,manipulation,C04,pc_info,7,human,retain,limited,affirm,continuous,standard,7,1,Function,Memory continuity
catman_pilot_v1,P006,manipulation,C04,pc_func,1,human,retain,limited,affirm,continuous,standard,7,1,Function,Functional continuity
catman_pilot_v1,P006,manipulation,C04,pc_self,7,human,retain,limited,affirm,continuous,standard,7,1,Function,Self-continuity
catman_pilot_v1,P006,manipulation,C04,pc_tran,7,human,retain,limited,affirm,continuous,standard,7,1,Function,Transition continuity
catman_pilot_v1,P006,manipulation,C05,pc_sub,7,human,retain,retain,uncertain,continuous,standard,8,1,Self-ID uncertain,Body continuity
catman_pilot_v1,P006,manipulation,C05,pc_info,7,human,retain,retain,uncertain,continuous,standard,8,1,Self-ID uncertain,Memory continuity
catman_pilot_v1,P006,manipulation,C05,pc_func,7,human,retain,retain,uncertain,continuous,standard,8,1,Self-ID uncertain,Functional continuity
catman_pilot_v1,P006,manipulation,C05,pc_self,4,human,retain,retain,uncertain,continuous,standard,8,1,Self-ID uncertain,Self-continuity
catman_pilot_v1,P006,manipulation,C05,pc_tran,7,human,retain,retain,uncertain,continuous,standard,8,1,Self-ID uncertain,Transition continuity
catman_pilot_v1,P006,manipulation,A10,k_copy,7,cat,retain,retain,affirm,parallel,anchor,9,1,Parallel anchor,Copy-likeness
catman_pilot_v1,P006,manipulation,A10,k_term,7,cat,retain,retain,affirm,parallel,anchor,9,1,Parallel anchor,Termination
catman_pilot_v1,P006,manipulation,A10,k_coex,7,cat,retain,retain,affirm,parallel,anchor,9,1,Parallel anchor,Coexistence
catman_pilot_v1,P006,manipulation,A10,pc_sub,1,cat,retain,retain,affirm,parallel,anchor,9,1,Parallel anchor,Body continuity
catman_pilot_v1,P006,manipulation,A10,pc_info,7,cat,retain,retain,affirm,parallel,anchor,9,1,Parallel anchor,Memory continuity
catman_pilot_v1,P006,manipulation,A10,pc_func,7,cat,retain,retain,affirm,parallel,anchor,9,1,Parallel anchor,Functional continuity
catman_pilot_v1,P006,manipulation,A10,pc_self,7,cat,retain,retain,affirm,parallel,anchor,9,1,Parallel anchor,Self-continuity
catman_pilot_v1,P006,manipulation,A10,pc_tran,7,cat,retain,retain,affirm,parallel,anchor,9,1,Parallel anchor,Transition continuity
catman_pilot_v1,P006,manipulation,C06,pc_sub,7,human,retain,retain,affirm,discontinuous,standard,10,1,Transition,Body continuity
catman_pilot_v1,P006,manipulation,C06,pc_info,7,human,retain,retain,affirm,discontinuous,standard,10,1,Transition,Memory continuity
catman_pilot_v1,P006,manipulation,C06,pc_func,7,human,retain,retain,affirm,discontinuous,standard,10,1,Transition,Functional continuity
catman_pilot_v1,P006,manipulation,C06,pc_self,7,human,retain,retain,affirm,discontinuous,standard,10,1,Transition,Self-continuity
catman_pilot_v1,P006,manipulation,C06,pc_tran,7,human,retain,retain,affirm,discontinuous,standard,10,1,Transition,Transition continuity
catman_pilot_v1,P006,manipulation,C06,k_copy,7,human,retain,retain,affirm,discontinuous,standard,10,1,Transition,Copy-likeness
catman_pilot_v1,P006,manipulation,C06,k_term,7,human,retain,retain,affirm,discontinuous,standard,10,1,Transition,Termination
catman_pilot_v1,P014,manipulation,C03,pc_sub,2,human,lost,retain,affirm,continuous,standard,1,1,Memory,Body continuity
catman_pilot_v1,P014,manipulation,C03,pc_info,5,human,lost,retain,affirm,continuous,standard,1,1,Memory,Memory continuity
catman_pilot_v1,P014,manipulation,C03,pc_func,4,human,lost,retain,affirm,continuous,standard,1,1,Memory,Functional continuity
catman_pilot_v1,P014,manipulation,C03,pc_self,4,human,lost,retain,affirm,continuous,standard,1,1,Memory,Self-continuity
catman_pilot_v1,P014,manipulation,C03,pc_tran,2,human,lost,retain,affirm,continuous,standard,1,1,Memory,Transition continuity
catman_pilot_v1,P014,manipulation,C07,pc_sub,1,cat,retain,retain,affirm,discontinuous,standard,2,1,Body + transition,Body continuity
catman_pilot_v1,P014,manipulation,C07,pc_info,5,cat,retain,retain,affirm,discontinuous,standard,2,1,Body + transition,Memory continuity
catman_pilot_v1,P014,manipulation,C07,pc_func,2,cat,retain,retain,affirm,discontinuous,standard,2,1,Body + transition,Functional continuity
catman_pilot_v1,P014,manipulation,C07,pc_self,4,cat,retain,retain,affirm,discontinuous,standard,2,1,Body + transition,Self-continuity
catman_pilot_v1,P014,manipulation,C07,pc_tran,1,cat,retain,retain,affirm,discontinuous,standard,2,1,Body + transition,Transition continuity
catman_pilot_v1,P014,manipulation,C07,k_copy,5,cat,retain,retain,affirm,discontinuous,standard,2,1,Body + transition,Copy-likeness
catman_pilot_v1,P014,manipulation,C07,k_term,4,cat,retain,retain,affirm,discontinuous,standard,2,1,Body + transition,Termination
catman_pilot_v1,P014,manipulation,C08,pc_sub,6,human,lost,retain,affirm,discontinuous,standard,3,1,Memory + transition,Body continuity
catman_pilot_v1,P014,manipulation,C08,pc_info,1,human,lost,retain,affirm,discontinuous,standard,3,1,Memory + transition,Memory continuity
catman_pilot_v1,P014,manipulation,C08,pc_func,2,human,lost,retain,affirm,discontinuous,standard,3,1,Memory + transition,Functional continuity
catman_pilot_v1,P014,manipulation,C08,pc_self,5,human,lost,retain,affirm,discontinuous,standard,3,1,Memory + transition,Self-continuity
catman_pilot_v1,P014,manipulation,C08,pc_tran,1,human,lost,retain,affirm,discontinuous,standard,3,1,Memory + transition,Transition continuity
catman_pilot_v1,P014,manipulation,C08,k_copy,5,human,lost,retain,affirm,discontinuous,standard,3,1,Memory + transition,Copy-likeness
catman_pilot_v1,P014,manipulation,C08,k_term,6,human,lost,retain,affirm,discontinuous,standard,3,1,Memory + transition,Termination
catman_pilot_v1,P014,manipulation,C04,pc_sub,6,human,retain,limited,affirm,continuous,standard,4,1,Function,Body continuity
catman_pilot_v1,P014,manipulation,C04,pc_info,1,human,retain,limited,affirm,continuous,standard,4,1,Function,Memory continuity
catman_pilot_v1,P014,manipulation,C04,pc_func,1,human,retain,limited,affirm,continuous,standard,4,1,Function,Functional continuity
catman_pilot_v1,P014,manipulation,C04,pc_self,4,human,retain,limited,affirm,continuous,standard,4,1,Function,Self-continuity
catman_pilot_v1,P014,manipulation,C04,pc_tran,7,human,retain,limited,affirm,continuous,standard,4,1,Function,Transition continuity
catman_pilot_v1,P014,manipulation,A10,k_copy,4,cat,retain,retain,affirm,parallel,anchor,5,1,Parallel anchor,Copy-likeness
catman_pilot_v1,P014,manipulation,A10,k_term,1,cat,retain,retain,affirm,parallel,anchor,5,1,Parallel anchor,Termination
catman_pilot_v1,P014,manipulation,A10,k_coex,6,cat,retain,retain,affirm,parallel,anchor,5,1,Parallel anchor,Coexistence
catman_pilot_v1,P014,manipulation,A10,pc_sub,1,cat,retain,retain,affirm,parallel,anchor,5,1,Parallel anchor,Body continuity
catman_pilot_v1,P014,manipulation,A10,pc_info,4,cat,retain,retain,affirm,parallel,anchor,5,1,Parallel anchor,Memory continuity
catman_pilot_v1,P014,manipulation,A10,pc_func,3,cat,retain,retain,affirm,parallel,anchor,5,1,Parallel anchor,Functional continuity
catman_pilot_v1,P014,manipulation,A10,pc_self,4,cat,retain,retain,affirm,parallel,anchor,5,1,Parallel anchor,Self-continuity
catman_pilot_v1,P014,manipulation,A10,pc_tran,4,cat,retain,retain,affirm,parallel,anchor,5,1,Parallel anchor,Transition continuity
catman_pilot_v1,P014,manipulation,C01,pc_sub,6,human,retain,retain,affirm,continuous,standard,6,1,Baseline,Body continuity
catman_pilot_v1,P014,manipulation,C01,pc_info,6,human,retain,retain,affirm,continuous,standard,6,1,Baseline,Memory continuity
catman_pilot_v1,P014,manipulation,C01,pc_func,6,human,retain,retain,affirm,continuous,standard,6,1,Baseline,Functional continuity
catman_pilot_v1,P014,manipulation,C01,pc_self,6,human,retain,retain,affirm,continuous,standard,6,1,Baseline,Self-continuity
catman_pilot_v1,P014,manipulation,C01,pc_tran,6,human,retain,retain,affirm,continuous,standard,6,1,Baseline,Transition continuity
catman_pilot_v1,P014,manipulation,A09,pc_sub,6,human,retain,retain,deny,continuous,anchor,7,1,Self-denial anchor,Body continuity
catman_pilot_v1,P014,manipulation,A09,pc_info,6,human,retain,retain,deny,continuous,anchor,7,1,Self-denial anchor,Memory continuity
catman_pilot_v1,P014,manipulation,A09,pc_func,6,human,retain,retain,deny,continuous,anchor,7,1,Self-denial anchor,Functional continuity
catman_pilot_v1,P014,manipulation,A09,pc_self,2,human,retain,retain,deny,continuous,anchor,7,1,Self-denial anchor,Self-continuity
catman_pilot_v1,P014,manipulation,A09,pc_tran,6,human,retain,retain,deny,continuous,anchor,7,1,Self-denial anchor,Transition continuity
catman_pilot_v1,P014,manipulation,C06,pc_sub,6,human,retain,retain,affirm,discontinuous,standard,8,1,Transition,Body continuity
catman_pilot_v1,P014,manipulation,C06,pc_info,6,human,retain,retain,affirm,discontinuous,standard,8,1,Transition,Memory continuity
catman_pilot_v1,P014,manipulation,C06,pc_func,6,human,retain,retain,affirm,discontinuous,standard,8,1,Transition,Functional continuity
catman_pilot_v1,P014,manipulation,C06,pc_self,6,human,retain,retain,affirm,discontinuous,standard,8,1,Transition,Self-continuity
catman_pilot_v1,P014,manipulation,C06,pc_tran,2,human,retain,retain,affirm,discontinuous,standard,8,1,Transition,Transition continuity
catman_pilot_v1,P014,manipulation,C06,k_copy,5,human,retain,retain,affirm,discontinuous,standard,8,1,Transition,Copy-likeness
catman_pilot_v1,P014,manipulation,C06,k_term,4,human,retain,retain,affirm,discontinuous,standard,8,1,Transition,Termination
catman_pilot_v1,P014,manipulation,C05,pc_sub,6,human,retain,retain,uncertain,continuous,standard,9,1,Self-ID uncertain,Body continuity
catman_pilot_v1,P014,manipulation,C05,pc_info,6,human,retain,retain,uncertain,continuous,standard,9,1,Self-ID uncertain,Memory continuity
catman_pilot_v1,P014,manipulation,C05,pc_func,6,human,retain,retain,uncertain,continuous,standard,9,1,Self-ID uncertain,Functional continuity
catman_pilot_v1,P014,manipulation,C05,pc_self,3,human,retain,retain,uncertain,continuous,standard,9,1,Self-ID uncertain,Self-continuity
catman_pilot_v1,P014,manipulation,C05,pc_tran,2,human,retain,retain,uncertain,continuous,standard,9,1,Self-ID uncertain,Transition continuity
catman_pilot_v1,P014,manipulation,C02,pc_sub,1,cat,retain,retain,affirm,continuous,standard,10,1,Body,Body continuity
catman_pilot_v1,P014,manipulation,C02,pc_info,6,cat,retain,retain,affirm,continuous,standard,10,1,Body,Memory continuity
catman_pilot_v1,P014,manipulation,C02,pc_func,2,cat,retain,retain,affirm,continuous,standard,10,1,Body,Functional continuity
catman_pilot_v1,P014,manipulation,C02,pc_self,5,cat,retain,retain,affirm,continuous,standard,10,1,Body,Self-continuity
catman_pilot_v1,P014,manipulation,C02,pc_tran,6,cat,retain,retain,affirm,continuous,standard,10,1,Body,Transition continuity
catman_pilot_v1,P091,manipulation,C05,pc_sub,7,human,retain,retain,uncertain,continuous,standard,1,1,Self-ID uncertain,Body continuity
catman_pilot_v1,P091,manipulation,C05,pc_info,7,human,retain,retain,uncertain,continuous,standard,1,1,Self-ID uncertain,Memory continuity
catman_pilot_v1,P091,manipulation,C05,pc_func,7,human,retain,retain,uncertain,continuous,standard,1,1,Self-ID uncertain,Functional continuity
catman_pilot_v1,P091,manipulation,C05,pc_self,7,human,retain,retain,uncertain,continuous,standard,1,1,Self-ID uncertain,Self-continuity
catman_pilot_v1,P091,manipulation,C05,pc_tran,4,human,retain,retain,uncertain,continuous,standard,1,1,Self-ID uncertain,Transition continuity
catman_pilot_v1,P091,manipulation,C03,pc_sub,7,human,lost,retain,affirm,continuous,standard,2,1,Memory,Body continuity
catman_pilot_v1,P091,manipulation,C03,pc_info,1,human,lost,retain,affirm,continuous,standard,2,1,Memory,Memory continuity
catman_pilot_v1,P091,manipulation,C03,pc_func,7,human,lost,retain,affirm,continuous,standard,2,1,Memory,Functional continuity
catman_pilot_v1,P091,manipulation,C03,pc_self,7,human,lost,retain,affirm,continuous,standard,2,1,Memory,Self-continuity
catman_pilot_v1,P091,manipulation,C03,pc_tran,2,human,lost,retain,affirm,continuous,standard,2,1,Memory,Transition continuity
catman_pilot_v1,P091,manipulation,C08,pc_sub,7,human,lost,retain,affirm,discontinuous,standard,3,1,Memory + transition,Body continuity
catman_pilot_v1,P091,manipulation,C08,pc_info,1,human,lost,retain,affirm,discontinuous,standard,3,1,Memory + transition,Memory continuity
catman_pilot_v1,P091,manipulation,C08,pc_func,7,human,lost,retain,affirm,discontinuous,standard,3,1,Memory + transition,Functional continuity
catman_pilot_v1,P091,manipulation,C08,pc_self,7,human,lost,retain,affirm,discontinuous,standard,3,1,Memory + transition,Self-continuity
catman_pilot_v1,P091,manipulation,C08,pc_tran,1,human,lost,retain,affirm,discontinuous,standard,3,1,Memory + transition,Transition continuity
catman_pilot_v1,P091,manipulation,C08,k_copy,1,human,lost,retain,affirm,discontinuous,standard,3,1,Memory + transition,Copy-likeness
catman_pilot_v1,P091,manipulation,C08,k_term,1,human,lost,retain,affirm,discontinuous,standard,3,1,Memory + transition,Termination
catman_pilot_v1,P091,manipulation,C01,pc_sub,7,human,retain,retain,affirm,continuous,standard,4,1,Baseline,Body continuity
catman_pilot_v1,P091,manipulation,C01,pc_info,7,human,retain,retain,affirm,continuous,standard,4,1,Baseline,Memory continuity
catman_pilot_v1,P091,manipulation,C01,pc_func,7,human,retain,retain,affirm,continuous,standard,4,1,Baseline,Functional continuity
catman_pilot_v1,P091,manipulation,C01,pc_self,3,human,retain,retain,affirm,continuous,standard,4,1,Baseline,Self-continuity
catman_pilot_v1,P091,manipulation,C01,pc_tran,2,human,retain,retain,affirm,continuous,standard,4,1,Baseline,Transition continuity
catman_pilot_v1,P091,manipulation,A09,pc_sub,7,human,retain,retain,deny,continuous,anchor,5,1,Self-denial anchor,Body continuity
catman_pilot_v1,P091,manipulation,A09,pc_info,7,human,retain,retain,deny,continuous,anchor,5,1,Self-denial anchor,Memory continuity
catman_pilot_v1,P091,manipulation,A09,pc_func,7,human,retain,retain,deny,continuous,anchor,5,1,Self-denial anchor,Functional continuity
catman_pilot_v1,P091,manipulation,A09,pc_self,1,human,retain,retain,deny,continuous,anchor,5,1,Self-denial anchor,Self-continuity
catman_pilot_v1,P091,manipulation,A09,pc_tran,2,human,retain,retain,deny,continuous,anchor,5,1,Self-denial anchor,Transition continuity
catman_pilot_v1,P091,manipulation,A10,k_copy,2,cat,retain,retain,affirm,parallel,anchor,6,1,Parallel anchor,Copy-likeness
catman_pilot_v1,P091,manipulation,A10,k_term,2,cat,retain,retain,affirm,parallel,anchor,6,1,Parallel anchor,Termination
catman_pilot_v1,P091,manipulation,A10,k_coex,5,cat,retain,retain,affirm,parallel,anchor,6,1,Parallel anchor,Coexistence
catman_pilot_v1,P091,manipulation,A10,pc_sub,7,cat,retain,retain,affirm,parallel,anchor,6,1,Parallel anchor,Body continuity
catman_pilot_v1,P091,manipulation,A10,pc_info,7,cat,retain,retain,affirm,parallel,anchor,6,1,Parallel anchor,Memory continuity
catman_pilot_v1,P091,manipulation,A10,pc_func,7,cat,retain,retain,affirm,parallel,anchor,6,1,Parallel anchor,Functional continuity
catman_pilot_v1,P091,manipulation,A10,pc_self,4,cat,retain,retain,affirm,parallel,anchor,6,1,Parallel anchor,Self-continuity
catman_pilot_v1,P091,manipulation,A10,pc_tran,2,cat,retain,retain,affirm,parallel,anchor,6,1,Parallel anchor,Transition continuity
catman_pilot_v1,P091,manipulation,C04,pc_sub,7,human,retain,limited,affirm,continuous,standard,7,1,Function,Body continuity
catman_pilot_v1,P091,manipulation,C04,pc_info,7,human,retain,limited,affirm,continuous,standard,7,1,Function,Memory continuity
catman_pilot_v1,P091,manipulation,C04,pc_func,1,human,retain,limited,affirm,continuous,standard,7,1,Function,Functional continuity
catman_pilot_v1,P091,manipulation,C04,pc_self,3,human,retain,limited,affirm,continuous,standard,7,1,Function,Self-continuity
catman_pilot_v1,P091,manipulation,C04,pc_tran,3,human,retain,limited,affirm,continuous,standard,7,1,Function,Transition continuity
catman_pilot_v1,P091,manipulation,C07,pc_sub,1,cat,retain,retain,affirm,discontinuous,standard,8,1,Body + transition,Body continuity
catman_pilot_v1,P091,manipulation,C07,pc_info,7,cat,retain,retain,affirm,discontinuous,standard,8,1,Body + transition,Memory continuity
catman_pilot_v1,P091,manipulation,C07,pc_func,7,cat,retain,retain,affirm,discontinuous,standard,8,1,Body + transition,Functional continuity
catman_pilot_v1,P091,manipulation,C07,pc_self,7,cat,retain,retain,affirm,discontinuous,standard,8,1,Body + transition,Self-continuity
catman_pilot_v1,P091,manipulation,C07,pc_tran,2,cat,retain,retain,affirm,discontinuous,standard,8,1,Body + transition,Transition continuity
catman_pilot_v1,P091,manipulation,C07,k_copy,4,cat,retain,retain,affirm,discontinuous,standard,8,1,Body + transition,Copy-likeness
catman_pilot_v1,P091,manipulation,C07,k_term,4,cat,retain,retain,affirm,discontinuous,standard,8,1,Body + transition,Termination
catman_pilot_v1,P091,manipulation,C06,pc_sub,7,human,retain,retain,affirm,discontinuous,standard,9,1,Transition,Body continuity
catman_pilot_v1,P091,manipulation,C06,pc_info,7,human,retain,retain,affirm,discontinuous,standard,9,1,Transition,Memory continuity
catman_pilot_v1,P091,manipulation,C06,pc_func,7,human,retain,retain,affirm,discontinuous,standard,9,1,Transition,Functional continuity
catman_pilot_v1,P091,manipulation,C06,pc_self,7,human,retain,retain,affirm,discontinuous,standard,9,1,Transition,Self-continuity
catman_pilot_v1,P091,manipulation,C06,pc_tran,2,human,retain,retain,affirm,discontinuous,standard,9,1,Transition,Transition continuity
catman_pilot_v1,P091,manipulation,C06,k_copy,4,human,retain,retain,affirm,discontinuous,standard,9,1,Transition,Copy-likeness
catman_pilot_v1,P091,manipulation,C06,k_term,5,human,retain,retain,affirm,discontinuous,standard,9,1,Transition,Termination
catman_pilot_v1,P091,manipulation,C02,pc_sub,1,cat,retain,retain,affirm,continuous,standard,10,1,Body,Body continuity
catman_pilot_v1,P091,manipulation,C02,pc_info,7,cat,retain,retain,affirm,continuous,standard,10,1,Body,Memory continuity
catman_pilot_v1,P091,manipulation,C02,pc_func,7,cat,retain,retain,affirm,continuous,standard,10,1,Body,Functional continuity
catman_pilot_v1,P091,manipulation,C02,pc_self,7,cat,retain,retain,affirm,continuous,standard,10,1,Body,Self-continuity
catman_pilot_v1,P091,manipulation,C02,pc_tran,6,cat,retain,retain,affirm,continuous,standard,10,1,Body,Transition continuity
catman_pilot_v1,P001,manipulation,C07,pc_sub,6,cat,retain,retain,affirm,discontinuous,standard,1,1,Body + transition,Body continuity
catman_pilot_v1,P001,manipulation,C07,pc_info,6,cat,retain,retain,affirm,discontinuous,standard,1,1,Body + transition,Memory continuity
catman_pilot_v1,P001,manipulation,C07,pc_func,6,cat,retain,retain,affirm,discontinuous,standard,1,1,Body + transition,Functional continuity
catman_pilot_v1,P001,manipulation,C07,pc_self,6,cat,retain,retain,affirm,discontinuous,standard,1,1,Body + transition,Self-continuity
catman_pilot_v1,P001,manipulation,C07,pc_tran,2,cat,retain,retain,affirm,discontinuous,standard,1,1,Body + transition,Transition continuity
catman_pilot_v1,P001,manipulation,C07,k_copy,2,cat,retain,retain,affirm,discontinuous,standard,1,1,Body + transition,Copy-likeness
catman_pilot_v1,P001,manipulation,C07,k_term,6,cat,retain,retain,affirm,discontinuous,standard,1,1,Body + transition,Termination
catman_pilot_v1,P001,manipulation,C08,pc_sub,6,human,lost,retain,affirm,discontinuous,standard,2,1,Memory + transition,Body continuity
catman_pilot_v1,P001,manipulation,C08,pc_info,2,human,lost,retain,affirm,discontinuous,standard,2,1,Memory + transition,Memory continuity
catman_pilot_v1,P001,manipulation,C08,pc_func,6,human,lost,retain,affirm,discontinuous,standard,2,1,Memory + transition,Functional continuity
catman_pilot_v1,P001,manipulation,C08,pc_self,6,human,lost,retain,affirm,discontinuous,standard,2,1,Memory + transition,Self-continuity
catman_pilot_v1,P001,manipulation,C08,pc_tran,1,human,lost,retain,affirm,discontinuous,standard,2,1,Memory + transition,Transition continuity
catman_pilot_v1,P001,manipulation,C08,k_copy,2,human,lost,retain,affirm,discontinuous,standard,2,1,Memory + transition,Copy-likeness
catman_pilot_v1,P001,manipulation,C08,k_term,6,human,lost,retain,affirm,discontinuous,standard,2,1,Memory + transition,Termination
catman_pilot_v1,P001,manipulation,C03,pc_sub,7,human,lost,retain,affirm,continuous,standard,3,1,Memory,Body continuity
catman_pilot_v1,P001,manipulation,C03,pc_info,1,human,lost,retain,affirm,continuous,standard,3,1,Memory,Memory continuity
catman_pilot_v1,P001,manipulation,C03,pc_func,6,human,lost,retain,affirm,continuous,standard,3,1,Memory,Functional continuity
catman_pilot_v1,P001,manipulation,C03,pc_self,6,human,lost,retain,affirm,continuous,standard,3,1,Memory,Self-continuity
catman_pilot_v1,P001,manipulation,C03,pc_tran,7,human,lost,retain,affirm,continuous,standard,3,1,Memory,Transition continuity
catman_pilot_v1,P001,manipulation,C04,pc_sub,6,human,retain,limited,affirm,continuous,standard,4,1,Function,Body continuity
catman_pilot_v1,P001,manipulation,C04,pc_info,6,human,retain,limited,affirm,continuous,standard,4,1,Function,Memory continuity
catman_pilot_v1,P001,manipulation,C04,pc_func,2,human,retain,limited,affirm,continuous,standard,4,1,Function,Functional continuity
catman_pilot_v1,P001,manipulation,C04,pc_self,7,human,retain,limited,affirm,continuous,standard,4,1,Function,Self-continuity
catman_pilot_v1,P001,manipulation,C04,pc_tran,7,human,retain,limited,affirm,continuous,standard,4,1,Function,Transition continuity
catman_pilot_v1,P001,manipulation,C02,pc_sub,1,cat,retain,retain,affirm,continuous,standard,5,1,Body,Body continuity
catman_pilot_v1,P001,manipulation,C02,pc_info,7,cat,retain,retain,affirm,continuous,standard,5,1,Body,Memory continuity
catman_pilot_v1,P001,manipulation,C02,pc_func,6,cat,retain,retain,affirm,continuous,standard,5,1,Body,Functional continuity
catman_pilot_v1,P001,manipulation,C02,pc_self,7,cat,retain,retain,affirm,continuous,standard,5,1,Body,Self-continuity
catman_pilot_v1,P001,manipulation,C02,pc_tran,7,cat,retain,retain,affirm,continuous,standard,5,1,Body,Transition continuity
catman_pilot_v1,P001,manipulation,C01,pc_sub,7,human,retain,retain,affirm,continuous,standard,6,1,Baseline,Body continuity
catman_pilot_v1,P001,manipulation,C01,pc_info,7,human,retain,retain,affirm,continuous,standard,6,1,Baseline,Memory continuity
catman_pilot_v1,P001,manipulation,C01,pc_func,7,human,retain,retain,affirm,continuous,standard,6,1,Baseline,Functional continuity
catman_pilot_v1,P001,manipulation,C01,pc_self,7,human,retain,retain,affirm,continuous,standard,6,1,Baseline,Self-continuity
catman_pilot_v1,P001,manipulation,C01,pc_tran,7,human,retain,retain,affirm,continuous,standard,6,1,Baseline,Transition continuity
catman_pilot_v1,P001,manipulation,A09,pc_sub,7,human,retain,retain,deny,continuous,anchor,7,1,Self-denial anchor,Body continuity
catman_pilot_v1,P001,manipulation,A09,pc_info,7,human,retain,retain,deny,continuous,anchor,7,1,Self-denial anchor,Memory continuity
catman_pilot_v1,P001,manipulation,A09,pc_func,7,human,retain,retain,deny,continuous,anchor,7,1,Self-denial anchor,Functional continuity
catman_pilot_v1,P001,manipulation,A09,pc_self,2,human,retain,retain,deny,continuous,anchor,7,1,Self-denial anchor,Self-continuity
catman_pilot_v1,P001,manipulation,A09,pc_tran,7,human,retain,retain,deny,continuous,anchor,7,1,Self-denial anchor,Transition continuity
catman_pilot_v1,P001,manipulation,C06,pc_sub,7,human,retain,retain,affirm,discontinuous,standard,8,1,Transition,Body continuity
catman_pilot_v1,P001,manipulation,C06,pc_info,7,human,retain,retain,affirm,discontinuous,standard,8,1,Transition,Memory continuity
catman_pilot_v1,P001,manipulation,C06,pc_func,7,human,retain,retain,affirm,discontinuous,standard,8,1,Transition,Functional continuity
catman_pilot_v1,P001,manipulation,C06,pc_self,7,human,retain,retain,affirm,discontinuous,standard,8,1,Transition,Self-continuity
catman_pilot_v1,P001,manipulation,C06,pc_tran,6,human,retain,retain,affirm,discontinuous,standard,8,1,Transition,Transition continuity
catman_pilot_v1,P001,manipulation,C06,k_copy,1,human,retain,retain,affirm,discontinuous,standard,8,1,Transition,Copy-likeness
catman_pilot_v1,P001,manipulation,C06,k_term,1,human,retain,retain,affirm,discontinuous,standard,8,1,Transition,Termination
catman_pilot_v1,P001,manipulation,C05,pc_sub,7,human,retain,retain,uncertain,continuous,standard,9,1,Self-ID uncertain,Body continuity
catman_pilot_v1,P001,manipulation,C05,pc_info,7,human,retain,retain,uncertain,continuous,standard,9,1,Self-ID uncertain,Memory continuity
catman_pilot_v1,P001,manipulation,C05,pc_func,7,human,retain,retain,uncertain,continuous,standard,9,1,Self-ID uncertain,Functional continuity
catman_pilot_v1,P001,manipulation,C05,pc_self,1,human,retain,retain,uncertain,continuous,standard,9,1,Self-ID uncertain,Self-continuity
catman_pilot_v1,P001,manipulation,C05,pc_tran,7,human,retain,retain,uncertain,continuous,standard,9,1,Self-ID uncertain,Transition continuity
catman_pilot_v1,P001,manipulation,A10,k_copy,1,cat,retain,retain,affirm,parallel,anchor,10,1,Parallel anchor,Copy-likeness
catman_pilot_v1,P001,manipulation,A10,k_term,1,cat,retain,retain,affirm,parallel,anchor,10,1,Parallel anchor,Termination
catman_pilot_v1,P001,manipulation,A10,k_coex,7,cat,retain,retain,affirm,parallel,anchor,10,1,Parallel anchor,Coexistence
catman_pilot_v1,P001,manipulation,A10,pc_sub,1,cat,retain,retain,affirm,parallel,anchor,10,1,Parallel anchor,Body continuity
catman_pilot_v1,P001,manipulation,A10,pc_info,7,cat,retain,retain,affirm,parallel,anchor,10,1,Parallel anchor,Memory continuity
catman_pilot_v1,P001,manipulation,A10,pc_func,7,cat,retain,retain,affirm,parallel,anchor,10,1,Parallel anchor,Functional continuity
catman_pilot_v1,P001,manipulation,A10,pc_self,7,cat,retain,retain,affirm,parallel,anchor,10,1,Parallel anchor,Self-continuity
catman_pilot_v1,P001,manipulation,A10,pc_tran,1,cat,retain,retain,affirm,parallel,anchor,10,1,Parallel anchor,Transition continuity
catman_pilot_v1,P023,manipulation,C01,pc_sub,7,human,retain,retain,affirm,continuous,standard,1,1,Baseline,Body continuity
catman_pilot_v1,P023,manipulation,C01,pc_info,7,human,retain,retain,affirm,continuous,standard,1,1,Baseline,Memory continuity
catman_pilot_v1,P023,manipulation,C01,pc_func,7,human,retain,retain,affirm,continuous,standard,1,1,Baseline,Functional continuity
catman_pilot_v1,P023,manipulation,C01,pc_self,7,human,retain,retain,affirm,continuous,standard,1,1,Baseline,Self-continuity
catman_pilot_v1,P023,manipulation,C01,pc_tran,7,human,retain,retain,affirm,continuous,standard,1,1,Baseline,Transition continuity
catman_pilot_v1,P023,manipulation,C08,pc_sub,7,human,lost,retain,affirm,discontinuous,standard,2,1,Memory + transition,Body continuity
catman_pilot_v1,P023,manipulation,C08,pc_info,1,human,lost,retain,affirm,discontinuous,standard,2,1,Memory + transition,Memory continuity
catman_pilot_v1,P023,manipulation,C08,pc_func,7,human,lost,retain,affirm,discontinuous,standard,2,1,Memory + transition,Functional continuity
catman_pilot_v1,P023,manipulation,C08,pc_self,7,human,lost,retain,affirm,discontinuous,standard,2,1,Memory + transition,Self-continuity
catman_pilot_v1,P023,manipulation,C08,pc_tran,4,human,lost,retain,affirm,discontinuous,standard,2,1,Memory + transition,Transition continuity
catman_pilot_v1,P023,manipulation,C08,k_copy,4,human,lost,retain,affirm,discontinuous,standard,2,1,Memory + transition,Copy-likeness
catman_pilot_v1,P023,manipulation,C08,k_term,1,human,lost,retain,affirm,discontinuous,standard,2,1,Memory + transition,Termination
catman_pilot_v1,P023,manipulation,C07,pc_sub,1,cat,retain,retain,affirm,discontinuous,standard,3,1,Body + transition,Body continuity
catman_pilot_v1,P023,manipulation,C07,pc_info,7,cat,retain,retain,affirm,discontinuous,standard,3,1,Body + transition,Memory continuity
catman_pilot_v1,P023,manipulation,C07,pc_func,1,cat,retain,retain,affirm,discontinuous,standard,3,1,Body + transition,Functional continuity
catman_pilot_v1,P023,manipulation,C07,pc_self,1,cat,retain,retain,affirm,discontinuous,standard,3,1,Body + transition,Self-continuity
catman_pilot_v1,P023,manipulation,C07,pc_tran,1,cat,retain,retain,affirm,discontinuous,standard,3,1,Body + transition,Transition continuity
catman_pilot_v1,P023,manipulation,C07,k_copy,7,cat,retain,retain,affirm,discontinuous,standard,3,1,Body + transition,Copy-likeness
catman_pilot_v1,P023,manipulation,C07,k_term,1,cat,retain,retain,affirm,discontinuous,standard,3,1,Body + transition,Termination
catman_pilot_v1,P023,manipulation,C02,pc_sub,1,cat,retain,retain,affirm,continuous,standard,4,1,Body,Body continuity
catman_pilot_v1,P023,manipulation,C02,pc_info,7,cat,retain,retain,affirm,continuous,standard,4,1,Body,Memory continuity
catman_pilot_v1,P023,manipulation,C02,pc_func,1,cat,retain,retain,affirm,continuous,standard,4,1,Body,Functional continuity
catman_pilot_v1,P023,manipulation,C02,pc_self,1,cat,retain,retain,affirm,continuous,standard,4,1,Body,Self-continuity
catman_pilot_v1,P023,manipulation,C02,pc_tran,7,cat,retain,retain,affirm,continuous,standard,4,1,Body,Transition continuity
catman_pilot_v1,P023,manipulation,C06,pc_sub,7,human,retain,retain,affirm,discontinuous,standard,5,1,Transition,Body continuity
catman_pilot_v1,P023,manipulation,C06,pc_info,7,human,retain,retain,affirm,discontinuous,standard,5,1,Transition,Memory continuity
catman_pilot_v1,P023,manipulation,C06,pc_func,7,human,retain,retain,affirm,discontinuous,standard,5,1,Transition,Functional continuity
catman_pilot_v1,P023,manipulation,C06,pc_self,7,human,retain,retain,affirm,discontinuous,standard,5,1,Transition,Self-continuity
catman_pilot_v1,P023,manipulation,C06,pc_tran,1,human,retain,retain,affirm,discontinuous,standard,5,1,Transition,Transition continuity
catman_pilot_v1,P023,manipulation,C06,k_copy,4,human,retain,retain,affirm,discontinuous,standard,5,1,Transition,Copy-likeness
catman_pilot_v1,P023,manipulation,C06,k_term,1,human,retain,retain,affirm,discontinuous,standard,5,1,Transition,Termination
catman_pilot_v1,P023,manipulation,C04,pc_sub,7,human,retain,limited,affirm,continuous,standard,6,1,Function,Body continuity
catman_pilot_v1,P023,manipulation,C04,pc_info,7,human,retain,limited,affirm,continuous,standard,6,1,Function,Memory continuity
catman_pilot_v1,P023,manipulation,C04,pc_func,1,human,retain,limited,affirm,continuous,standard,6,1,Function,Functional continuity
catman_pilot_v1,P023,manipulation,C04,pc_self,1,human,retain,limited,affirm,continuous,standard,6,1,Function,Self-continuity
catman_pilot_v1,P023,manipulation,C04,pc_tran,1,human,retain,limited,affirm,continuous,standard,6,1,Function,Transition continuity
catman_pilot_v1,P023,manipulation,C03,pc_sub,7,human,lost,retain,affirm,continuous,standard,7,1,Memory,Body continuity
catman_pilot_v1,P023,manipulation,C03,pc_info,1,human,lost,retain,affirm,continuous,standard,7,1,Memory,Memory continuity
catman_pilot_v1,P023,manipulation,C03,pc_func,7,human,lost,retain,affirm,continuous,standard,7,1,Memory,Functional continuity
catman_pilot_v1,P023,manipulation,C03,pc_self,7,human,lost,retain,affirm,continuous,standard,7,1,Memory,Self-continuity
catman_pilot_v1,P023,manipulation,C03,pc_tran,7,human,lost,retain,affirm,continuous,standard,7,1,Memory,Transition continuity
catman_pilot_v1,P023,manipulation,A09,pc_sub,7,human,retain,retain,deny,continuous,anchor,8,1,Self-denial anchor,Body continuity
catman_pilot_v1,P023,manipulation,A09,pc_info,7,human,retain,retain,deny,continuous,anchor,8,1,Self-denial anchor,Memory continuity
catman_pilot_v1,P023,manipulation,A09,pc_func,7,human,retain,retain,deny,continuous,anchor,8,1,Self-denial anchor,Functional continuity
catman_pilot_v1,P023,manipulation,A09,pc_self,7,human,retain,retain,deny,continuous,anchor,8,1,Self-denial anchor,Self-continuity
catman_pilot_v1,P023,manipulation,A09,pc_tran,7,human,retain,retain,deny,continuous,anchor,8,1,Self-denial anchor,Transition continuity
catman_pilot_v1,P023,manipulation,A10,k_copy,1,cat,retain,retain,affirm,parallel,anchor,9,1,Parallel anchor,Copy-likeness
catman_pilot_v1,P023,manipulation,A10,k_term,7,cat,retain,retain,affirm,parallel,anchor,9,1,Parallel anchor,Termination
catman_pilot_v1,P023,manipulation,A10,k_coex,7,cat,retain,retain,affirm,parallel,anchor,9,1,Parallel anchor,Coexistence
catman_pilot_v1,P023,manipulation,A10,pc_sub,1,cat,retain,retain,affirm,parallel,anchor,9,1,Parallel anchor,Body continuity
catman_pilot_v1,P023,manipulation,A10,pc_info,7,cat,retain,retain,affirm,parallel,anchor,9,1,Parallel anchor,Memory continuity
catman_pilot_v1,P023,manipulation,A10,pc_func,7,cat,retain,retain,affirm,parallel,anchor,9,1,Parallel anchor,Functional continuity
catman_pilot_v1,P023,manipulation,A10,pc_self,4,cat,retain,retain,affirm,parallel,anchor,9,1,Parallel anchor,Self-continuity
catman_pilot_v1,P023,manipulation,A10,pc_tran,4,cat,retain,retain,affirm,parallel,anchor,9,1,Parallel anchor,Transition continuity
catman_pilot_v1,P023,manipulation,C05,pc_sub,7,human,retain,retain,uncertain,continuous,standard,10,1,Self-ID uncertain,Body continuity
catman_pilot_v1,P023,manipulation,C05,pc_info,7,human,retain,retain,uncertain,continuous,standard,10,1,Self-ID uncertain,Memory continuity
catman_pilot_v1,P023,manipulation,C05,pc_func,7,human,retain,retain,uncertain,continuous,standard,10,1,Self-ID uncertain,Functional continuity
catman_pilot_v1,P023,manipulation,C05,pc_self,7,human,retain,retain,uncertain,continuous,standard,10,1,Self-ID uncertain,Self-continuity
catman_pilot_v1,P023,manipulation,C05,pc_tran,7,human,retain,retain,uncertain,continuous,standard,10,1,Self-ID uncertain,Transition continuity
catman_pilot_v1,P046,manipulation,C08,pc_sub,3,human,lost,retain,affirm,discontinuous,standard,1,1,Memory + transition,Body continuity
catman_pilot_v1,P046,manipulation,C08,pc_info,6,human,lost,retain,affirm,discontinuous,standard,1,1,Memory + transition,Memory continuity
catman_pilot_v1,P046,manipulation,C08,pc_func,6,human,lost,retain,affirm,discontinuous,standard,1,1,Memory + transition,Functional continuity
catman_pilot_v1,P046,manipulation,C08,pc_self,5,human,lost,retain,affirm,discontinuous,standard,1,1,Memory + transition,Self-continuity
catman_pilot_v1,P046,manipulation,C08,pc_tran,6,human,lost,retain,affirm,discontinuous,standard,1,1,Memory + transition,Transition continuity
catman_pilot_v1,P046,manipulation,C08,k_copy,6,human,lost,retain,affirm,discontinuous,standard,1,1,Memory + transition,Copy-likeness
catman_pilot_v1,P046,manipulation,C08,k_term,5,human,lost,retain,affirm,discontinuous,standard,1,1,Memory + transition,Termination
catman_pilot_v1,P046,manipulation,C01,pc_sub,6,human,retain,retain,affirm,continuous,standard,2,1,Baseline,Body continuity
catman_pilot_v1,P046,manipulation,C01,pc_info,6,human,retain,retain,affirm,continuous,standard,2,1,Baseline,Memory continuity
catman_pilot_v1,P046,manipulation,C01,pc_func,6,human,retain,retain,affirm,continuous,standard,2,1,Baseline,Functional continuity
catman_pilot_v1,P046,manipulation,C01,pc_self,6,human,retain,retain,affirm,continuous,standard,2,1,Baseline,Self-continuity
catman_pilot_v1,P046,manipulation,C01,pc_tran,7,human,retain,retain,affirm,continuous,standard,2,1,Baseline,Transition continuity
catman_pilot_v1,P046,manipulation,C04,pc_sub,5,human,retain,limited,affirm,continuous,standard,3,1,Function,Body continuity
catman_pilot_v1,P046,manipulation,C04,pc_info,2,human,retain,limited,affirm,continuous,standard,3,1,Function,Memory continuity
catman_pilot_v1,P046,manipulation,C04,pc_func,2,human,retain,limited,affirm,continuous,standard,3,1,Function,Functional continuity
catman_pilot_v1,P046,manipulation,C04,pc_self,2,human,retain,limited,affirm,continuous,standard,3,1,Function,Self-continuity
catman_pilot_v1,P046,manipulation,C04,pc_tran,2,human,retain,limited,affirm,continuous,standard,3,1,Function,Transition continuity
catman_pilot_v1,P046,manipulation,C03,pc_sub,6,human,lost,retain,affirm,continuous,standard,4,1,Memory,Body continuity
catman_pilot_v1,P046,manipulation,C03,pc_info,6,human,lost,retain,affirm,continuous,standard,4,1,Memory,Memory continuity
catman_pilot_v1,P046,manipulation,C03,pc_func,6,human,lost,retain,affirm,continuous,standard,4,1,Memory,Functional continuity
catman_pilot_v1,P046,manipulation,C03,pc_self,2,human,lost,retain,affirm,continuous,standard,4,1,Memory,Self-continuity
catman_pilot_v1,P046,manipulation,C03,pc_tran,2,human,lost,retain,affirm,continuous,standard,4,1,Memory,Transition continuity
catman_pilot_v1,P046,manipulation,A09,pc_sub,6,human,retain,retain,deny,continuous,anchor,5,1,Self-denial anchor,Body continuity
catman_pilot_v1,P046,manipulation,A09,pc_info,6,human,retain,retain,deny,continuous,anchor,5,1,Self-denial anchor,Memory continuity
catman_pilot_v1,P046,manipulation,A09,pc_func,6,human,retain,retain,deny,continuous,anchor,5,1,Self-denial anchor,Functional continuity
catman_pilot_v1,P046,manipulation,A09,pc_self,2,human,retain,retain,deny,continuous,anchor,5,1,Self-denial anchor,Self-continuity
catman_pilot_v1,P046,manipulation,A09,pc_tran,2,human,retain,retain,deny,continuous,anchor,5,1,Self-denial anchor,Transition continuity
catman_pilot_v1,P046,manipulation,C02,pc_sub,1,cat,retain,retain,affirm,continuous,standard,6,1,Body,Body continuity
catman_pilot_v1,P046,manipulation,C02,pc_info,6,cat,retain,retain,affirm,continuous,standard,6,1,Body,Memory continuity
catman_pilot_v1,P046,manipulation,C02,pc_func,6,cat,retain,retain,affirm,continuous,standard,6,1,Body,Functional continuity
catman_pilot_v1,P046,manipulation,C02,pc_self,1,cat,retain,retain,affirm,continuous,standard,6,1,Body,Self-continuity
catman_pilot_v1,P046,manipulation,C02,pc_tran,6,cat,retain,retain,affirm,continuous,standard,6,1,Body,Transition continuity
catman_pilot_v1,P046,manipulation,A10,k_copy,1,cat,retain,retain,affirm,parallel,anchor,7,1,Parallel anchor,Copy-likeness
catman_pilot_v1,P046,manipulation,A10,k_term,1,cat,retain,retain,affirm,parallel,anchor,7,1,Parallel anchor,Termination
catman_pilot_v1,P046,manipulation,A10,k_coex,6,cat,retain,retain,affirm,parallel,anchor,7,1,Parallel anchor,Coexistence
catman_pilot_v1,P046,manipulation,A10,pc_sub,6,cat,retain,retain,affirm,parallel,anchor,7,1,Parallel anchor,Body continuity
catman_pilot_v1,P046,manipulation,A10,pc_info,6,cat,retain,retain,affirm,parallel,anchor,7,1,Parallel anchor,Memory continuity
catman_pilot_v1,P046,manipulation,A10,pc_func,6,cat,retain,retain,affirm,parallel,anchor,7,1,Parallel anchor,Functional continuity
catman_pilot_v1,P046,manipulation,A10,pc_self,6,cat,retain,retain,affirm,parallel,anchor,7,1,Parallel anchor,Self-continuity
catman_pilot_v1,P046,manipulation,A10,pc_tran,6,cat,retain,retain,affirm,parallel,anchor,7,1,Parallel anchor,Transition continuity
catman_pilot_v1,P046,manipulation,C07,pc_sub,1,cat,retain,retain,affirm,discontinuous,standard,8,1,Body + transition,Body continuity
catman_pilot_v1,P046,manipulation,C07,pc_info,6,cat,retain,retain,affirm,discontinuous,standard,8,1,Body + transition,Memory continuity
catman_pilot_v1,P046,manipulation,C07,pc_func,6,cat,retain,retain,affirm,discontinuous,standard,8,1,Body + transition,Functional continuity
catman_pilot_v1,P046,manipulation,C07,pc_self,1,cat,retain,retain,affirm,discontinuous,standard,8,1,Body + transition,Self-continuity
catman_pilot_v1,P046,manipulation,C07,pc_tran,2,cat,retain,retain,affirm,discontinuous,standard,8,1,Body + transition,Transition continuity
catman_pilot_v1,P046,manipulation,C07,k_copy,2,cat,retain,retain,affirm,discontinuous,standard,8,1,Body + transition,Copy-likeness
catman_pilot_v1,P046,manipulation,C07,k_term,2,cat,retain,retain,affirm,discontinuous,standard,8,1,Body + transition,Termination
catman_pilot_v1,P046,manipulation,C05,pc_sub,6,human,retain,retain,uncertain,continuous,standard,9,1,Self-ID uncertain,Body continuity
catman_pilot_v1,P046,manipulation,C05,pc_info,6,human,retain,retain,uncertain,continuous,standard,9,1,Self-ID uncertain,Memory continuity
catman_pilot_v1,P046,manipulation,C05,pc_func,6,human,retain,retain,uncertain,continuous,standard,9,1,Self-ID uncertain,Functional continuity
catman_pilot_v1,P046,manipulation,C05,pc_self,2,human,retain,retain,uncertain,continuous,standard,9,1,Self-ID uncertain,Self-continuity
catman_pilot_v1,P046,manipulation,C05,pc_tran,2,human,retain,retain,uncertain,continuous,standard,9,1,Self-ID uncertain,Transition continuity
catman_pilot_v1,P046,manipulation,C06,pc_sub,6,human,retain,retain,affirm,discontinuous,standard,10,1,Transition,Body continuity
catman_pilot_v1,P046,manipulation,C06,pc_info,6,human,retain,retain,affirm,discontinuous,standard,10,1,Transition,Memory continuity
catman_pilot_v1,P046,manipulation,C06,pc_func,6,human,retain,retain,affirm,discontinuous,standard,10,1,Transition,Functional continuity
catman_pilot_v1,P046,manipulation,C06,pc_self,4,human,retain,retain,affirm,discontinuous,standard,10,1,Transition,Self-continuity
catman_pilot_v1,P046,manipulation,C06,pc_tran,2,human,retain,retain,affirm,discontinuous,standard,10,1,Transition,Transition continuity
catman_pilot_v1,P046,manipulation,C06,k_copy,3,human,retain,retain,affirm,discontinuous,standard,10,1,Transition,Copy-likeness
catman_pilot_v1,P046,manipulation,C06,k_term,2,human,retain,retain,affirm,discontinuous,standard,10,1,Transition,Termination
catman_pilot_v1,P094,manipulation,C07,pc_sub,1,cat,retain,retain,affirm,discontinuous,standard,1,1,Body + transition,Body continuity
catman_pilot_v1,P094,manipulation,C07,pc_info,7,cat,retain,retain,affirm,discontinuous,standard,1,1,Body + transition,Memory continuity
catman_pilot_v1,P094,manipulation,C07,pc_func,7,cat,retain,retain,affirm,discontinuous,standard,1,1,Body + transition,Functional continuity
catman_pilot_v1,P094,manipulation,C07,pc_self,7,cat,retain,retain,affirm,discontinuous,standard,1,1,Body + transition,Self-continuity
catman_pilot_v1,P094,manipulation,C07,pc_tran,5,cat,retain,retain,affirm,discontinuous,standard,1,1,Body + transition,Transition continuity
catman_pilot_v1,P094,manipulation,C07,k_copy,3,cat,retain,retain,affirm,discontinuous,standard,1,1,Body + transition,Copy-likeness
catman_pilot_v1,P094,manipulation,C07,k_term,2,cat,retain,retain,affirm,discontinuous,standard,1,1,Body + transition,Termination
catman_pilot_v1,P094,manipulation,C04,pc_sub,7,human,retain,limited,affirm,continuous,standard,2,1,Function,Body continuity
catman_pilot_v1,P094,manipulation,C04,pc_info,7,human,retain,limited,affirm,continuous,standard,2,1,Function,Memory continuity
catman_pilot_v1,P094,manipulation,C04,pc_func,2,human,retain,limited,affirm,continuous,standard,2,1,Function,Functional continuity
catman_pilot_v1,P094,manipulation,C04,pc_self,1,human,retain,limited,affirm,continuous,standard,2,1,Function,Self-continuity
catman_pilot_v1,P094,manipulation,C04,pc_tran,5,human,retain,limited,affirm,continuous,standard,2,1,Function,Transition continuity
catman_pilot_v1,P094,manipulation,C03,pc_sub,7,human,lost,retain,affirm,continuous,standard,3,1,Memory,Body continuity
catman_pilot_v1,P094,manipulation,C03,pc_info,1,human,lost,retain,affirm,continuous,standard,3,1,Memory,Memory continuity
catman_pilot_v1,P094,manipulation,C03,pc_func,7,human,lost,retain,affirm,continuous,standard,3,1,Memory,Functional continuity
catman_pilot_v1,P094,manipulation,C03,pc_self,6,human,lost,retain,affirm,continuous,standard,3,1,Memory,Self-continuity
catman_pilot_v1,P094,manipulation,C03,pc_tran,5,human,lost,retain,affirm,continuous,standard,3,1,Memory,Transition continuity
catman_pilot_v1,P094,manipulation,C06,pc_sub,7,human,retain,retain,affirm,discontinuous,standard,4,1,Transition,Body continuity
catman_pilot_v1,P094,manipulation,C06,pc_info,7,human,retain,retain,affirm,discontinuous,standard,4,1,Transition,Memory continuity
catman_pilot_v1,P094,manipulation,C06,pc_func,7,human,retain,retain,affirm,discontinuous,standard,4,1,Transition,Functional continuity
catman_pilot_v1,P094,manipulation,C06,pc_self,7,human,retain,retain,affirm,discontinuous,standard,4,1,Transition,Self-continuity
catman_pilot_v1,P094,manipulation,C06,pc_tran,5,human,retain,retain,affirm,discontinuous,standard,4,1,Transition,Transition continuity
catman_pilot_v1,P094,manipulation,C06,k_copy,2,human,retain,retain,affirm,discontinuous,standard,4,1,Transition,Copy-likeness
catman_pilot_v1,P094,manipulation,C06,k_term,2,human,retain,retain,affirm,discontinuous,standard,4,1,Transition,Termination
catman_pilot_v1,P094,manipulation,C08,pc_sub,7,human,lost,retain,affirm,discontinuous,standard,5,1,Memory + transition,Body continuity
catman_pilot_v1,P094,manipulation,C08,pc_info,1,human,lost,retain,affirm,discontinuous,standard,5,1,Memory + transition,Memory continuity
catman_pilot_v1,P094,manipulation,C08,pc_func,7,human,lost,retain,affirm,discontinuous,standard,5,1,Memory + transition,Functional continuity
catman_pilot_v1,P094,manipulation,C08,pc_self,7,human,lost,retain,affirm,discontinuous,standard,5,1,Memory + transition,Self-continuity
catman_pilot_v1,P094,manipulation,C08,pc_tran,2,human,lost,retain,affirm,discontinuous,standard,5,1,Memory + transition,Transition continuity
catman_pilot_v1,P094,manipulation,C08,k_copy,6,human,lost,retain,affirm,discontinuous,standard,5,1,Memory + transition,Copy-likeness
catman_pilot_v1,P094,manipulation,C08,k_term,3,human,lost,retain,affirm,discontinuous,standard,5,1,Memory + transition,Termination
catman_pilot_v1,P094,manipulation,A10,k_copy,3,cat,retain,retain,affirm,parallel,anchor,6,1,Parallel anchor,Copy-likeness
catman_pilot_v1,P094,manipulation,A10,k_term,2,cat,retain,retain,affirm,parallel,anchor,6,1,Parallel anchor,Termination
catman_pilot_v1,P094,manipulation,A10,k_coex,7,cat,retain,retain,affirm,parallel,anchor,6,1,Parallel anchor,Coexistence
catman_pilot_v1,P094,manipulation,A10,pc_sub,1,cat,retain,retain,affirm,parallel,anchor,6,1,Parallel anchor,Body continuity
catman_pilot_v1,P094,manipulation,A10,pc_info,7,cat,retain,retain,affirm,parallel,anchor,6,1,Parallel anchor,Memory continuity
catman_pilot_v1,P094,manipulation,A10,pc_func,6,cat,retain,retain,affirm,parallel,anchor,6,1,Parallel anchor,Functional continuity
catman_pilot_v1,P094,manipulation,A10,pc_self,7,cat,retain,retain,affirm,parallel,anchor,6,1,Parallel anchor,Self-continuity
catman_pilot_v1,P094,manipulation,A10,pc_tran,2,cat,retain,retain,affirm,parallel,anchor,6,1,Parallel anchor,Transition continuity
catman_pilot_v1,P094,manipulation,C05,pc_sub,7,human,retain,retain,uncertain,continuous,standard,7,1,Self-ID uncertain,Body continuity
catman_pilot_v1,P094,manipulation,C05,pc_info,7,human,retain,retain,uncertain,continuous,standard,7,1,Self-ID uncertain,Memory continuity
catman_pilot_v1,P094,manipulation,C05,pc_func,7,human,retain,retain,uncertain,continuous,standard,7,1,Self-ID uncertain,Functional continuity
catman_pilot_v1,P094,manipulation,C05,pc_self,2,human,retain,retain,uncertain,continuous,standard,7,1,Self-ID uncertain,Self-continuity
catman_pilot_v1,P094,manipulation,C05,pc_tran,6,human,retain,retain,uncertain,continuous,standard,7,1,Self-ID uncertain,Transition continuity
catman_pilot_v1,P094,manipulation,A09,pc_sub,7,human,retain,retain,deny,continuous,anchor,8,1,Self-denial anchor,Body continuity
catman_pilot_v1,P094,manipulation,A09,pc_info,7,human,retain,retain,deny,continuous,anchor,8,1,Self-denial anchor,Memory continuity
catman_pilot_v1,P094,manipulation,A09,pc_func,7,human,retain,retain,deny,continuous,anchor,8,1,Self-denial anchor,Functional continuity
catman_pilot_v1,P094,manipulation,A09,pc_self,7,human,retain,retain,deny,continuous,anchor,8,1,Self-denial anchor,Self-continuity
catman_pilot_v1,P094,manipulation,A09,pc_tran,6,human,retain,retain,deny,continuous,anchor,8,1,Self-denial anchor,Transition continuity
catman_pilot_v1,P094,manipulation,C02,pc_sub,1,cat,retain,retain,affirm,continuous,standard,9,1,Body,Body continuity
catman_pilot_v1,P094,manipulation,C02,pc_info,7,cat,retain,retain,affirm,continuous,standard,9,1,Body,Memory continuity
catman_pilot_v1,P094,manipulation,C02,pc_func,6,cat,retain,retain,affirm,continuous,standard,9,1,Body,Functional continuity
catman_pilot_v1,P094,manipulation,C02,pc_self,7,cat,retain,retain,affirm,continuous,standard,9,1,Body,Self-continuity
catman_pilot_v1,P094,manipulation,C02,pc_tran,6,cat,retain,retain,affirm,continuous,standard,9,1,Body,Transition continuity
catman_pilot_v1,P094,manipulation,C01,pc_sub,7,human,retain,retain,affirm,continuous,standard,10,1,Baseline,Body continuity
catman_pilot_v1,P094,manipulation,C01,pc_info,7,human,retain,retain,affirm,continuous,standard,10,1,Baseline,Memory continuity
catman_pilot_v1,P094,manipulation,C01,pc_func,7,human,retain,retain,affirm,continuous,standard,10,1,Baseline,Functional continuity
catman_pilot_v1,P094,manipulation,C01,pc_self,7,human,retain,retain,affirm,continuous,standard,10,1,Baseline,Self-continuity
catman_pilot_v1,P094,manipulation,C01,pc_tran,6,human,retain,retain,affirm,continuous,standard,10,1,Baseline,Transition continuity
catman_pilot_v1,P041,manipulation,C05,pc_sub,7,human,retain,retain,uncertain,continuous,standard,1,1,Self-ID uncertain,Body continuity
catman_pilot_v1,P041,manipulation,C05,pc_info,7,human,retain,retain,uncertain,continuous,standard,1,1,Self-ID uncertain,Memory continuity
catman_pilot_v1,P041,manipulation,C05,pc_func,7,human,retain,retain,uncertain,continuous,standard,1,1,Self-ID uncertain,Functional continuity
catman_pilot_v1,P041,manipulation,C05,pc_self,4,human,retain,retain,uncertain,continuous,standard,1,1,Self-ID uncertain,Self-continuity
catman_pilot_v1,P041,manipulation,C05,pc_tran,7,human,retain,retain,uncertain,continuous,standard,1,1,Self-ID uncertain,Transition continuity
catman_pilot_v1,P041,manipulation,C08,pc_sub,7,human,lost,retain,affirm,discontinuous,standard,2,1,Memory + transition,Body continuity
catman_pilot_v1,P041,manipulation,C08,pc_info,1,human,lost,retain,affirm,discontinuous,standard,2,1,Memory + transition,Memory continuity
catman_pilot_v1,P041,manipulation,C08,pc_func,7,human,lost,retain,affirm,discontinuous,standard,2,1,Memory + transition,Functional continuity
catman_pilot_v1,P041,manipulation,C08,pc_self,7,human,lost,retain,affirm,discontinuous,standard,2,1,Memory + transition,Self-continuity
catman_pilot_v1,P041,manipulation,C08,pc_tran,1,human,lost,retain,affirm,discontinuous,standard,2,1,Memory + transition,Transition continuity
catman_pilot_v1,P041,manipulation,C08,k_copy,1,human,lost,retain,affirm,discontinuous,standard,2,1,Memory + transition,Copy-likeness
catman_pilot_v1,P041,manipulation,C08,k_term,1,human,lost,retain,affirm,discontinuous,standard,2,1,Memory + transition,Termination
catman_pilot_v1,P041,manipulation,C03,pc_sub,7,human,lost,retain,affirm,continuous,standard,3,1,Memory,Body continuity
catman_pilot_v1,P041,manipulation,C03,pc_info,1,human,lost,retain,affirm,continuous,standard,3,1,Memory,Memory continuity
catman_pilot_v1,P041,manipulation,C03,pc_func,7,human,lost,retain,affirm,continuous,standard,3,1,Memory,Functional continuity
catman_pilot_v1,P041,manipulation,C03,pc_self,7,human,lost,retain,affirm,continuous,standard,3,1,Memory,Self-continuity
catman_pilot_v1,P041,manipulation,C03,pc_tran,6,human,lost,retain,affirm,continuous,standard,3,1,Memory,Transition continuity
catman_pilot_v1,P041,manipulation,C01,pc_sub,7,human,retain,retain,affirm,continuous,standard,4,1,Baseline,Body continuity
catman_pilot_v1,P041,manipulation,C01,pc_info,7,human,retain,retain,affirm,continuous,standard,4,1,Baseline,Memory continuity
catman_pilot_v1,P041,manipulation,C01,pc_func,7,human,retain,retain,affirm,continuous,standard,4,1,Baseline,Functional continuity
catman_pilot_v1,P041,manipulation,C01,pc_self,7,human,retain,retain,affirm,continuous,standard,4,1,Baseline,Self-continuity
catman_pilot_v1,P041,manipulation,C01,pc_tran,7,human,retain,retain,affirm,continuous,standard,4,1,Baseline,Transition continuity
catman_pilot_v1,P041,manipulation,C06,pc_sub,7,human,retain,retain,affirm,discontinuous,standard,5,1,Transition,Body continuity
catman_pilot_v1,P041,manipulation,C06,pc_info,7,human,retain,retain,affirm,discontinuous,standard,5,1,Transition,Memory continuity
catman_pilot_v1,P041,manipulation,C06,pc_func,7,human,retain,retain,affirm,discontinuous,standard,5,1,Transition,Functional continuity
catman_pilot_v1,P041,manipulation,C06,pc_self,7,human,retain,retain,affirm,discontinuous,standard,5,1,Transition,Self-continuity
catman_pilot_v1,P041,manipulation,C06,pc_tran,1,human,retain,retain,affirm,discontinuous,standard,5,1,Transition,Transition continuity
catman_pilot_v1,P041,manipulation,C06,k_copy,1,human,retain,retain,affirm,discontinuous,standard,5,1,Transition,Copy-likeness
catman_pilot_v1,P041,manipulation,C06,k_term,1,human,retain,retain,affirm,discontinuous,standard,5,1,Transition,Termination
catman_pilot_v1,P041,manipulation,C02,pc_sub,1,cat,retain,retain,affirm,continuous,standard,6,1,Body,Body continuity
catman_pilot_v1,P041,manipulation,C02,pc_info,7,cat,retain,retain,affirm,continuous,standard,6,1,Body,Memory continuity
catman_pilot_v1,P041,manipulation,C02,pc_func,7,cat,retain,retain,affirm,continuous,standard,6,1,Body,Functional continuity
catman_pilot_v1,P041,manipulation,C02,pc_self,7,cat,retain,retain,affirm,continuous,standard,6,1,Body,Self-continuity
catman_pilot_v1,P041,manipulation,C02,pc_tran,7,cat,retain,retain,affirm,continuous,standard,6,1,Body,Transition continuity
catman_pilot_v1,P041,manipulation,A09,pc_sub,7,human,retain,retain,deny,continuous,anchor,7,1,Self-denial anchor,Body continuity
catman_pilot_v1,P041,manipulation,A09,pc_info,7,human,retain,retain,deny,continuous,anchor,7,1,Self-denial anchor,Memory continuity
catman_pilot_v1,P041,manipulation,A09,pc_func,7,human,retain,retain,deny,continuous,anchor,7,1,Self-denial anchor,Functional continuity
catman_pilot_v1,P041,manipulation,A09,pc_self,1,human,retain,retain,deny,continuous,anchor,7,1,Self-denial anchor,Self-continuity
catman_pilot_v1,P041,manipulation,A09,pc_tran,7,human,retain,retain,deny,continuous,anchor,7,1,Self-denial anchor,Transition continuity
catman_pilot_v1,P041,manipulation,A10,k_copy,1,cat,retain,retain,affirm,parallel,anchor,8,1,Parallel anchor,Copy-likeness
catman_pilot_v1,P041,manipulation,A10,k_term,1,cat,retain,retain,affirm,parallel,anchor,8,1,Parallel anchor,Termination
catman_pilot_v1,P041,manipulation,A10,k_coex,7,cat,retain,retain,affirm,parallel,anchor,8,1,Parallel anchor,Coexistence
catman_pilot_v1,P041,manipulation,A10,pc_sub,4,cat,retain,retain,affirm,parallel,anchor,8,1,Parallel anchor,Body continuity
catman_pilot_v1,P041,manipulation,A10,pc_info,7,cat,retain,retain,affirm,parallel,anchor,8,1,Parallel anchor,Memory continuity
catman_pilot_v1,P041,manipulation,A10,pc_func,7,cat,retain,retain,affirm,parallel,anchor,8,1,Parallel anchor,Functional continuity
catman_pilot_v1,P041,manipulation,A10,pc_self,7,cat,retain,retain,affirm,parallel,anchor,8,1,Parallel anchor,Self-continuity
catman_pilot_v1,P041,manipulation,A10,pc_tran,1,cat,retain,retain,affirm,parallel,anchor,8,1,Parallel anchor,Transition continuity
catman_pilot_v1,P041,manipulation,C04,pc_sub,7,human,retain,limited,affirm,continuous,standard,9,1,Function,Body continuity
catman_pilot_v1,P041,manipulation,C04,pc_info,7,human,retain,limited,affirm,continuous,standard,9,1,Function,Memory continuity
catman_pilot_v1,P041,manipulation,C04,pc_func,1,human,retain,limited,affirm,continuous,standard,9,1,Function,Functional continuity
catman_pilot_v1,P041,manipulation,C04,pc_self,7,human,retain,limited,affirm,continuous,standard,9,1,Function,Self-continuity
catman_pilot_v1,P041,manipulation,C04,pc_tran,6,human,retain,limited,affirm,continuous,standard,9,1,Function,Transition continuity
catman_pilot_v1,P041,manipulation,C07,pc_sub,1,cat,retain,retain,affirm,discontinuous,standard,10,1,Body + transition,Body continuity
catman_pilot_v1,P041,manipulation,C07,pc_info,7,cat,retain,retain,affirm,discontinuous,standard,10,1,Body + transition,Memory continuity
catman_pilot_v1,P041,manipulation,C07,pc_func,7,cat,retain,retain,affirm,discontinuous,standard,10,1,Body + transition,Functional continuity
catman_pilot_v1,P041,manipulation,C07,pc_self,7,cat,retain,retain,affirm,discontinuous,standard,10,1,Body + transition,Self-continuity
catman_pilot_v1,P041,manipulation,C07,pc_tran,1,cat,retain,retain,affirm,discontinuous,standard,10,1,Body + transition,Transition continuity
catman_pilot_v1,P041,manipulation,C07,k_copy,1,cat,retain,retain,affirm,discontinuous,standard,10,1,Body + transition,Copy-likeness
catman_pilot_v1,P041,manipulation,C07,k_term,4,cat,retain,retain,affirm,discontinuous,standard,10,1,Body + transition,Termination
catman_pilot_v1,P071,manipulation,C02,pc_sub,1,cat,retain,retain,affirm,continuous,standard,1,1,Body,Body continuity
catman_pilot_v1,P071,manipulation,C02,pc_info,7,cat,retain,retain,affirm,continuous,standard,1,1,Body,Memory continuity
catman_pilot_v1,P071,manipulation,C02,pc_func,7,cat,retain,retain,affirm,continuous,standard,1,1,Body,Functional continuity
catman_pilot_v1,P071,manipulation,C02,pc_self,7,cat,retain,retain,affirm,continuous,standard,1,1,Body,Self-continuity
catman_pilot_v1,P071,manipulation,C02,pc_tran,7,cat,retain,retain,affirm,continuous,standard,1,1,Body,Transition continuity
catman_pilot_v1,P071,manipulation,C06,pc_sub,7,human,retain,retain,affirm,discontinuous,standard,2,1,Transition,Body continuity
catman_pilot_v1,P071,manipulation,C06,pc_info,7,human,retain,retain,affirm,discontinuous,standard,2,1,Transition,Memory continuity
catman_pilot_v1,P071,manipulation,C06,pc_func,7,human,retain,retain,affirm,discontinuous,standard,2,1,Transition,Functional continuity
catman_pilot_v1,P071,manipulation,C06,pc_self,7,human,retain,retain,affirm,discontinuous,standard,2,1,Transition,Self-continuity
catman_pilot_v1,P071,manipulation,C06,pc_tran,1,human,retain,retain,affirm,discontinuous,standard,2,1,Transition,Transition continuity
catman_pilot_v1,P071,manipulation,C06,k_copy,7,human,retain,retain,affirm,discontinuous,standard,2,1,Transition,Copy-likeness
catman_pilot_v1,P071,manipulation,C06,k_term,7,human,retain,retain,affirm,discontinuous,standard,2,1,Transition,Termination
catman_pilot_v1,P071,manipulation,C07,pc_sub,1,cat,retain,retain,affirm,discontinuous,standard,3,1,Body + transition,Body continuity
catman_pilot_v1,P071,manipulation,C07,pc_info,1,cat,retain,retain,affirm,discontinuous,standard,3,1,Body + transition,Memory continuity
catman_pilot_v1,P071,manipulation,C07,pc_func,7,cat,retain,retain,affirm,discontinuous,standard,3,1,Body + transition,Functional continuity
catman_pilot_v1,P071,manipulation,C07,pc_self,7,cat,retain,retain,affirm,discontinuous,standard,3,1,Body + transition,Self-continuity
catman_pilot_v1,P071,manipulation,C07,pc_tran,1,cat,retain,retain,affirm,discontinuous,standard,3,1,Body + transition,Transition continuity
catman_pilot_v1,P071,manipulation,C07,k_copy,7,cat,retain,retain,affirm,discontinuous,standard,3,1,Body + transition,Copy-likeness
catman_pilot_v1,P071,manipulation,C07,k_term,6,cat,retain,retain,affirm,discontinuous,standard,3,1,Body + transition,Termination
catman_pilot_v1,P071,manipulation,C08,pc_sub,7,human,lost,retain,affirm,discontinuous,standard,4,1,Memory + transition,Body continuity
catman_pilot_v1,P071,manipulation,C08,pc_info,1,human,lost,retain,affirm,discontinuous,standard,4,1,Memory + transition,Memory continuity
catman_pilot_v1,P071,manipulation,C08,pc_func,7,human,lost,retain,affirm,discontinuous,standard,4,1,Memory + transition,Functional continuity
catman_pilot_v1,P071,manipulation,C08,pc_self,7,human,lost,retain,affirm,discontinuous,standard,4,1,Memory + transition,Self-continuity
catman_pilot_v1,P071,manipulation,C08,pc_tran,1,human,lost,retain,affirm,discontinuous,standard,4,1,Memory + transition,Transition continuity
catman_pilot_v1,P071,manipulation,C08,k_copy,6,human,lost,retain,affirm,discontinuous,standard,4,1,Memory + transition,Copy-likeness
catman_pilot_v1,P071,manipulation,C08,k_term,6,human,lost,retain,affirm,discontinuous,standard,4,1,Memory + transition,Termination
catman_pilot_v1,P071,manipulation,C03,pc_sub,7,human,lost,retain,affirm,continuous,standard,5,1,Memory,Body continuity
catman_pilot_v1,P071,manipulation,C03,pc_info,1,human,lost,retain,affirm,continuous,standard,5,1,Memory,Memory continuity
catman_pilot_v1,P071,manipulation,C03,pc_func,7,human,lost,retain,affirm,continuous,standard,5,1,Memory,Functional continuity
catman_pilot_v1,P071,manipulation,C03,pc_self,7,human,lost,retain,affirm,continuous,standard,5,1,Memory,Self-continuity
catman_pilot_v1,P071,manipulation,C03,pc_tran,6,human,lost,retain,affirm,continuous,standard,5,1,Memory,Transition continuity
catman_pilot_v1,P071,manipulation,A09,pc_sub,7,human,retain,retain,deny,continuous,anchor,6,1,Self-denial anchor,Body continuity
catman_pilot_v1,P071,manipulation,A09,pc_info,7,human,retain,retain,deny,continuous,anchor,6,1,Self-denial anchor,Memory continuity
catman_pilot_v1,P071,manipulation,A09,pc_func,7,human,retain,retain,deny,continuous,anchor,6,1,Self-denial anchor,Functional continuity
catman_pilot_v1,P071,manipulation,A09,pc_self,1,human,retain,retain,deny,continuous,anchor,6,1,Self-denial anchor,Self-continuity
catman_pilot_v1,P071,manipulation,A09,pc_tran,6,human,retain,retain,deny,continuous,anchor,6,1,Self-denial anchor,Transition continuity
catman_pilot_v1,P071,manipulation,C01,pc_sub,7,human,retain,retain,affirm,continuous,standard,7,1,Baseline,Body continuity
catman_pilot_v1,P071,manipulation,C01,pc_info,7,human,retain,retain,affirm,continuous,standard,7,1,Baseline,Memory continuity
catman_pilot_v1,P071,manipulation,C01,pc_func,7,human,retain,retain,affirm,continuous,standard,7,1,Baseline,Functional continuity
catman_pilot_v1,P071,manipulation,C01,pc_self,7,human,retain,retain,affirm,continuous,standard,7,1,Baseline,Self-continuity
catman_pilot_v1,P071,manipulation,C01,pc_tran,7,human,retain,retain,affirm,continuous,standard,7,1,Baseline,Transition continuity
catman_pilot_v1,P071,manipulation,C05,pc_sub,7,human,retain,retain,uncertain,continuous,standard,8,1,Self-ID uncertain,Body continuity
catman_pilot_v1,P071,manipulation,C05,pc_info,6,human,retain,retain,uncertain,continuous,standard,8,1,Self-ID uncertain,Memory continuity
catman_pilot_v1,P071,manipulation,C05,pc_func,6,human,retain,retain,uncertain,continuous,standard,8,1,Self-ID uncertain,Functional continuity
catman_pilot_v1,P071,manipulation,C05,pc_self,1,human,retain,retain,uncertain,continuous,standard,8,1,Self-ID uncertain,Self-continuity
catman_pilot_v1,P071,manipulation,C05,pc_tran,7,human,retain,retain,uncertain,continuous,standard,8,1,Self-ID uncertain,Transition continuity
catman_pilot_v1,P071,manipulation,C04,pc_sub,7,human,retain,limited,affirm,continuous,standard,9,1,Function,Body continuity
catman_pilot_v1,P071,manipulation,C04,pc_info,6,human,retain,limited,affirm,continuous,standard,9,1,Function,Memory continuity
catman_pilot_v1,P071,manipulation,C04,pc_func,1,human,retain,limited,affirm,continuous,standard,9,1,Function,Functional continuity
catman_pilot_v1,P071,manipulation,C04,pc_self,7,human,retain,limited,affirm,continuous,standard,9,1,Function,Self-continuity
catman_pilot_v1,P071,manipulation,C04,pc_tran,6,human,retain,limited,affirm,continuous,standard,9,1,Function,Transition continuity
catman_pilot_v1,P071,manipulation,A10,k_copy,7,cat,retain,retain,affirm,parallel,anchor,10,1,Parallel anchor,Copy-likeness
catman_pilot_v1,P071,manipulation,A10,k_term,1,cat,retain,retain,affirm,parallel,anchor,10,1,Parallel anchor,Termination
catman_pilot_v1,P071,manipulation,A10,k_coex,6,cat,retain,retain,affirm,parallel,anchor,10,1,Parallel anchor,Coexistence
catman_pilot_v1,P071,manipulation,A10,pc_sub,1,cat,retain,retain,affirm,parallel,anchor,10,1,Parallel anchor,Body continuity
catman_pilot_v1,P071,manipulation,A10,pc_info,6,cat,retain,retain,affirm,parallel,anchor,10,1,Parallel anchor,Memory continuity
catman_pilot_v1,P071,manipulation,A10,pc_func,6,cat,retain,retain,affirm,parallel,anchor,10,1,Parallel anchor,Functional continuity
catman_pilot_v1,P071,manipulation,A10,pc_self,7,cat,retain,retain,affirm,parallel,anchor,10,1,Parallel anchor,Self-continuity
catman_pilot_v1,P071,manipulation,A10,pc_tran,1,cat,retain,retain,affirm,parallel,anchor,10,1,Parallel anchor,Transition continuity
catman_pilot_v1,P062,manipulation,C05,pc_sub,7,human,retain,retain,uncertain,continuous,standard,1,1,Self-ID uncertain,Body continuity
catman_pilot_v1,P062,manipulation,C05,pc_info,7,human,retain,retain,uncertain,continuous,standard,1,1,Self-ID uncertain,Memory continuity
catman_pilot_v1,P062,manipulation,C05,pc_func,7,human,retain,retain,uncertain,continuous,standard,1,1,Self-ID uncertain,Functional continuity
catman_pilot_v1,P062,manipulation,C05,pc_self,1,human,retain,retain,uncertain,continuous,standard,1,1,Self-ID uncertain,Self-continuity
catman_pilot_v1,P062,manipulation,C05,pc_tran,7,human,retain,retain,uncertain,continuous,standard,1,1,Self-ID uncertain,Transition continuity
catman_pilot_v1,P062,manipulation,C06,pc_sub,7,human,retain,retain,affirm,discontinuous,standard,2,1,Transition,Body continuity
catman_pilot_v1,P062,manipulation,C06,pc_info,7,human,retain,retain,affirm,discontinuous,standard,2,1,Transition,Memory continuity
catman_pilot_v1,P062,manipulation,C06,pc_func,7,human,retain,retain,affirm,discontinuous,standard,2,1,Transition,Functional continuity
catman_pilot_v1,P062,manipulation,C06,pc_self,7,human,retain,retain,affirm,discontinuous,standard,2,1,Transition,Self-continuity
catman_pilot_v1,P062,manipulation,C06,pc_tran,1,human,retain,retain,affirm,discontinuous,standard,2,1,Transition,Transition continuity
catman_pilot_v1,P062,manipulation,C06,k_copy,7,human,retain,retain,affirm,discontinuous,standard,2,1,Transition,Copy-likeness
catman_pilot_v1,P062,manipulation,C06,k_term,7,human,retain,retain,affirm,discontinuous,standard,2,1,Transition,Termination
catman_pilot_v1,P062,manipulation,C07,pc_sub,1,cat,retain,retain,affirm,discontinuous,standard,3,1,Body + transition,Body continuity
catman_pilot_v1,P062,manipulation,C07,pc_info,7,cat,retain,retain,affirm,discontinuous,standard,3,1,Body + transition,Memory continuity
catman_pilot_v1,P062,manipulation,C07,pc_func,7,cat,retain,retain,affirm,discontinuous,standard,3,1,Body + transition,Functional continuity
catman_pilot_v1,P062,manipulation,C07,pc_self,7,cat,retain,retain,affirm,discontinuous,standard,3,1,Body + transition,Self-continuity
catman_pilot_v1,P062,manipulation,C07,pc_tran,1,cat,retain,retain,affirm,discontinuous,standard,3,1,Body + transition,Transition continuity
catman_pilot_v1,P062,manipulation,C07,k_copy,7,cat,retain,retain,affirm,discontinuous,standard,3,1,Body + transition,Copy-likeness
catman_pilot_v1,P062,manipulation,C07,k_term,7,cat,retain,retain,affirm,discontinuous,standard,3,1,Body + transition,Termination
catman_pilot_v1,P062,manipulation,C03,pc_sub,7,human,lost,retain,affirm,continuous,standard,4,1,Memory,Body continuity
catman_pilot_v1,P062,manipulation,C03,pc_info,1,human,lost,retain,affirm,continuous,standard,4,1,Memory,Memory continuity
catman_pilot_v1,P062,manipulation,C03,pc_func,7,human,lost,retain,affirm,continuous,standard,4,1,Memory,Functional continuity
catman_pilot_v1,P062,manipulation,C03,pc_self,7,human,lost,retain,affirm,continuous,standard,4,1,Memory,Self-continuity
catman_pilot_v1,P062,manipulation,C03,pc_tran,7,human,lost,retain,affirm,continuous,standard,4,1,Memory,Transition continuity
catman_pilot_v1,P062,manipulation,C04,pc_sub,7,human,retain,limited,affirm,continuous,standard,5,1,Function,Body continuity
catman_pilot_v1,P062,manipulation,C04,pc_info,7,human,retain,limited,affirm,continuous,standard,5,1,Function,Memory continuity
catman_pilot_v1,P062,manipulation,C04,pc_func,1,human,retain,limited,affirm,continuous,standard,5,1,Function,Functional continuity
catman_pilot_v1,P062,manipulation,C04,pc_self,7,human,retain,limited,affirm,continuous,standard,5,1,Function,Self-continuity
catman_pilot_v1,P062,manipulation,C04,pc_tran,7,human,retain,limited,affirm,continuous,standard,5,1,Function,Transition continuity
catman_pilot_v1,P062,manipulation,A10,k_copy,7,cat,retain,retain,affirm,parallel,anchor,6,1,Parallel anchor,Copy-likeness
catman_pilot_v1,P062,manipulation,A10,k_term,1,cat,retain,retain,affirm,parallel,anchor,6,1,Parallel anchor,Termination
catman_pilot_v1,P062,manipulation,A10,k_coex,7,cat,retain,retain,affirm,parallel,anchor,6,1,Parallel anchor,Coexistence
catman_pilot_v1,P062,manipulation,A10,pc_sub,1,cat,retain,retain,affirm,parallel,anchor,6,1,Parallel anchor,Body continuity
catman_pilot_v1,P062,manipulation,A10,pc_info,7,cat,retain,retain,affirm,parallel,anchor,6,1,Parallel anchor,Memory continuity
catman_pilot_v1,P062,manipulation,A10,pc_func,7,cat,retain,retain,affirm,parallel,anchor,6,1,Parallel anchor,Functional continuity
catman_pilot_v1,P062,manipulation,A10,pc_self,7,cat,retain,retain,affirm,parallel,anchor,6,1,Parallel anchor,Self-continuity
catman_pilot_v1,P062,manipulation,A10,pc_tran,1,cat,retain,retain,affirm,parallel,anchor,6,1,Parallel anchor,Transition continuity
catman_pilot_v1,P062,manipulation,C02,pc_sub,1,cat,retain,retain,affirm,continuous,standard,7,1,Body,Body continuity
catman_pilot_v1,P062,manipulation,C02,pc_info,7,cat,retain,retain,affirm,continuous,standard,7,1,Body,Memory continuity
catman_pilot_v1,P062,manipulation,C02,pc_func,7,cat,retain,retain,affirm,continuous,standard,7,1,Body,Functional continuity
catman_pilot_v1,P062,manipulation,C02,pc_self,7,cat,retain,retain,affirm,continuous,standard,7,1,Body,Self-continuity
catman_pilot_v1,P062,manipulation,C02,pc_tran,7,cat,retain,retain,affirm,continuous,standard,7,1,Body,Transition continuity
catman_pilot_v1,P062,manipulation,C08,pc_sub,7,human,lost,retain,affirm,discontinuous,standard,8,1,Memory + transition,Body continuity
catman_pilot_v1,P062,manipulation,C08,pc_info,1,human,lost,retain,affirm,discontinuous,standard,8,1,Memory + transition,Memory continuity
catman_pilot_v1,P062,manipulation,C08,pc_func,7,human,lost,retain,affirm,discontinuous,standard,8,1,Memory + transition,Functional continuity
catman_pilot_v1,P062,manipulation,C08,pc_self,7,human,lost,retain,affirm,discontinuous,standard,8,1,Memory + transition,Self-continuity
catman_pilot_v1,P062,manipulation,C08,pc_tran,1,human,lost,retain,affirm,discontinuous,standard,8,1,Memory + transition,Transition continuity
catman_pilot_v1,P062,manipulation,C08,k_copy,7,human,lost,retain,affirm,discontinuous,standard,8,1,Memory + transition,Copy-likeness
catman_pilot_v1,P062,manipulation,C08,k_term,7,human,lost,retain,affirm,discontinuous,standard,8,1,Memory + transition,Termination
catman_pilot_v1,P062,manipulation,A09,pc_sub,7,human,retain,retain,deny,continuous,anchor,9,1,Self-denial anchor,Body continuity
catman_pilot_v1,P062,manipulation,A09,pc_info,7,human,retain,retain,deny,continuous,anchor,9,1,Self-denial anchor,Memory continuity
catman_pilot_v1,P062,manipulation,A09,pc_func,7,human,retain,retain,deny,continuous,anchor,9,1,Self-denial anchor,Functional continuity
catman_pilot_v1,P062,manipulation,A09,pc_self,1,human,retain,retain,deny,continuous,anchor,9,1,Self-denial anchor,Self-continuity
catman_pilot_v1,P062,manipulation,A09,pc_tran,7,human,retain,retain,deny,continuous,anchor,9,1,Self-denial anchor,Transition continuity
catman_pilot_v1,P062,manipulation,C01,pc_sub,7,human,retain,retain,affirm,continuous,standard,10,1,Baseline,Body continuity
catman_pilot_v1,P062,manipulation,C01,pc_info,7,human,retain,retain,affirm,continuous,standard,10,1,Baseline,Memory continuity
catman_pilot_v1,P062,manipulation,C01,pc_func,7,human,retain,retain,affirm,continuous,standard,10,1,Baseline,Functional continuity
catman_pilot_v1,P062,manipulation,C01,pc_self,7,human,retain,retain,affirm,continuous,standard,10,1,Baseline,Self-continuity
catman_pilot_v1,P062,manipulation,C01,pc_tran,7,human,retain,retain,affirm,continuous,standard,10,1,Baseline,Transition continuity
catman_pilot_v1,P081,manipulation,C03,pc_sub,7,human,lost,retain,affirm,continuous,standard,1,1,Memory,Body continuity
catman_pilot_v1,P081,manipulation,C03,pc_info,1,human,lost,retain,affirm,continuous,standard,1,1,Memory,Memory continuity
catman_pilot_v1,P081,manipulation,C03,pc_func,7,human,lost,retain,affirm,continuous,standard,1,1,Memory,Functional continuity
catman_pilot_v1,P081,manipulation,C03,pc_self,7,human,lost,retain,affirm,continuous,standard,1,1,Memory,Self-continuity
catman_pilot_v1,P081,manipulation,C03,pc_tran,4,human,lost,retain,affirm,continuous,standard,1,1,Memory,Transition continuity
catman_pilot_v1,P081,manipulation,C06,pc_sub,7,human,retain,retain,affirm,discontinuous,standard,2,1,Transition,Body continuity
catman_pilot_v1,P081,manipulation,C06,pc_info,7,human,retain,retain,affirm,discontinuous,standard,2,1,Transition,Memory continuity
catman_pilot_v1,P081,manipulation,C06,pc_func,7,human,retain,retain,affirm,discontinuous,standard,2,1,Transition,Functional continuity
catman_pilot_v1,P081,manipulation,C06,pc_self,7,human,retain,retain,affirm,discontinuous,standard,2,1,Transition,Self-continuity
catman_pilot_v1,P081,manipulation,C06,pc_tran,2,human,retain,retain,affirm,discontinuous,standard,2,1,Transition,Transition continuity
catman_pilot_v1,P081,manipulation,C06,k_copy,2,human,retain,retain,affirm,discontinuous,standard,2,1,Transition,Copy-likeness
catman_pilot_v1,P081,manipulation,C06,k_term,5,human,retain,retain,affirm,discontinuous,standard,2,1,Transition,Termination
catman_pilot_v1,P081,manipulation,C04,pc_sub,7,human,retain,limited,affirm,continuous,standard,3,1,Function,Body continuity
catman_pilot_v1,P081,manipulation,C04,pc_info,7,human,retain,limited,affirm,continuous,standard,3,1,Function,Memory continuity
catman_pilot_v1,P081,manipulation,C04,pc_func,1,human,retain,limited,affirm,continuous,standard,3,1,Function,Functional continuity
catman_pilot_v1,P081,manipulation,C04,pc_self,6,human,retain,limited,affirm,continuous,standard,3,1,Function,Self-continuity
catman_pilot_v1,P081,manipulation,C04,pc_tran,4,human,retain,limited,affirm,continuous,standard,3,1,Function,Transition continuity
catman_pilot_v1,P081,manipulation,C02,pc_sub,1,cat,retain,retain,affirm,continuous,standard,4,1,Body,Body continuity
catman_pilot_v1,P081,manipulation,C02,pc_info,7,cat,retain,retain,affirm,continuous,standard,4,1,Body,Memory continuity
catman_pilot_v1,P081,manipulation,C02,pc_func,7,cat,retain,retain,affirm,continuous,standard,4,1,Body,Functional continuity
catman_pilot_v1,P081,manipulation,C02,pc_self,7,cat,retain,retain,affirm,continuous,standard,4,1,Body,Self-continuity
catman_pilot_v1,P081,manipulation,C02,pc_tran,1,cat,retain,retain,affirm,continuous,standard,4,1,Body,Transition continuity
catman_pilot_v1,P081,manipulation,C01,pc_sub,7,human,retain,retain,affirm,continuous,standard,5,1,Baseline,Body continuity
catman_pilot_v1,P081,manipulation,C01,pc_info,7,human,retain,retain,affirm,continuous,standard,5,1,Baseline,Memory continuity
catman_pilot_v1,P081,manipulation,C01,pc_func,7,human,retain,retain,affirm,continuous,standard,5,1,Baseline,Functional continuity
catman_pilot_v1,P081,manipulation,C01,pc_self,7,human,retain,retain,affirm,continuous,standard,5,1,Baseline,Self-continuity
catman_pilot_v1,P081,manipulation,C01,pc_tran,2,human,retain,retain,affirm,continuous,standard,5,1,Baseline,Transition continuity
catman_pilot_v1,P081,manipulation,C08,pc_sub,7,human,lost,retain,affirm,discontinuous,standard,6,1,Memory + transition,Body continuity
catman_pilot_v1,P081,manipulation,C08,pc_info,1,human,lost,retain,affirm,discontinuous,standard,6,1,Memory + transition,Memory continuity
catman_pilot_v1,P081,manipulation,C08,pc_func,7,human,lost,retain,affirm,discontinuous,standard,6,1,Memory + transition,Functional continuity
catman_pilot_v1,P081,manipulation,C08,pc_self,7,human,lost,retain,affirm,discontinuous,standard,6,1,Memory + transition,Self-continuity
catman_pilot_v1,P081,manipulation,C08,pc_tran,2,human,lost,retain,affirm,discontinuous,standard,6,1,Memory + transition,Transition continuity
catman_pilot_v1,P081,manipulation,C08,k_copy,2,human,lost,retain,affirm,discontinuous,standard,6,1,Memory + transition,Copy-likeness
catman_pilot_v1,P081,manipulation,C08,k_term,4,human,lost,retain,affirm,discontinuous,standard,6,1,Memory + transition,Termination
catman_pilot_v1,P081,manipulation,C05,pc_sub,7,human,retain,retain,uncertain,continuous,standard,7,1,Self-ID uncertain,Body continuity
catman_pilot_v1,P081,manipulation,C05,pc_info,7,human,retain,retain,uncertain,continuous,standard,7,1,Self-ID uncertain,Memory continuity
catman_pilot_v1,P081,manipulation,C05,pc_func,7,human,retain,retain,uncertain,continuous,standard,7,1,Self-ID uncertain,Functional continuity
catman_pilot_v1,P081,manipulation,C05,pc_self,7,human,retain,retain,uncertain,continuous,standard,7,1,Self-ID uncertain,Self-continuity
catman_pilot_v1,P081,manipulation,C05,pc_tran,4,human,retain,retain,uncertain,continuous,standard,7,1,Self-ID uncertain,Transition continuity
catman_pilot_v1,P081,manipulation,A09,pc_sub,7,human,retain,retain,deny,continuous,anchor,8,1,Self-denial anchor,Body continuity
catman_pilot_v1,P081,manipulation,A09,pc_info,7,human,retain,retain,deny,continuous,anchor,8,1,Self-denial anchor,Memory continuity
catman_pilot_v1,P081,manipulation,A09,pc_func,7,human,retain,retain,deny,continuous,anchor,8,1,Self-denial anchor,Functional continuity
catman_pilot_v1,P081,manipulation,A09,pc_self,1,human,retain,retain,deny,continuous,anchor,8,1,Self-denial anchor,Self-continuity
catman_pilot_v1,P081,manipulation,A09,pc_tran,3,human,retain,retain,deny,continuous,anchor,8,1,Self-denial anchor,Transition continuity
catman_pilot_v1,P081,manipulation,A10,k_copy,6,cat,retain,retain,affirm,parallel,anchor,9,1,Parallel anchor,Copy-likeness
catman_pilot_v1,P081,manipulation,A10,k_term,3,cat,retain,retain,affirm,parallel,anchor,9,1,Parallel anchor,Termination
catman_pilot_v1,P081,manipulation,A10,k_coex,7,cat,retain,retain,affirm,parallel,anchor,9,1,Parallel anchor,Coexistence
catman_pilot_v1,P081,manipulation,A10,pc_sub,1,cat,retain,retain,affirm,parallel,anchor,9,1,Parallel anchor,Body continuity
catman_pilot_v1,P081,manipulation,A10,pc_info,1,cat,retain,retain,affirm,parallel,anchor,9,1,Parallel anchor,Memory continuity
catman_pilot_v1,P081,manipulation,A10,pc_func,7,cat,retain,retain,affirm,parallel,anchor,9,1,Parallel anchor,Functional continuity
catman_pilot_v1,P081,manipulation,A10,pc_self,7,cat,retain,retain,affirm,parallel,anchor,9,1,Parallel anchor,Self-continuity
catman_pilot_v1,P081,manipulation,A10,pc_tran,4,cat,retain,retain,affirm,parallel,anchor,9,1,Parallel anchor,Transition continuity
catman_pilot_v1,P081,manipulation,C07,pc_sub,1,cat,retain,retain,affirm,discontinuous,standard,10,1,Body + transition,Body continuity
catman_pilot_v1,P081,manipulation,C07,pc_info,7,cat,retain,retain,affirm,discontinuous,standard,10,1,Body + transition,Memory continuity
catman_pilot_v1,P081,manipulation,C07,pc_func,7,cat,retain,retain,affirm,discontinuous,standard,10,1,Body + transition,Functional continuity
catman_pilot_v1,P081,manipulation,C07,pc_self,7,cat,retain,retain,affirm,discontinuous,standard,10,1,Body + transition,Self-continuity
catman_pilot_v1,P081,manipulation,C07,pc_tran,2,cat,retain,retain,affirm,discontinuous,standard,10,1,Body + transition,Transition continuity
catman_pilot_v1,P081,manipulation,C07,k_copy,3,cat,retain,retain,affirm,discontinuous,standard,10,1,Body + transition,Copy-likeness
catman_pilot_v1,P081,manipulation,C07,k_term,3,cat,retain,retain,affirm,discontinuous,standard,10,1,Body + transition,Termination
catman_pilot_v1,P015,manipulation,C07,pc_sub,1,cat,retain,retain,affirm,discontinuous,standard,1,1,Body + transition,Body continuity
catman_pilot_v1,P015,manipulation,C07,pc_info,7,cat,retain,retain,affirm,discontinuous,standard,1,1,Body + transition,Memory continuity
catman_pilot_v1,P015,manipulation,C07,pc_func,7,cat,retain,retain,affirm,discontinuous,standard,1,1,Body + transition,Functional continuity
catman_pilot_v1,P015,manipulation,C07,pc_self,7,cat,retain,retain,affirm,discontinuous,standard,1,1,Body + transition,Self-continuity
catman_pilot_v1,P015,manipulation,C07,pc_tran,7,cat,retain,retain,affirm,discontinuous,standard,1,1,Body + transition,Transition continuity
catman_pilot_v1,P015,manipulation,C07,k_copy,1,cat,retain,retain,affirm,discontinuous,standard,1,1,Body + transition,Copy-likeness
catman_pilot_v1,P015,manipulation,C07,k_term,7,cat,retain,retain,affirm,discontinuous,standard,1,1,Body + transition,Termination
catman_pilot_v1,P015,manipulation,C08,pc_sub,7,human,lost,retain,affirm,discontinuous,standard,2,1,Memory + transition,Body continuity
catman_pilot_v1,P015,manipulation,C08,pc_info,1,human,lost,retain,affirm,discontinuous,standard,2,1,Memory + transition,Memory continuity
catman_pilot_v1,P015,manipulation,C08,pc_func,7,human,lost,retain,affirm,discontinuous,standard,2,1,Memory + transition,Functional continuity
catman_pilot_v1,P015,manipulation,C08,pc_self,7,human,lost,retain,affirm,discontinuous,standard,2,1,Memory + transition,Self-continuity
catman_pilot_v1,P015,manipulation,C08,pc_tran,7,human,lost,retain,affirm,discontinuous,standard,2,1,Memory + transition,Transition continuity
catman_pilot_v1,P015,manipulation,C08,k_copy,1,human,lost,retain,affirm,discontinuous,standard,2,1,Memory + transition,Copy-likeness
catman_pilot_v1,P015,manipulation,C08,k_term,1,human,lost,retain,affirm,discontinuous,standard,2,1,Memory + transition,Termination
catman_pilot_v1,P015,manipulation,C06,pc_sub,7,human,retain,retain,affirm,discontinuous,standard,3,1,Transition,Body continuity
catman_pilot_v1,P015,manipulation,C06,pc_info,7,human,retain,retain,affirm,discontinuous,standard,3,1,Transition,Memory continuity
catman_pilot_v1,P015,manipulation,C06,pc_func,7,human,retain,retain,affirm,discontinuous,standard,3,1,Transition,Functional continuity
catman_pilot_v1,P015,manipulation,C06,pc_self,7,human,retain,retain,affirm,discontinuous,standard,3,1,Transition,Self-continuity
catman_pilot_v1,P015,manipulation,C06,pc_tran,7,human,retain,retain,affirm,discontinuous,standard,3,1,Transition,Transition continuity
catman_pilot_v1,P015,manipulation,C06,k_copy,1,human,retain,retain,affirm,discontinuous,standard,3,1,Transition,Copy-likeness
catman_pilot_v1,P015,manipulation,C06,k_term,1,human,retain,retain,affirm,discontinuous,standard,3,1,Transition,Termination
catman_pilot_v1,P015,manipulation,C03,pc_sub,7,human,lost,retain,affirm,continuous,standard,4,1,Memory,Body continuity
catman_pilot_v1,P015,manipulation,C03,pc_info,1,human,lost,retain,affirm,continuous,standard,4,1,Memory,Memory continuity
catman_pilot_v1,P015,manipulation,C03,pc_func,7,human,lost,retain,affirm,continuous,standard,4,1,Memory,Functional continuity
catman_pilot_v1,P015,manipulation,C03,pc_self,7,human,lost,retain,affirm,continuous,standard,4,1,Memory,Self-continuity
catman_pilot_v1,P015,manipulation,C03,pc_tran,1,human,lost,retain,affirm,continuous,standard,4,1,Memory,Transition continuity
catman_pilot_v1,P015,manipulation,C05,pc_sub,7,human,retain,retain,uncertain,continuous,standard,5,1,Self-ID uncertain,Body continuity
catman_pilot_v1,P015,manipulation,C05,pc_info,7,human,retain,retain,uncertain,continuous,standard,5,1,Self-ID uncertain,Memory continuity
catman_pilot_v1,P015,manipulation,C05,pc_func,7,human,retain,retain,uncertain,continuous,standard,5,1,Self-ID uncertain,Functional continuity
catman_pilot_v1,P015,manipulation,C05,pc_self,4,human,retain,retain,uncertain,continuous,standard,5,1,Self-ID uncertain,Self-continuity
catman_pilot_v1,P015,manipulation,C05,pc_tran,7,human,retain,retain,uncertain,continuous,standard,5,1,Self-ID uncertain,Transition continuity
catman_pilot_v1,P015,manipulation,A09,pc_sub,7,human,retain,retain,deny,continuous,anchor,6,1,Self-denial anchor,Body continuity
catman_pilot_v1,P015,manipulation,A09,pc_info,7,human,retain,retain,deny,continuous,anchor,6,1,Self-denial anchor,Memory continuity
catman_pilot_v1,P015,manipulation,A09,pc_func,7,human,retain,retain,deny,continuous,anchor,6,1,Self-denial anchor,Functional continuity
catman_pilot_v1,P015,manipulation,A09,pc_self,1,human,retain,retain,deny,continuous,anchor,6,1,Self-denial anchor,Self-continuity
catman_pilot_v1,P015,manipulation,A09,pc_tran,7,human,retain,retain,deny,continuous,anchor,6,1,Self-denial anchor,Transition continuity
catman_pilot_v1,P015,manipulation,C02,pc_sub,1,cat,retain,retain,affirm,continuous,standard,7,1,Body,Body continuity
catman_pilot_v1,P015,manipulation,C02,pc_info,7,cat,retain,retain,affirm,continuous,standard,7,1,Body,Memory continuity
catman_pilot_v1,P015,manipulation,C02,pc_func,7,cat,retain,retain,affirm,continuous,standard,7,1,Body,Functional continuity
catman_pilot_v1,P015,manipulation,C02,pc_self,7,cat,retain,retain,affirm,continuous,standard,7,1,Body,Self-continuity
catman_pilot_v1,P015,manipulation,C02,pc_tran,7,cat,retain,retain,affirm,continuous,standard,7,1,Body,Transition continuity
catman_pilot_v1,P015,manipulation,A10,k_copy,1,cat,retain,retain,affirm,parallel,anchor,8,1,Parallel anchor,Copy-likeness
catman_pilot_v1,P015,manipulation,A10,k_term,1,cat,retain,retain,affirm,parallel,anchor,8,1,Parallel anchor,Termination
catman_pilot_v1,P015,manipulation,A10,k_coex,7,cat,retain,retain,affirm,parallel,anchor,8,1,Parallel anchor,Coexistence
catman_pilot_v1,P015,manipulation,A10,pc_sub,1,cat,retain,retain,affirm,parallel,anchor,8,1,Parallel anchor,Body continuity
catman_pilot_v1,P015,manipulation,A10,pc_info,7,cat,retain,retain,affirm,parallel,anchor,8,1,Parallel anchor,Memory continuity
catman_pilot_v1,P015,manipulation,A10,pc_func,7,cat,retain,retain,affirm,parallel,anchor,8,1,Parallel anchor,Functional continuity
catman_pilot_v1,P015,manipulation,A10,pc_self,7,cat,retain,retain,affirm,parallel,anchor,8,1,Parallel anchor,Self-continuity
catman_pilot_v1,P015,manipulation,A10,pc_tran,7,cat,retain,retain,affirm,parallel,anchor,8,1,Parallel anchor,Transition continuity
catman_pilot_v1,P015,manipulation,C01,pc_sub,7,human,retain,retain,affirm,continuous,standard,9,1,Baseline,Body continuity
catman_pilot_v1,P015,manipulation,C01,pc_info,7,human,retain,retain,affirm,continuous,standard,9,1,Baseline,Memory continuity
catman_pilot_v1,P015,manipulation,C01,pc_func,7,human,retain,retain,affirm,continuous,standard,9,1,Baseline,Functional continuity
catman_pilot_v1,P015,manipulation,C01,pc_self,7,human,retain,retain,affirm,continuous,standard,9,1,Baseline,Self-continuity
catman_pilot_v1,P015,manipulation,C01,pc_tran,7,human,retain,retain,affirm,continuous,standard,9,1,Baseline,Transition continuity
catman_pilot_v1,P015,manipulation,C04,pc_sub,7,human,retain,limited,affirm,continuous,standard,10,1,Function,Body continuity
catman_pilot_v1,P015,manipulation,C04,pc_info,7,human,retain,limited,affirm,continuous,standard,10,1,Function,Memory continuity
catman_pilot_v1,P015,manipulation,C04,pc_func,3,human,retain,limited,affirm,continuous,standard,10,1,Function,Functional continuity
catman_pilot_v1,P015,manipulation,C04,pc_self,7,human,retain,limited,affirm,continuous,standard,10,1,Function,Self-continuity
catman_pilot_v1,P015,manipulation,C04,pc_tran,7,human,retain,limited,affirm,continuous,standard,10,1,Function,Transition continuity
catman_pilot_v1,P034,manipulation,C06,pc_sub,6,human,retain,retain,affirm,discontinuous,standard,1,1,Transition,Body continuity
catman_pilot_v1,P034,manipulation,C06,pc_info,6,human,retain,retain,affirm,discontinuous,standard,1,1,Transition,Memory continuity
catman_pilot_v1,P034,manipulation,C06,pc_func,6,human,retain,retain,affirm,discontinuous,standard,1,1,Transition,Functional continuity
catman_pilot_v1,P034,manipulation,C06,pc_self,4,human,retain,retain,affirm,discontinuous,standard,1,1,Transition,Self-continuity
catman_pilot_v1,P034,manipulation,C06,pc_tran,3,human,retain,retain,affirm,discontinuous,standard,1,1,Transition,Transition continuity
catman_pilot_v1,P034,manipulation,C06,k_copy,3,human,retain,retain,affirm,discontinuous,standard,1,1,Transition,Copy-likeness
catman_pilot_v1,P034,manipulation,C06,k_term,3,human,retain,retain,affirm,discontinuous,standard,1,1,Transition,Termination
catman_pilot_v1,P034,manipulation,C07,pc_sub,2,cat,retain,retain,affirm,discontinuous,standard,2,1,Body + transition,Body continuity
catman_pilot_v1,P034,manipulation,C07,pc_info,6,cat,retain,retain,affirm,discontinuous,standard,2,1,Body + transition,Memory continuity
catman_pilot_v1,P034,manipulation,C07,pc_func,6,cat,retain,retain,affirm,discontinuous,standard,2,1,Body + transition,Functional continuity
catman_pilot_v1,P034,manipulation,C07,pc_self,6,cat,retain,retain,affirm,discontinuous,standard,2,1,Body + transition,Self-continuity
catman_pilot_v1,P034,manipulation,C07,pc_tran,4,cat,retain,retain,affirm,discontinuous,standard,2,1,Body + transition,Transition continuity
catman_pilot_v1,P034,manipulation,C07,k_copy,3,cat,retain,retain,affirm,discontinuous,standard,2,1,Body + transition,Copy-likeness
catman_pilot_v1,P034,manipulation,C07,k_term,4,cat,retain,retain,affirm,discontinuous,standard,2,1,Body + transition,Termination
catman_pilot_v1,P034,manipulation,C05,pc_sub,6,human,retain,retain,uncertain,continuous,standard,3,1,Self-ID uncertain,Body continuity
catman_pilot_v1,P034,manipulation,C05,pc_info,6,human,retain,retain,uncertain,continuous,standard,3,1,Self-ID uncertain,Memory continuity
catman_pilot_v1,P034,manipulation,C05,pc_func,6,human,retain,retain,uncertain,continuous,standard,3,1,Self-ID uncertain,Functional continuity
catman_pilot_v1,P034,manipulation,C05,pc_self,2,human,retain,retain,uncertain,continuous,standard,3,1,Self-ID uncertain,Self-continuity
catman_pilot_v1,P034,manipulation,C05,pc_tran,4,human,retain,retain,uncertain,continuous,standard,3,1,Self-ID uncertain,Transition continuity
catman_pilot_v1,P034,manipulation,C03,pc_sub,6,human,lost,retain,affirm,continuous,standard,4,1,Memory,Body continuity
catman_pilot_v1,P034,manipulation,C03,pc_info,2,human,lost,retain,affirm,continuous,standard,4,1,Memory,Memory continuity
catman_pilot_v1,P034,manipulation,C03,pc_func,6,human,lost,retain,affirm,continuous,standard,4,1,Memory,Functional continuity
catman_pilot_v1,P034,manipulation,C03,pc_self,6,human,lost,retain,affirm,continuous,standard,4,1,Memory,Self-continuity
catman_pilot_v1,P034,manipulation,C03,pc_tran,4,human,lost,retain,affirm,continuous,standard,4,1,Memory,Transition continuity
catman_pilot_v1,P034,manipulation,A10,k_copy,2,cat,retain,retain,affirm,parallel,anchor,5,1,Parallel anchor,Copy-likeness
catman_pilot_v1,P034,manipulation,A10,k_term,4,cat,retain,retain,affirm,parallel,anchor,5,1,Parallel anchor,Termination
catman_pilot_v1,P034,manipulation,A10,k_coex,6,cat,retain,retain,affirm,parallel,anchor,5,1,Parallel anchor,Coexistence
catman_pilot_v1,P034,manipulation,A10,pc_sub,2,cat,retain,retain,affirm,parallel,anchor,5,1,Parallel anchor,Body continuity
catman_pilot_v1,P034,manipulation,A10,pc_info,6,cat,retain,retain,affirm,parallel,anchor,5,1,Parallel anchor,Memory continuity
catman_pilot_v1,P034,manipulation,A10,pc_func,6,cat,retain,retain,affirm,parallel,anchor,5,1,Parallel anchor,Functional continuity
catman_pilot_v1,P034,manipulation,A10,pc_self,6,cat,retain,retain,affirm,parallel,anchor,5,1,Parallel anchor,Self-continuity
catman_pilot_v1,P034,manipulation,A10,pc_tran,4,cat,retain,retain,affirm,parallel,anchor,5,1,Parallel anchor,Transition continuity
catman_pilot_v1,P034,manipulation,C01,pc_sub,6,human,retain,retain,affirm,continuous,standard,6,1,Baseline,Body continuity
catman_pilot_v1,P034,manipulation,C01,pc_info,6,human,retain,retain,affirm,continuous,standard,6,1,Baseline,Memory continuity
catman_pilot_v1,P034,manipulation,C01,pc_func,6,human,retain,retain,affirm,continuous,standard,6,1,Baseline,Functional continuity
catman_pilot_v1,P034,manipulation,C01,pc_self,5,human,retain,retain,affirm,continuous,standard,6,1,Baseline,Self-continuity
catman_pilot_v1,P034,manipulation,C01,pc_tran,4,human,retain,retain,affirm,continuous,standard,6,1,Baseline,Transition continuity
catman_pilot_v1,P034,manipulation,C02,pc_sub,2,cat,retain,retain,affirm,continuous,standard,7,1,Body,Body continuity
catman_pilot_v1,P034,manipulation,C02,pc_info,6,cat,retain,retain,affirm,continuous,standard,7,1,Body,Memory continuity
catman_pilot_v1,P034,manipulation,C02,pc_func,6,cat,retain,retain,affirm,continuous,standard,7,1,Body,Functional continuity
catman_pilot_v1,P034,manipulation,C02,pc_self,5,cat,retain,retain,affirm,continuous,standard,7,1,Body,Self-continuity
catman_pilot_v1,P034,manipulation,C02,pc_tran,4,cat,retain,retain,affirm,continuous,standard,7,1,Body,Transition continuity
catman_pilot_v1,P034,manipulation,C04,pc_sub,6,human,retain,limited,affirm,continuous,standard,8,1,Function,Body continuity
catman_pilot_v1,P034,manipulation,C04,pc_info,6,human,retain,limited,affirm,continuous,standard,8,1,Function,Memory continuity
catman_pilot_v1,P034,manipulation,C04,pc_func,3,human,retain,limited,affirm,continuous,standard,8,1,Function,Functional continuity
catman_pilot_v1,P034,manipulation,C04,pc_self,5,human,retain,limited,affirm,continuous,standard,8,1,Function,Self-continuity
catman_pilot_v1,P034,manipulation,C04,pc_tran,4,human,retain,limited,affirm,continuous,standard,8,1,Function,Transition continuity
catman_pilot_v1,P034,manipulation,A09,pc_sub,6,human,retain,retain,deny,continuous,anchor,9,1,Self-denial anchor,Body continuity
catman_pilot_v1,P034,manipulation,A09,pc_info,6,human,retain,retain,deny,continuous,anchor,9,1,Self-denial anchor,Memory continuity
catman_pilot_v1,P034,manipulation,A09,pc_func,6,human,retain,retain,deny,continuous,anchor,9,1,Self-denial anchor,Functional continuity
catman_pilot_v1,P034,manipulation,A09,pc_self,2,human,retain,retain,deny,continuous,anchor,9,1,Self-denial anchor,Self-continuity
catman_pilot_v1,P034,manipulation,A09,pc_tran,4,human,retain,retain,deny,continuous,anchor,9,1,Self-denial anchor,Transition continuity
catman_pilot_v1,P034,manipulation,C08,pc_sub,6,human,lost,retain,affirm,discontinuous,standard,10,1,Memory + transition,Body continuity
catman_pilot_v1,P034,manipulation,C08,pc_info,2,human,lost,retain,affirm,discontinuous,standard,10,1,Memory + transition,Memory continuity
catman_pilot_v1,P034,manipulation,C08,pc_func,6,human,lost,retain,affirm,discontinuous,standard,10,1,Memory + transition,Functional continuity
catman_pilot_v1,P034,manipulation,C08,pc_self,6,human,lost,retain,affirm,discontinuous,standard,10,1,Memory + transition,Self-continuity
catman_pilot_v1,P034,manipulation,C08,pc_tran,4,human,lost,retain,affirm,discontinuous,standard,10,1,Memory + transition,Transition continuity
catman_pilot_v1,P034,manipulation,C08,k_copy,6,human,lost,retain,affirm,discontinuous,standard,10,1,Memory + transition,Copy-likeness
catman_pilot_v1,P034,manipulation,C08,k_term,5,human,lost,retain,affirm,discontinuous,standard,10,1,Memory + transition,Termination
catman_pilot_v1,P007,manipulation,C06,pc_sub,7,human,retain,retain,affirm,discontinuous,standard,1,1,Transition,Body continuity
catman_pilot_v1,P007,manipulation,C06,pc_info,7,human,retain,retain,affirm,discontinuous,standard,1,1,Transition,Memory continuity
catman_pilot_v1,P007,manipulation,C06,pc_func,7,human,retain,retain,affirm,discontinuous,standard,1,1,Transition,Functional continuity
catman_pilot_v1,P007,manipulation,C06,pc_self,7,human,retain,retain,affirm,discontinuous,standard,1,1,Transition,Self-continuity
catman_pilot_v1,P007,manipulation,C06,pc_tran,7,human,retain,retain,affirm,discontinuous,standard,1,1,Transition,Transition continuity
catman_pilot_v1,P007,manipulation,C06,k_copy,4,human,retain,retain,affirm,discontinuous,standard,1,1,Transition,Copy-likeness
catman_pilot_v1,P007,manipulation,C06,k_term,4,human,retain,retain,affirm,discontinuous,standard,1,1,Transition,Termination
catman_pilot_v1,P007,manipulation,C04,pc_sub,7,human,retain,limited,affirm,continuous,standard,2,1,Function,Body continuity
catman_pilot_v1,P007,manipulation,C04,pc_info,4,human,retain,limited,affirm,continuous,standard,2,1,Function,Memory continuity
catman_pilot_v1,P007,manipulation,C04,pc_func,1,human,retain,limited,affirm,continuous,standard,2,1,Function,Functional continuity
catman_pilot_v1,P007,manipulation,C04,pc_self,1,human,retain,limited,affirm,continuous,standard,2,1,Function,Self-continuity
catman_pilot_v1,P007,manipulation,C04,pc_tran,5,human,retain,limited,affirm,continuous,standard,2,1,Function,Transition continuity
catman_pilot_v1,P007,manipulation,C08,pc_sub,7,human,lost,retain,affirm,discontinuous,standard,3,1,Memory + transition,Body continuity
catman_pilot_v1,P007,manipulation,C08,pc_info,1,human,lost,retain,affirm,discontinuous,standard,3,1,Memory + transition,Memory continuity
catman_pilot_v1,P007,manipulation,C08,pc_func,4,human,lost,retain,affirm,discontinuous,standard,3,1,Memory + transition,Functional continuity
catman_pilot_v1,P007,manipulation,C08,pc_self,4,human,lost,retain,affirm,discontinuous,standard,3,1,Memory + transition,Self-continuity
catman_pilot_v1,P007,manipulation,C08,pc_tran,7,human,lost,retain,affirm,discontinuous,standard,3,1,Memory + transition,Transition continuity
catman_pilot_v1,P007,manipulation,C08,k_copy,4,human,lost,retain,affirm,discontinuous,standard,3,1,Memory + transition,Copy-likeness
catman_pilot_v1,P007,manipulation,C08,k_term,4,human,lost,retain,affirm,discontinuous,standard,3,1,Memory + transition,Termination
catman_pilot_v1,P007,manipulation,C03,pc_sub,7,human,lost,retain,affirm,continuous,standard,4,1,Memory,Body continuity
catman_pilot_v1,P007,manipulation,C03,pc_info,1,human,lost,retain,affirm,continuous,standard,4,1,Memory,Memory continuity
catman_pilot_v1,P007,manipulation,C03,pc_func,7,human,lost,retain,affirm,continuous,standard,4,1,Memory,Functional continuity
catman_pilot_v1,P007,manipulation,C03,pc_self,4,human,lost,retain,affirm,continuous,standard,4,1,Memory,Self-continuity
catman_pilot_v1,P007,manipulation,C03,pc_tran,7,human,lost,retain,affirm,continuous,standard,4,1,Memory,Transition continuity
catman_pilot_v1,P007,manipulation,A10,k_copy,1,cat,retain,retain,affirm,parallel,anchor,5,1,Parallel anchor,Copy-likeness
catman_pilot_v1,P007,manipulation,A10,k_term,5,cat,retain,retain,affirm,parallel,anchor,5,1,Parallel anchor,Termination
catman_pilot_v1,P007,manipulation,A10,k_coex,7,cat,retain,retain,affirm,parallel,anchor,5,1,Parallel anchor,Coexistence
catman_pilot_v1,P007,manipulation,A10,pc_sub,1,cat,retain,retain,affirm,parallel,anchor,5,1,Parallel anchor,Body continuity
catman_pilot_v1,P007,manipulation,A10,pc_info,4,cat,retain,retain,affirm,parallel,anchor,5,1,Parallel anchor,Memory continuity
catman_pilot_v1,P007,manipulation,A10,pc_func,4,cat,retain,retain,affirm,parallel,anchor,5,1,Parallel anchor,Functional continuity
catman_pilot_v1,P007,manipulation,A10,pc_self,1,cat,retain,retain,affirm,parallel,anchor,5,1,Parallel anchor,Self-continuity
catman_pilot_v1,P007,manipulation,A10,pc_tran,7,cat,retain,retain,affirm,parallel,anchor,5,1,Parallel anchor,Transition continuity
catman_pilot_v1,P007,manipulation,C02,pc_sub,1,cat,retain,retain,affirm,continuous,standard,6,1,Body,Body continuity
catman_pilot_v1,P007,manipulation,C02,pc_info,7,cat,retain,retain,affirm,continuous,standard,6,1,Body,Memory continuity
catman_pilot_v1,P007,manipulation,C02,pc_func,7,cat,retain,retain,affirm,continuous,standard,6,1,Body,Functional continuity
catman_pilot_v1,P007,manipulation,C02,pc_self,1,cat,retain,retain,affirm,continuous,standard,6,1,Body,Self-continuity
catman_pilot_v1,P007,manipulation,C02,pc_tran,7,cat,retain,retain,affirm,continuous,standard,6,1,Body,Transition continuity
catman_pilot_v1,P007,manipulation,A09,pc_sub,7,human,retain,retain,deny,continuous,anchor,7,1,Self-denial anchor,Body continuity
catman_pilot_v1,P007,manipulation,A09,pc_info,7,human,retain,retain,deny,continuous,anchor,7,1,Self-denial anchor,Memory continuity
catman_pilot_v1,P007,manipulation,A09,pc_func,7,human,retain,retain,deny,continuous,anchor,7,1,Self-denial anchor,Functional continuity
catman_pilot_v1,P007,manipulation,A09,pc_self,4,human,retain,retain,deny,continuous,anchor,7,1,Self-denial anchor,Self-continuity
catman_pilot_v1,P007,manipulation,A09,pc_tran,7,human,retain,retain,deny,continuous,anchor,7,1,Self-denial anchor,Transition continuity
catman_pilot_v1,P007,manipulation,C01,pc_sub,7,human,retain,retain,affirm,continuous,standard,8,1,Baseline,Body continuity
catman_pilot_v1,P007,manipulation,C01,pc_info,7,human,retain,retain,affirm,continuous,standard,8,1,Baseline,Memory continuity
catman_pilot_v1,P007,manipulation,C01,pc_func,7,human,retain,retain,affirm,continuous,standard,8,1,Baseline,Functional continuity
catman_pilot_v1,P007,manipulation,C01,pc_self,7,human,retain,retain,affirm,continuous,standard,8,1,Baseline,Self-continuity
catman_pilot_v1,P007,manipulation,C01,pc_tran,7,human,retain,retain,affirm,continuous,standard,8,1,Baseline,Transition continuity
catman_pilot_v1,P007,manipulation,C07,pc_sub,1,cat,retain,retain,affirm,discontinuous,standard,9,1,Body + transition,Body continuity
catman_pilot_v1,P007,manipulation,C07,pc_info,7,cat,retain,retain,affirm,discontinuous,standard,9,1,Body + transition,Memory continuity
catman_pilot_v1,P007,manipulation,C07,pc_func,7,cat,retain,retain,affirm,discontinuous,standard,9,1,Body + transition,Functional continuity
catman_pilot_v1,P007,manipulation,C07,pc_self,7,cat,retain,retain,affirm,discontinuous,standard,9,1,Body + transition,Self-continuity
catman_pilot_v1,P007,manipulation,C07,pc_tran,7,cat,retain,retain,affirm,discontinuous,standard,9,1,Body + transition,Transition continuity
catman_pilot_v1,P007,manipulation,C07,k_copy,4,cat,retain,retain,affirm,discontinuous,standard,9,1,Body + transition,Copy-likeness
catman_pilot_v1,P007,manipulation,C07,k_term,7,cat,retain,retain,affirm,discontinuous,standard,9,1,Body + transition,Termination
catman_pilot_v1,P007,manipulation,C05,pc_sub,7,human,retain,retain,uncertain,continuous,standard,10,1,Self-ID uncertain,Body continuity
catman_pilot_v1,P007,manipulation,C05,pc_info,7,human,retain,retain,uncertain,continuous,standard,10,1,Self-ID uncertain,Memory continuity
catman_pilot_v1,P007,manipulation,C05,pc_func,7,human,retain,retain,uncertain,continuous,standard,10,1,Self-ID uncertain,Functional continuity
catman_pilot_v1,P007,manipulation,C05,pc_self,3,human,retain,retain,uncertain,continuous,standard,10,1,Self-ID uncertain,Self-continuity
catman_pilot_v1,P007,manipulation,C05,pc_tran,7,human,retain,retain,uncertain,continuous,standard,10,1,Self-ID uncertain,Transition continuity
catman_pilot_v1,P068,manipulation,C01,pc_sub,7,human,retain,retain,affirm,continuous,standard,1,1,Baseline,Body continuity
catman_pilot_v1,P068,manipulation,C01,pc_info,7,human,retain,retain,affirm,continuous,standard,1,1,Baseline,Memory continuity
catman_pilot_v1,P068,manipulation,C01,pc_func,6,human,retain,retain,affirm,continuous,standard,1,1,Baseline,Functional continuity
catman_pilot_v1,P068,manipulation,C01,pc_self,6,human,retain,retain,affirm,continuous,standard,1,1,Baseline,Self-continuity
catman_pilot_v1,P068,manipulation,C01,pc_tran,7,human,retain,retain,affirm,continuous,standard,1,1,Baseline,Transition continuity
catman_pilot_v1,P068,manipulation,C03,pc_sub,7,human,lost,retain,affirm,continuous,standard,2,1,Memory,Body continuity
catman_pilot_v1,P068,manipulation,C03,pc_info,1,human,lost,retain,affirm,continuous,standard,2,1,Memory,Memory continuity
catman_pilot_v1,P068,manipulation,C03,pc_func,5,human,lost,retain,affirm,continuous,standard,2,1,Memory,Functional continuity
catman_pilot_v1,P068,manipulation,C03,pc_self,6,human,lost,retain,affirm,continuous,standard,2,1,Memory,Self-continuity
catman_pilot_v1,P068,manipulation,C03,pc_tran,7,human,lost,retain,affirm,continuous,standard,2,1,Memory,Transition continuity
catman_pilot_v1,P068,manipulation,C08,pc_sub,7,human,lost,retain,affirm,discontinuous,standard,3,1,Memory + transition,Body continuity
catman_pilot_v1,P068,manipulation,C08,pc_info,1,human,lost,retain,affirm,discontinuous,standard,3,1,Memory + transition,Memory continuity
catman_pilot_v1,P068,manipulation,C08,pc_func,5,human,lost,retain,affirm,discontinuous,standard,3,1,Memory + transition,Functional continuity
catman_pilot_v1,P068,manipulation,C08,pc_self,6,human,lost,retain,affirm,discontinuous,standard,3,1,Memory + transition,Self-continuity
catman_pilot_v1,P068,manipulation,C08,pc_tran,6,human,lost,retain,affirm,discontinuous,standard,3,1,Memory + transition,Transition continuity
catman_pilot_v1,P068,manipulation,C08,k_copy,5,human,lost,retain,affirm,discontinuous,standard,3,1,Memory + transition,Copy-likeness
catman_pilot_v1,P068,manipulation,C08,k_term,6,human,lost,retain,affirm,discontinuous,standard,3,1,Memory + transition,Termination
catman_pilot_v1,P068,manipulation,C02,pc_sub,1,cat,retain,retain,affirm,continuous,standard,4,1,Body,Body continuity
catman_pilot_v1,P068,manipulation,C02,pc_info,7,cat,retain,retain,affirm,continuous,standard,4,1,Body,Memory continuity
catman_pilot_v1,P068,manipulation,C02,pc_func,3,cat,retain,retain,affirm,continuous,standard,4,1,Body,Functional continuity
catman_pilot_v1,P068,manipulation,C02,pc_self,6,cat,retain,retain,affirm,continuous,standard,4,1,Body,Self-continuity
catman_pilot_v1,P068,manipulation,C02,pc_tran,7,cat,retain,retain,affirm,continuous,standard,4,1,Body,Transition continuity
catman_pilot_v1,P068,manipulation,A09,pc_sub,7,human,retain,retain,deny,continuous,anchor,5,1,Self-denial anchor,Body continuity
catman_pilot_v1,P068,manipulation,A09,pc_info,7,human,retain,retain,deny,continuous,anchor,5,1,Self-denial anchor,Memory continuity
catman_pilot_v1,P068,manipulation,A09,pc_func,6,human,retain,retain,deny,continuous,anchor,5,1,Self-denial anchor,Functional continuity
catman_pilot_v1,P068,manipulation,A09,pc_self,2,human,retain,retain,deny,continuous,anchor,5,1,Self-denial anchor,Self-continuity
catman_pilot_v1,P068,manipulation,A09,pc_tran,7,human,retain,retain,deny,continuous,anchor,5,1,Self-denial anchor,Transition continuity
catman_pilot_v1,P068,manipulation,C04,pc_sub,6,human,retain,limited,affirm,continuous,standard,6,1,Function,Body continuity
catman_pilot_v1,P068,manipulation,C04,pc_info,7,human,retain,limited,affirm,continuous,standard,6,1,Function,Memory continuity
catman_pilot_v1,P068,manipulation,C04,pc_func,3,human,retain,limited,affirm,continuous,standard,6,1,Function,Functional continuity
catman_pilot_v1,P068,manipulation,C04,pc_self,7,human,retain,limited,affirm,continuous,standard,6,1,Function,Self-continuity
catman_pilot_v1,P068,manipulation,C04,pc_tran,7,human,retain,limited,affirm,continuous,standard,6,1,Function,Transition continuity
catman_pilot_v1,P068,manipulation,C07,pc_sub,1,cat,retain,retain,affirm,discontinuous,standard,7,1,Body + transition,Body continuity
catman_pilot_v1,P068,manipulation,C07,pc_info,7,cat,retain,retain,affirm,discontinuous,standard,7,1,Body + transition,Memory continuity
catman_pilot_v1,P068,manipulation,C07,pc_func,3,cat,retain,retain,affirm,discontinuous,standard,7,1,Body + transition,Functional continuity
catman_pilot_v1,P068,manipulation,C07,pc_self,6,cat,retain,retain,affirm,discontinuous,standard,7,1,Body + transition,Self-continuity
catman_pilot_v1,P068,manipulation,C07,pc_tran,4,cat,retain,retain,affirm,discontinuous,standard,7,1,Body + transition,Transition continuity
catman_pilot_v1,P068,manipulation,C07,k_copy,5,cat,retain,retain,affirm,discontinuous,standard,7,1,Body + transition,Copy-likeness
catman_pilot_v1,P068,manipulation,C07,k_term,3,cat,retain,retain,affirm,discontinuous,standard,7,1,Body + transition,Termination
catman_pilot_v1,P068,manipulation,C05,pc_sub,7,human,retain,retain,uncertain,continuous,standard,8,1,Self-ID uncertain,Body continuity
catman_pilot_v1,P068,manipulation,C05,pc_info,7,human,retain,retain,uncertain,continuous,standard,8,1,Self-ID uncertain,Memory continuity
catman_pilot_v1,P068,manipulation,C05,pc_func,7,human,retain,retain,uncertain,continuous,standard,8,1,Self-ID uncertain,Functional continuity
catman_pilot_v1,P068,manipulation,C05,pc_self,4,human,retain,retain,uncertain,continuous,standard,8,1,Self-ID uncertain,Self-continuity
catman_pilot_v1,P068,manipulation,C05,pc_tran,7,human,retain,retain,uncertain,continuous,standard,8,1,Self-ID uncertain,Transition continuity
catman_pilot_v1,P068,manipulation,A10,k_copy,6,cat,retain,retain,affirm,parallel,anchor,9,1,Parallel anchor,Copy-likeness
catman_pilot_v1,P068,manipulation,A10,k_term,1,cat,retain,retain,affirm,parallel,anchor,9,1,Parallel anchor,Termination
catman_pilot_v1,P068,manipulation,A10,k_coex,7,cat,retain,retain,affirm,parallel,anchor,9,1,Parallel anchor,Coexistence
catman_pilot_v1,P068,manipulation,A10,pc_sub,1,cat,retain,retain,affirm,parallel,anchor,9,1,Parallel anchor,Body continuity
catman_pilot_v1,P068,manipulation,A10,pc_info,7,cat,retain,retain,affirm,parallel,anchor,9,1,Parallel anchor,Memory continuity
catman_pilot_v1,P068,manipulation,A10,pc_func,3,cat,retain,retain,affirm,parallel,anchor,9,1,Parallel anchor,Functional continuity
catman_pilot_v1,P068,manipulation,A10,pc_self,5,cat,retain,retain,affirm,parallel,anchor,9,1,Parallel anchor,Self-continuity
catman_pilot_v1,P068,manipulation,A10,pc_tran,2,cat,retain,retain,affirm,parallel,anchor,9,1,Parallel anchor,Transition continuity
catman_pilot_v1,P068,manipulation,C06,pc_sub,7,human,retain,retain,affirm,discontinuous,standard,10,1,Transition,Body continuity
catman_pilot_v1,P068,manipulation,C06,pc_info,7,human,retain,retain,affirm,discontinuous,standard,10,1,Transition,Memory continuity
catman_pilot_v1,P068,manipulation,C06,pc_func,6,human,retain,retain,affirm,discontinuous,standard,10,1,Transition,Functional continuity
catman_pilot_v1,P068,manipulation,C06,pc_self,7,human,retain,retain,affirm,discontinuous,standard,10,1,Transition,Self-continuity
catman_pilot_v1,P068,manipulation,C06,pc_tran,6,human,retain,retain,affirm,discontinuous,standard,10,1,Transition,Transition continuity
catman_pilot_v1,P068,manipulation,C06,k_copy,4,human,retain,retain,affirm,discontinuous,standard,10,1,Transition,Copy-likeness
catman_pilot_v1,P068,manipulation,C06,k_term,5,human,retain,retain,affirm,discontinuous,standard,10,1,Transition,Termination
catman_pilot_v1,P055,manipulation,C08,pc_sub,7,human,lost,retain,affirm,discontinuous,standard,1,1,Memory + transition,Body continuity
catman_pilot_v1,P055,manipulation,C08,pc_info,1,human,lost,retain,affirm,discontinuous,standard,1,1,Memory + transition,Memory continuity
catman_pilot_v1,P055,manipulation,C08,pc_func,7,human,lost,retain,affirm,discontinuous,standard,1,1,Memory + transition,Functional continuity
catman_pilot_v1,P055,manipulation,C08,pc_self,6,human,lost,retain,affirm,discontinuous,standard,1,1,Memory + transition,Self-continuity
catman_pilot_v1,P055,manipulation,C08,pc_tran,6,human,lost,retain,affirm,discontinuous,standard,1,1,Memory + transition,Transition continuity
catman_pilot_v1,P055,manipulation,C08,k_copy,6,human,lost,retain,affirm,discontinuous,standard,1,1,Memory + transition,Copy-likeness
catman_pilot_v1,P055,manipulation,C08,k_term,5,human,lost,retain,affirm,discontinuous,standard,1,1,Memory + transition,Termination
catman_pilot_v1,P055,manipulation,C03,pc_sub,7,human,lost,retain,affirm,continuous,standard,2,1,Memory,Body continuity
catman_pilot_v1,P055,manipulation,C03,pc_info,1,human,lost,retain,affirm,continuous,standard,2,1,Memory,Memory continuity
catman_pilot_v1,P055,manipulation,C03,pc_func,7,human,lost,retain,affirm,continuous,standard,2,1,Memory,Functional continuity
catman_pilot_v1,P055,manipulation,C03,pc_self,7,human,lost,retain,affirm,continuous,standard,2,1,Memory,Self-continuity
catman_pilot_v1,P055,manipulation,C03,pc_tran,2,human,lost,retain,affirm,continuous,standard,2,1,Memory,Transition continuity
catman_pilot_v1,P055,manipulation,C01,pc_sub,7,human,retain,retain,affirm,continuous,standard,3,1,Baseline,Body continuity
catman_pilot_v1,P055,manipulation,C01,pc_info,7,human,retain,retain,affirm,continuous,standard,3,1,Baseline,Memory continuity
catman_pilot_v1,P055,manipulation,C01,pc_func,7,human,retain,retain,affirm,continuous,standard,3,1,Baseline,Functional continuity
catman_pilot_v1,P055,manipulation,C01,pc_self,5,human,retain,retain,affirm,continuous,standard,3,1,Baseline,Self-continuity
catman_pilot_v1,P055,manipulation,C01,pc_tran,2,human,retain,retain,affirm,continuous,standard,3,1,Baseline,Transition continuity
catman_pilot_v1,P055,manipulation,C07,pc_sub,1,cat,retain,retain,affirm,discontinuous,standard,4,1,Body + transition,Body continuity
catman_pilot_v1,P055,manipulation,C07,pc_info,7,cat,retain,retain,affirm,discontinuous,standard,4,1,Body + transition,Memory continuity
catman_pilot_v1,P055,manipulation,C07,pc_func,7,cat,retain,retain,affirm,discontinuous,standard,4,1,Body + transition,Functional continuity
catman_pilot_v1,P055,manipulation,C07,pc_self,7,cat,retain,retain,affirm,discontinuous,standard,4,1,Body + transition,Self-continuity
catman_pilot_v1,P055,manipulation,C07,pc_tran,1,cat,retain,retain,affirm,discontinuous,standard,4,1,Body + transition,Transition continuity
catman_pilot_v1,P055,manipulation,C07,k_copy,6,cat,retain,retain,affirm,discontinuous,standard,4,1,Body + transition,Copy-likeness
catman_pilot_v1,P055,manipulation,C07,k_term,5,cat,retain,retain,affirm,discontinuous,standard,4,1,Body + transition,Termination
catman_pilot_v1,P055,manipulation,C05,pc_sub,7,human,retain,retain,uncertain,continuous,standard,5,1,Self-ID uncertain,Body continuity
catman_pilot_v1,P055,manipulation,C05,pc_info,7,human,retain,retain,uncertain,continuous,standard,5,1,Self-ID uncertain,Memory continuity
catman_pilot_v1,P055,manipulation,C05,pc_func,7,human,retain,retain,uncertain,continuous,standard,5,1,Self-ID uncertain,Functional continuity
catman_pilot_v1,P055,manipulation,C05,pc_self,1,human,retain,retain,uncertain,continuous,standard,5,1,Self-ID uncertain,Self-continuity
catman_pilot_v1,P055,manipulation,C05,pc_tran,2,human,retain,retain,uncertain,continuous,standard,5,1,Self-ID uncertain,Transition continuity
catman_pilot_v1,P055,manipulation,A09,pc_sub,7,human,retain,retain,deny,continuous,anchor,6,1,Self-denial anchor,Body continuity
catman_pilot_v1,P055,manipulation,A09,pc_info,7,human,retain,retain,deny,continuous,anchor,6,1,Self-denial anchor,Memory continuity
catman_pilot_v1,P055,manipulation,A09,pc_func,7,human,retain,retain,deny,continuous,anchor,6,1,Self-denial anchor,Functional continuity
catman_pilot_v1,P055,manipulation,A09,pc_self,7,human,retain,retain,deny,continuous,anchor,6,1,Self-denial anchor,Self-continuity
catman_pilot_v1,P055,manipulation,A09,pc_tran,1,human,retain,retain,deny,continuous,anchor,6,1,Self-denial anchor,Transition continuity
catman_pilot_v1,P055,manipulation,C06,pc_sub,7,human,retain,retain,affirm,discontinuous,standard,7,1,Transition,Body continuity
catman_pilot_v1,P055,manipulation,C06,pc_info,7,human,retain,retain,affirm,discontinuous,standard,7,1,Transition,Memory continuity
catman_pilot_v1,P055,manipulation,C06,pc_func,7,human,retain,retain,affirm,discontinuous,standard,7,1,Transition,Functional continuity
catman_pilot_v1,P055,manipulation,C06,pc_self,7,human,retain,retain,affirm,discontinuous,standard,7,1,Transition,Self-continuity
catman_pilot_v1,P055,manipulation,C06,pc_tran,3,human,retain,retain,affirm,discontinuous,standard,7,1,Transition,Transition continuity
catman_pilot_v1,P055,manipulation,C06,k_copy,7,human,retain,retain,affirm,discontinuous,standard,7,1,Transition,Copy-likeness
catman_pilot_v1,P055,manipulation,C06,k_term,6,human,retain,retain,affirm,discontinuous,standard,7,1,Transition,Termination
catman_pilot_v1,P055,manipulation,A10,k_copy,7,cat,retain,retain,affirm,parallel,anchor,8,1,Parallel anchor,Copy-likeness
catman_pilot_v1,P055,manipulation,A10,k_term,7,cat,retain,retain,affirm,parallel,anchor,8,1,Parallel anchor,Termination
catman_pilot_v1,P055,manipulation,A10,k_coex,6,cat,retain,retain,affirm,parallel,anchor,8,1,Parallel anchor,Coexistence
catman_pilot_v1,P055,manipulation,A10,pc_sub,1,cat,retain,retain,affirm,parallel,anchor,8,1,Parallel anchor,Body continuity
catman_pilot_v1,P055,manipulation,A10,pc_info,7,cat,retain,retain,affirm,parallel,anchor,8,1,Parallel anchor,Memory continuity
catman_pilot_v1,P055,manipulation,A10,pc_func,7,cat,retain,retain,affirm,parallel,anchor,8,1,Parallel anchor,Functional continuity
catman_pilot_v1,P055,manipulation,A10,pc_self,4,cat,retain,retain,affirm,parallel,anchor,8,1,Parallel anchor,Self-continuity
catman_pilot_v1,P055,manipulation,A10,pc_tran,1,cat,retain,retain,affirm,parallel,anchor,8,1,Parallel anchor,Transition continuity
catman_pilot_v1,P055,manipulation,C02,pc_sub,1,cat,retain,retain,affirm,continuous,standard,9,1,Body,Body continuity
catman_pilot_v1,P055,manipulation,C02,pc_info,7,cat,retain,retain,affirm,continuous,standard,9,1,Body,Memory continuity
catman_pilot_v1,P055,manipulation,C02,pc_func,7,cat,retain,retain,affirm,continuous,standard,9,1,Body,Functional continuity
catman_pilot_v1,P055,manipulation,C02,pc_self,7,cat,retain,retain,affirm,continuous,standard,9,1,Body,Self-continuity
catman_pilot_v1,P055,manipulation,C02,pc_tran,1,cat,retain,retain,affirm,continuous,standard,9,1,Body,Transition continuity
catman_pilot_v1,P055,manipulation,C04,pc_sub,7,human,retain,limited,affirm,continuous,standard,10,1,Function,Body continuity
catman_pilot_v1,P055,manipulation,C04,pc_info,7,human,retain,limited,affirm,continuous,standard,10,1,Function,Memory continuity
catman_pilot_v1,P055,manipulation,C04,pc_func,1,human,retain,limited,affirm,continuous,standard,10,1,Function,Functional continuity
catman_pilot_v1,P055,manipulation,C04,pc_self,7,human,retain,limited,affirm,continuous,standard,10,1,Function,Self-continuity
catman_pilot_v1,P055,manipulation,C04,pc_tran,4,human,retain,limited,affirm,continuous,standard,10,1,Function,Transition continuity
